date,temp_min,temp_max,temp_mean
1950-01-01,37.7,46.6,42.1
1950-01-02,44.1,50.4,46.7
1950-01-03,50.5,58.4,54.9
1950-01-04,25.2,50.3,36.4
1950-01-05,23.0,30.5,26.2
1950-01-06,23.4,28.6,25.9
1950-01-07,13.8,28.3,20.9
1950-01-08,-2.2,23.8,12.3
1950-01-09,24.7,42.5,36.1
1950-01-10,28.6,55.1,43.0
1950-01-11,19.5,28.2,23.8
1950-01-12,24.8,40.7,32.8
1950-01-13,37.2,59.7,48.8
1950-01-14,23.3,52.9,31.1
1950-01-15,21.9,50.3,33.9
1950-01-16,18.3,27.1,22.4
1950-01-17,17.1,38.4,27.3
1950-01-18,8.8,38.2,22.1
1950-01-19,7.2,25.0,15.5
1950-01-20,11.7,25.8,19.2
1950-01-21,21.9,37.8,29.5
1950-01-22,33.3,44.5,36.5
1950-01-23,29.3,36.0,32.9
1950-01-24,28.4,59.3,41.3
1950-01-25,59.8,65.0,62.3
1950-01-26,20.2,59.8,34.7
1950-01-27,13.3,27.0,19.8
1950-01-28,21.8,42.2,32.0
1950-01-29,22.4,43.5,36.3
1950-01-30,15.4,23.2,18.8
1950-01-31,17.6,28.6,22.2
1950-02-01,16.2,33.3,24.2
1950-02-02,18.1,33.0,25.6
1950-02-03,15.5,31.3,22.3
1950-02-04,21.0,37.0,27.8
1950-02-05,20.9,39.5,30.7
1950-02-06,31.0,42.5,37.0
1950-02-07,23.5,35.2,29.2
1950-02-08,23.0,37.2,29.9
1950-02-09,26.9,40.1,33.9
1950-02-10,25.0,39.0,32.7
1950-02-11,25.3,37.7,31.6
1950-02-12,23.1,35.6,27.8
1950-02-13,26.7,31.9,28.4
1950-02-14,32.5,42.7,36.5
1950-02-15,26.5,33.9,31.1
1950-02-16,21.4,29.0,25.3
1950-02-17,18.8,34.2,25.7
1950-02-18,23.2,40.8,30.8
1950-02-19,8.3,30.2,20.1
1950-02-20,-5.1,16.8,6.9
1950-02-21,14.8,26.6,21.5
1950-02-22,13.8,20.8,18.3
1950-02-23,10.4,29.6,19.3
1950-02-24,5.9,22.7,16.6
1950-02-25,-4.8,18.2,7.1
1950-02-26,2.7,20.6,10.1
1950-02-27,-3.0,25.1,12.6
1950-02-28,20.9,39.6,31.5
1950-03-01,9.3,29.1,19.0
1950-03-02,0.7,10.6,5.8
1950-03-03,-0.4,22.2,9.5
1950-03-04,2.7,36.3,22.3
1950-03-05,30.5,45.3,38.4
1950-03-06,11.4,28.4,21.6
1950-03-07,20.3,50.9,37.4
1950-03-08,13.7,47.1,31.3
1950-03-09,10.2,25.9,16.7
1950-03-10,12.6,35.7,23.6
1950-03-11,28.2,41.1,33.5
1950-03-12,14.7,30.2,23.0
1950-03-13,15.6,30.2,22.8
1950-03-14,10.3,30.9,21.6
1950-03-15,16.2,33.2,25.9
1950-03-16,10.7,28.5,20.7
1950-03-17,11.8,37.9,25.6
1950-03-18,10.0,28.7,20.0
1950-03-19,5.5,30.4,18.4
1950-03-20,23.9,38.2,30.8
1950-03-21,33.4,42.9,36.3
1950-03-22,34.2,45.0,38.5
1950-03-23,32.3,46.6,38.4
1950-03-24,27.3,50.5,36.5
1950-03-25,30.9,50.2,39.6
1950-03-26,32.7,39.4,35.8
1950-03-27,40.5,61.5,54.9
1950-03-28,36.6,48.0,43.8
1950-03-29,24.1,36.3,29.8
1950-03-30,22.2,40.7,31.1
1950-03-31,23.7,50.5,37.4
1950-04-01,35.0,42.1,39.7
1950-04-02,29.2,48.7,40.1
1950-04-03,48.0,61.2,52.5
1950-04-04,37.7,57.4,46.9
1950-04-05,26.0,37.6,33.9
1950-04-06,22.8,38.8,29.4
1950-04-07,23.4,47.1,35.6
1950-04-08,22.5,40.3,30.2
1950-04-09,22.5,38.0,29.9
1950-04-10,32.8,55.2,41.5
1950-04-11,36.5,59.2,43.8
1950-04-12,20.9,37.2,31.8
1950-04-13,19.0,29.9,24.2
1950-04-14,21.8,39.1,30.1
1950-04-15,26.1,49.5,37.2
1950-04-16,25.3,60.0,44.2
1950-04-17,47.9,65.1,54.9
1950-04-18,45.4,64.1,54.9
1950-04-19,42.4,54.8,50.0
1950-04-20,35.2,48.1,41.6
1950-04-21,27.4,48.3,38.7
1950-04-22,26.6,59.1,44.8
1950-04-23,42.2,62.9,52.4
1950-04-24,40.0,52.2,44.4
1950-04-25,41.2,58.7,48.9
1950-04-26,37.3,52.4,45.1
1950-04-27,33.5,46.2,39.2
1950-04-28,27.8,48.9,39.9
1950-04-29,35.9,50.5,42.3
1950-04-30,38.2,46.1,41.7
1950-05-01,42.1,56.5,47.7
1950-05-02,33.3,56.7,45.6
1950-05-03,39.0,70.0,54.3
1950-05-04,54.5,74.4,64.8
1950-05-05,52.1,82.1,67.5
1950-05-06,53.1,70.2,62.2
1950-05-07,40.8,60.2,51.0
1950-05-08,33.3,54.0,43.9
1950-05-09,42.5,72.8,57.9
1950-05-10,48.0,64.6,55.8
1950-05-11,39.7,58.6,49.9
1950-05-12,40.6,69.0,56.0
1950-05-13,52.2,67.7,59.8
1950-05-14,45.6,73.5,60.3
1950-05-15,53.1,70.6,60.8
1950-05-16,45.9,67.5,56.4
1950-05-17,47.8,67.7,57.5
1950-05-18,45.0,60.9,53.2
1950-05-19,44.6,68.6,56.4
1950-05-20,47.4,64.6,56.0
1950-05-21,46.5,69.3,59.1
1950-05-22,55.9,70.1,61.7
1950-05-23,51.8,74.8,62.3
1950-05-24,51.9,80.2,67.1
1950-05-25,61.2,81.4,70.6
1950-05-26,62.4,74.5,66.7
1950-05-27,51.3,67.0,59.4
1950-05-28,46.3,70.4,59.7
1950-05-29,49.5,73.7,62.4
1950-05-30,54.7,75.3,65.8
1950-05-31,56.3,71.0,65.4
1950-06-01,51.2,72.7,62.3
1950-06-02,56.3,76.2,64.5
1950-06-03,54.7,66.7,60.5
1950-06-04,46.0,69.4,58.5
1950-06-05,55.1,76.8,66.1
1950-06-06,60.8,80.0,69.8
1950-06-07,60.2,81.9,71.8
1950-06-08,61.4,83.6,73.5
1950-06-09,66.1,77.7,70.9
1950-06-10,59.4,74.3,67.8
1950-06-11,52.5,71.2,62.5
1950-06-12,57.2,75.5,66.6
1950-06-13,60.0,69.3,64.2
1950-06-14,61.3,78.9,70.5
1950-06-15,59.0,78.9,70.6
1950-06-16,62.5,86.2,73.4
1950-06-17,52.6,62.9,57.5
1950-06-18,47.8,53.9,51.9
1950-06-19,50.7,64.2,58.3
1950-06-20,51.8,73.4,63.1
1950-06-21,58.2,72.9,64.6
1950-06-22,61.8,81.5,71.6
1950-06-23,67.8,86.2,76.6
1950-06-24,71.1,82.6,75.3
1950-06-25,69.1,85.9,77.2
1950-06-26,67.3,85.4,76.3
1950-06-27,57.3,67.6,62.9
1950-06-28,53.9,75.8,65.6
1950-06-29,58.2,68.9,63.8
1950-06-30,54.4,70.1,61.9
1950-07-01,48.6,71.4,61.2
1950-07-02,61.6,77.2,68.4
1950-07-03,54.4,75.9,66.7
1950-07-04,64.1,79.3,70.9
1950-07-05,58.5,71.7,65.8
1950-07-06,55.4,71.2,63.8
1950-07-07,54.9,78.1,67.3
1950-07-08,54.4,80.1,68.7
1950-07-09,55.8,81.9,71.3
1950-07-10,61.0,80.3,71.3
1950-07-11,59.7,83.1,72.9
1950-07-12,66.3,86.2,76.7
1950-07-13,58.8,73.5,68.9
1950-07-14,50.2,71.4,61.9
1950-07-15,54.0,79.2,68.3
1950-07-16,65.8,84.3,73.5
1950-07-17,69.2,79.8,72.1
1950-07-18,60.6,77.1,69.0
1950-07-19,59.9,73.7,65.9
1950-07-20,59.5,66.5,62.8
1950-07-21,55.8,75.7,66.6
1950-07-22,56.6,77.5,68.1
1950-07-23,60.1,79.8,70.9
1950-07-24,65.0,74.9,69.6
1950-07-25,59.3,76.1,67.7
1950-07-26,58.8,78.2,69.3
1950-07-27,61.2,79.9,70.8
1950-07-28,63.6,81.1,72.2
1950-07-29,64.0,84.3,73.6
1950-07-30,67.4,83.8,75.5
1950-07-31,68.4,80.9,73.5
1950-08-01,68.1,80.9,73.4
1950-08-02,61.2,72.7,67.6
1950-08-03,58.5,69.6,63.5
1950-08-04,53.9,71.9,63.4
1950-08-05,56.7,77.2,66.8
1950-08-06,59.8,80.1,70.2
1950-08-07,56.9,80.4,69.7
1950-08-08,60.0,81.2,71.3
1950-08-09,62.3,79.6,71.4
1950-08-10,62.0,83.9,71.6
1950-08-11,58.8,73.1,65.6
1950-08-12,52.6,72.9,62.8
1950-08-13,51.7,74.5,64.2
1950-08-14,53.5,77.1,66.8
1950-08-15,59.2,82.2,71.4
1950-08-16,64.0,84.2,73.3
1950-08-17,68.7,89.2,76.2
1950-08-18,61.6,70.1,64.8
1950-08-19,59.4,75.6,67.0
1950-08-20,52.0,65.3,59.3
1950-08-21,44.6,70.5,59.2
1950-08-22,54.2,76.0,65.1
1950-08-23,59.7,79.8,69.6
1950-08-24,59.2,81.6,70.5
1950-08-25,62.6,81.9,71.9
1950-08-26,61.7,82.8,72.1
1950-08-27,68.3,82.9,74.8
1950-08-28,67.6,83.8,72.7
1950-08-29,65.8,76.5,70.3
1950-08-30,59.5,76.0,67.9
1950-08-31,65.3,75.8,69.4
1950-09-01,66.3,77.8,71.0
1950-09-02,59.7,73.7,66.3
1950-09-03,54.8,77.6,66.6
1950-09-04,53.8,66.1,59.6
1950-09-05,50.3,66.9,58.1
1950-09-06,46.0,71.1,58.8
1950-09-07,49.0,74.5,62.8
1950-09-08,59.7,78.1,67.8
1950-09-09,61.2,79.2,68.8
1950-09-10,63.6,76.1,68.1
1950-09-11,64.2,76.3,68.5
1950-09-12,64.1,71.5,66.7
1950-09-13,62.1,71.2,65.7
1950-09-14,60.3,63.7,61.8
1950-09-15,56.4,68.5,62.0
1950-09-16,52.3,66.2,59.0
1950-09-17,51.8,65.6,57.4
1950-09-18,49.3,74.3,62.3
1950-09-19,55.0,70.2,64.8
1950-09-20,51.8,70.8,60.5
1950-09-21,54.8,59.5,57.3
1950-09-22,54.0,69.6,61.0
1950-09-23,44.7,59.0,53.4
1950-09-24,38.6,54.5,46.8
1950-09-25,43.4,67.4,54.6
1950-09-26,47.6,70.5,58.3
1950-09-27,50.6,68.0,59.0
1950-09-28,56.3,73.4,63.7
1950-09-29,61.1,77.0,67.0
1950-09-30,54.5,77.5,66.5
1950-10-01,59.2,77.3,67.6
1950-10-02,60.1,77.1,68.7
1950-10-03,50.0,70.6,57.8
1950-10-04,43.2,53.2,48.5
1950-10-05,35.5,56.5,46.8
1950-10-06,41.5,63.0,53.0
1950-10-07,53.3,74.1,62.8
1950-10-08,55.8,60.3,58.0
1950-10-09,55.8,59.9,57.8
1950-10-10,54.6,58.3,56.4
1950-10-11,48.7,64.4,56.2
1950-10-12,49.0,56.8,53.1
1950-10-13,44.4,57.6,49.7
1950-10-14,44.2,57.3,49.2
1950-10-15,38.8,60.3,49.5
1950-10-16,46.0,66.0,55.0
1950-10-17,54.7,77.4,64.1
1950-10-18,54.3,77.5,65.0
1950-10-19,56.7,75.8,64.8
1950-10-20,45.2,59.0,52.3
1950-10-21,39.4,66.5,51.5
1950-10-22,43.1,62.1,52.2
1950-10-23,44.2,52.4,49.1
1950-10-24,42.0,55.0,48.8
1950-10-25,37.6,51.3,45.4
1950-10-26,32.2,52.2,42.5
1950-10-27,45.5,60.4,53.2
1950-10-28,50.4,68.4,58.3
1950-10-29,53.2,67.5,58.2
1950-10-30,52.2,73.3,60.9
1950-10-31,58.2,75.1,65.8
1950-11-01,64.1,76.4,69.1
1950-11-02,42.5,66.7,49.8
1950-11-03,39.1,44.2,42.0
1950-11-04,34.4,38.8,35.8
1950-11-05,29.1,42.9,36.3
1950-11-06,38.9,57.1,46.4
1950-11-07,37.5,52.9,44.1
1950-11-08,41.9,51.8,45.9
1950-11-09,35.9,55.2,42.3
1950-11-10,28.8,38.1,33.4
1950-11-11,25.0,31.5,28.0
1950-11-12,20.8,34.1,27.2
1950-11-13,26.9,35.9,30.2
1950-11-14,26.4,46.2,35.6
1950-11-15,43.0,55.0,49.7
1950-11-16,39.0,57.4,49.1
1950-11-17,33.1,44.4,38.3
1950-11-18,33.0,46.8,39.0
1950-11-19,41.1,48.8,45.8
1950-11-20,29.9,47.1,36.3
1950-11-21,26.5,31.2,29.0
1950-11-22,24.2,36.0,29.6
1950-11-23,19.6,41.0,30.1
1950-11-24,7.6,18.2,12.3
1950-11-25,9.6,35.2,20.2
1950-11-26,10.0,34.8,19.8
1950-11-27,-2.0,28.7,14.4
1950-11-28,20.9,32.5,25.8
1950-11-29,20.6,33.1,28.3
1950-11-30,23.2,30.1,27.7
1950-12-01,17.4,29.5,23.7
1950-12-02,29.2,51.7,42.9
1950-12-03,29.6,51.6,40.1
1950-12-04,24.6,30.6,28.3
1950-12-05,22.7,33.8,28.2
1950-12-06,29.9,36.0,33.4
1950-12-07,16.7,42.1,31.7
1950-12-08,14.9,27.8,21.2
1950-12-09,17.9,31.3,24.1
1950-12-10,21.3,32.6,25.8
1950-12-11,18.5,31.8,24.6
1950-12-12,23.5,31.8,26.3
1950-12-13,21.7,30.3,25.3
1950-12-14,16.2,27.0,22.4
1950-12-15,19.0,28.0,22.5
1950-12-16,14.8,22.1,18.6
1950-12-17,4.5,23.1,15.5
1950-12-18,-0.3,22.9,9.5
1950-12-19,5.1,21.3,12.7
1950-12-20,5.8,27.3,15.9
1950-12-21,15.1,27.8,21.6
1950-12-22,22.6,32.2,29.0
1950-12-23,21.2,35.0,28.4
1950-12-24,15.3,35.0,26.9
1950-12-25,7.1,15.5,12.5
1950-12-26,-6.8,12.7,7.5
1950-12-27,-12.1,14.8,1.0
1950-12-28,1.0,18.4,7.1
1950-12-29,-1.0,30.3,12.5
1950-12-30,4.3,30.1,17.1
1950-12-31,14.5,29.8,20.1
1951-01-01,14.7,36.9,26.5
1951-01-02,35.8,44.0,38.6
1951-01-03,41.7,49.8,45.9
1951-01-04,26.3,40.5,31.1
1951-01-05,26.5,35.7,30.5
1951-01-06,21.7,31.5,28.8
1951-01-07,15.3,21.5,18.1
1951-01-08,10.6,20.8,15.8
1951-01-09,15.7,36.2,24.8
1951-01-10,29.3,41.7,33.6
1951-01-11,25.5,36.4,29.8
1951-01-12,22.5,33.7,27.5
1951-01-13,20.5,30.6,25.6
1951-01-14,28.3,32.8,30.5
1951-01-15,27.4,32.6,29.2
1951-01-16,21.8,32.2,26.6
1951-01-17,30.7,42.4,36.4
1951-01-18,26.8,48.2,39.0
1951-01-19,32.8,46.3,40.7
1951-01-20,26.6,55.1,48.2
1951-01-21,15.7,23.6,19.4
1951-01-22,12.1,28.3,20.0
1951-01-23,28.7,33.6,31.9
1951-01-24,16.1,32.2,20.6
1951-01-25,18.0,28.4,21.5
1951-01-26,17.3,25.4,20.8
1951-01-27,14.7,26.2,21.5
1951-01-28,10.9,20.7,16.1
1951-01-29,0.5,15.4,10.9
1951-01-30,-12.1,6.2,-1.7
1951-01-31,3.6,15.4,9.4
1951-02-01,7.1,14.8,10.7
1951-02-02,-5.7,5.1,-1.7
1951-02-03,-4.8,11.0,2.4
1951-02-04,5.7,25.1,15.6
1951-02-05,20.7,29.8,24.0
1951-02-06,21.6,34.6,29.0
1951-02-07,-0.3,33.2,14.4
1951-02-08,-6.3,9.0,1.1
1951-02-09,-16.5,10.0,-2.3
1951-02-10,-11.9,28.8,6.7
1951-02-11,30.3,40.9,36.5
1951-02-12,35.2,41.5,39.2
1951-02-13,16.8,34.5,25.0
1951-02-14,4.9,23.4,15.0
1951-02-15,1.0,27.7,13.0
1951-02-16,16.2,38.8,29.0
1951-02-17,29.9,37.0,33.8
1951-02-18,27.4,41.3,34.3
1951-02-19,35.8,50.4,41.8
1951-02-20,31.2,40.5,35.3
1951-02-21,32.6,41.4,35.9
1951-02-22,26.6,42.7,33.7
1951-02-23,25.4,42.5,32.3
1951-02-24,24.6,48.6,34.5
1951-02-25,30.3,47.4,39.2
1951-02-26,40.8,57.1,47.1
1951-02-27,24.4,42.9,35.4
1951-02-28,22.6,33.3,28.0
1951-03-01,30.4,41.5,35.8
1951-03-02,25.6,38.5,31.1
1951-03-03,30.2,61.5,43.5
1951-03-04,27.1,42.8,33.0
1951-03-05,25.3,47.7,35.5
1951-03-06,33.4,65.7,48.8
1951-03-07,38.1,53.4,44.9
1951-03-08,28.2,42.3,35.6
1951-03-09,22.5,32.5,26.7
1951-03-10,21.2,36.0,27.0
1951-03-11,23.3,40.0,28.5
1951-03-12,24.4,45.0,34.0
1951-03-13,33.9,38.6,35.5
1951-03-14,32.6,39.4,34.9
1951-03-15,30.2,38.0,33.8
1951-03-16,26.3,37.1,30.6
1951-03-17,20.7,43.1,31.6
1951-03-18,26.8,39.3,33.8
1951-03-19,22.8,34.2,27.8
1951-03-20,17.6,31.8,23.8
1951-03-21,17.2,25.9,21.3
1951-03-22,10.2,37.7,25.0
1951-03-23,35.2,51.0,41.0
1951-03-24,24.7,36.6,29.0
1951-03-25,22.5,35.9,28.3
1951-03-26,19.0,40.8,29.6
1951-03-27,29.5,57.9,42.8
1951-03-28,43.2,47.9,45.6
1951-03-29,47.0,66.8,54.4
1951-03-30,37.9,54.5,46.8
1951-03-31,32.4,40.2,36.5
1951-04-01,31.4,42.9,35.7
1951-04-02,31.3,44.9,36.9
1951-04-03,30.3,39.9,34.9
1951-04-04,31.9,48.0,38.9
1951-04-05,31.1,58.0,43.8
1951-04-06,32.6,59.3,46.5
1951-04-07,41.6,63.1,51.4
1951-04-08,38.4,49.4,45.1
1951-04-09,33.6,51.8,41.1
1951-04-10,32.3,51.7,42.3
1951-04-11,32.0,57.5,45.6
1951-04-12,38.0,50.6,44.4
1951-04-13,35.2,48.7,39.3
1951-04-14,35.1,51.7,42.3
1951-04-15,35.6,45.1,40.8
1951-04-16,30.5,41.9,35.9
1951-04-17,28.8,41.6,35.2
1951-04-18,28.0,51.4,40.4
1951-04-19,32.9,47.1,39.5
1951-04-20,26.1,51.1,39.6
1951-04-21,34.7,53.8,44.4
1951-04-22,38.0,55.6,49.6
1951-04-23,32.5,54.2,42.9
1951-04-24,40.5,52.6,45.9
1951-04-25,41.5,67.6,51.8
1951-04-26,41.7,59.2,48.4
1951-04-27,33.0,62.1,48.7
1951-04-28,48.2,78.0,64.1
1951-04-29,55.1,71.7,64.2
1951-04-30,47.5,63.6,55.5
1951-05-01,47.3,73.2,59.8
1951-05-02,49.2,78.7,64.4
1951-05-03,49.5,68.3,58.5
1951-05-04,46.8,61.2,52.6
1951-05-05,40.3,58.6,50.0
1951-05-06,42.1,57.9,50.3
1951-05-07,40.2,64.4,52.6
1951-05-08,50.8,71.9,60.7
1951-05-09,48.6,69.4,59.6
1951-05-10,43.0,47.6,44.7
1951-05-11,42.1,48.7,45.3
1951-05-12,40.5,66.9,53.4
1951-05-13,39.4,60.6,49.9
1951-05-14,39.5,72.9,57.4
1951-05-15,54.2,79.7,67.4
1951-05-16,58.9,82.2,70.2
1951-05-17,53.2,64.8,58.9
1951-05-18,52.0,73.2,62.4
1951-05-19,56.3,74.9,65.6
1951-05-20,60.6,79.4,68.5
1951-05-21,59.8,77.0,68.1
1951-05-22,54.3,69.3,61.1
1951-05-23,48.0,63.9,55.6
1951-05-24,47.3,74.8,61.4
1951-05-25,56.1,76.7,66.7
1951-05-26,55.2,71.6,62.0
1951-05-27,51.9,58.7,55.0
1951-05-28,50.6,64.6,56.9
1951-05-29,49.7,70.1,60.6
1951-05-30,53.2,77.8,65.5
1951-05-31,57.3,78.8,69.1
1951-06-01,62.9,85.2,73.7
1951-06-02,64.0,80.0,71.8
1951-06-03,65.8,79.5,71.3
1951-06-04,56.0,66.2,61.8
1951-06-05,49.7,66.8,57.4
1951-06-06,45.9,69.3,59.0
1951-06-07,50.5,69.7,61.1
1951-06-08,57.2,69.2,63.1
1951-06-09,61.5,71.4,66.2
1951-06-10,57.8,72.4,65.4
1951-06-11,50.6,73.1,62.9
1951-06-12,54.5,74.1,65.6
1951-06-13,58.5,73.1,65.6
1951-06-14,56.3,73.2,64.3
1951-06-15,48.6,75.9,64.2
1951-06-16,54.0,77.0,66.8
1951-06-17,60.4,81.2,71.5
1951-06-18,60.3,82.8,73.3
1951-06-19,66.2,82.3,74.6
1951-06-20,65.8,80.9,71.8
1951-06-21,58.7,75.3,67.3
1951-06-22,60.6,75.2,66.1
1951-06-23,59.4,77.4,68.3
1951-06-24,63.1,83.8,72.6
1951-06-25,62.1,76.1,68.2
1951-06-26,58.1,79.7,69.1
1951-06-27,65.0,81.9,71.9
1951-06-28,60.4,82.2,71.5
1951-06-29,54.3,76.9,66.6
1951-06-30,60.2,73.7,67.4
1951-07-01,57.6,72.3,66.1
1951-07-02,55.6,76.2,66.8
1951-07-03,57.5,78.8,69.9
1951-07-04,62.8,78.0,70.6
1951-07-05,58.2,72.5,64.6
1951-07-06,55.6,81.1,68.8
1951-07-07,59.0,81.3,71.8
1951-07-08,67.7,85.2,75.8
1951-07-09,68.4,78.1,73.5
1951-07-10,66.2,85.1,75.4
1951-07-11,64.8,77.5,69.7
1951-07-12,60.1,74.3,66.0
1951-07-13,57.6,76.3,67.8
1951-07-14,57.5,80.2,70.5
1951-07-15,62.7,84.2,74.0
1951-07-16,64.4,83.7,74.6
1951-07-17,64.3,75.8,70.9
1951-07-18,64.1,81.2,71.5
1951-07-19,62.7,73.1,67.8
1951-07-20,54.9,75.5,66.0
1951-07-21,62.2,82.6,72.4
1951-07-22,71.2,81.7,76.1
1951-07-23,63.8,77.4,71.2
1951-07-24,61.5,80.9,71.9
1951-07-25,63.6,86.3,75.4
1951-07-26,67.6,87.3,77.6
1951-07-27,67.9,80.4,72.9
1951-07-28,66.7,78.3,71.9
1951-07-29,60.4,83.1,72.1
1951-07-30,61.9,86.2,74.9
1951-07-31,68.0,81.4,75.4
1951-08-01,63.2,77.7,70.3
1951-08-02,57.9,81.1,70.5
1951-08-03,58.9,74.7,68.6
1951-08-04,52.9,71.6,62.5
1951-08-05,52.2,71.5,62.4
1951-08-06,58.7,64.8,62.0
1951-08-07,62.2,74.8,68.1
1951-08-08,60.8,82.0,72.2
1951-08-09,63.7,78.8,71.3
1951-08-10,59.5,79.1,69.6
1951-08-11,58.8,79.6,70.0
1951-08-12,60.6,81.0,71.3
1951-08-13,63.4,82.8,72.6
1951-08-14,63.0,81.0,71.6
1951-08-15,64.2,73.4,68.8
1951-08-16,63.0,72.8,68.2
1951-08-17,55.7,72.4,64.0
1951-08-18,58.5,73.2,65.7
1951-08-19,57.7,74.9,66.8
1951-08-20,58.6,77.0,68.1
1951-08-21,63.0,73.0,67.8
1951-08-22,58.0,69.7,63.2
1951-08-23,50.8,71.1,61.0
1951-08-24,47.3,73.3,61.0
1951-08-25,50.6,75.3,63.4
1951-08-26,58.5,70.4,63.7
1951-08-27,62.2,76.3,69.1
1951-08-28,63.9,81.9,72.8
1951-08-29,62.9,85.6,74.9
1951-08-30,67.9,84.2,76.9
1951-08-31,71.2,91.2,81.1
1951-09-01,61.0,69.7,63.8
1951-09-02,58.2,74.4,65.9
1951-09-03,58.6,72.9,65.1
1951-09-04,54.0,73.6,63.7
1951-09-05,53.5,73.8,64.3
1951-09-06,59.8,72.2,65.3
1951-09-07,50.7,61.9,57.4
1951-09-08,44.9,68.4,57.0
1951-09-09,48.0,73.8,61.3
1951-09-10,60.5,67.6,63.4
1951-09-11,59.1,81.1,69.5
1951-09-12,63.4,83.4,73.4
1951-09-13,56.3,76.4,65.2
1951-09-14,53.2,72.2,62.2
1951-09-15,52.7,67.6,60.2
1951-09-16,49.4,62.5,56.7
1951-09-17,46.6,68.2,57.4
1951-09-18,48.4,70.4,59.9
1951-09-19,53.5,75.5,63.8
1951-09-20,55.0,77.5,67.0
1951-09-21,64.0,81.0,72.3
1951-09-22,55.3,71.0,63.4
1951-09-23,48.7,67.2,58.0
1951-09-24,53.4,69.1,60.9
1951-09-25,54.3,64.3,58.5
1951-09-26,50.8,70.0,60.5
1951-09-27,50.9,65.8,56.7
1951-09-28,44.2,52.7,48.3
1951-09-29,36.7,55.9,46.3
1951-09-30,45.7,57.4,52.0
1951-10-01,55.0,73.6,63.0
1951-10-02,61.9,79.4,69.0
1951-10-03,61.3,82.1,70.7
1951-10-04,63.6,83.4,72.9
1951-10-05,62.2,81.5,71.0
1951-10-06,52.1,61.2,56.2
1951-10-07,42.0,51.1,47.3
1951-10-08,40.5,50.4,45.5
1951-10-09,40.0,55.3,46.8
1951-10-10,37.0,54.2,46.0
1951-10-11,34.2,57.2,46.5
1951-10-12,41.2,62.4,51.1
1951-10-13,41.1,61.0,50.5
1951-10-14,44.7,67.9,55.8
1951-10-15,52.4,69.9,59.7
1951-10-16,51.3,72.5,60.6
1951-10-17,50.3,73.5,61.0
1951-10-18,49.9,72.7,61.3
1951-10-19,43.8,60.6,48.0
1951-10-20,38.9,53.2,45.5
1951-10-21,43.2,70.2,56.0
1951-10-22,58.5,70.7,63.3
1951-10-23,50.4,57.0,51.8
1951-10-24,44.2,59.6,49.6
1951-10-25,40.4,59.7,49.2
1951-10-26,43.3,61.0,51.3
1951-10-27,33.1,51.3,43.3
1951-10-28,31.4,47.5,39.8
1951-10-29,28.9,50.3,40.5
1951-10-30,43.3,57.4,49.3
1951-10-31,36.7,55.2,42.3
1951-11-01,33.5,42.0,37.6
1951-11-02,25.3,35.5,30.9
1951-11-03,18.9,26.9,23.6
1951-11-04,21.7,33.8,26.0
1951-11-05,19.0,31.2,23.7
1951-11-06,21.8,33.6,28.3
1951-11-07,29.1,37.7,33.1
1951-11-08,19.5,34.5,28.2
1951-11-09,17.1,37.9,27.9
1951-11-10,29.6,42.6,35.2
1951-11-11,27.0,40.0,33.9
1951-11-12,34.0,49.9,42.2
1951-11-13,50.3,58.3,54.2
1951-11-14,46.2,58.4,50.1
1951-11-15,34.8,46.2,42.0
1951-11-16,30.8,38.6,34.7
1951-11-17,26.9,34.2,29.8
1951-11-18,23.3,30.6,26.2
1951-11-19,19.0,30.1,23.6
1951-11-20,18.3,30.9,23.9
1951-11-21,23.6,42.8,32.4
1951-11-22,41.4,51.0,46.5
1951-11-23,32.1,46.9,35.4
1951-11-24,21.6,31.4,26.8
1951-11-25,18.3,32.8,27.0
1951-11-26,24.7,36.4,31.3
1951-11-27,20.7,30.6,25.1
1951-11-28,25.5,40.5,31.3
1951-11-29,25.4,44.3,34.1
1951-11-30,33.3,50.9,40.2
1951-12-01,34.2,52.2,41.3
1951-12-02,35.7,53.3,42.9
1951-12-03,40.3,57.9,49.1
1951-12-04,36.6,54.2,47.4
1951-12-05,29.1,43.2,37.1
1951-12-06,33.1,59.0,45.0
1951-12-07,44.1,60.2,54.4
1951-12-08,35.6,42.8,39.7
1951-12-09,32.9,38.3,35.9
1951-12-10,29.2,34.4,31.2
1951-12-11,26.7,34.7,30.2
1951-12-12,18.8,28.2,23.9
1951-12-13,14.5,23.5,18.4
1951-12-14,16.3,20.9,19.0
1951-12-15,3.6,20.0,14.2
1951-12-16,-4.4,7.4,1.3
1951-12-17,-6.2,16.7,3.2
1951-12-18,7.7,26.1,19.8
1951-12-19,-4.6,16.4,6.1
1951-12-20,17.9,32.8,27.3
1951-12-21,5.3,33.8,23.6
1951-12-22,1.1,10.9,4.7
1951-12-23,1.0,31.0,15.6
1951-12-24,13.9,20.3,16.6
1951-12-25,15.1,25.1,21.1
1951-12-26,11.1,26.1,19.7
1951-12-27,7.6,21.3,15.3
1951-12-28,11.8,27.9,20.1
1951-12-29,25.3,39.5,32.7
1951-12-30,29.8,37.8,33.6
1951-12-31,30.4,51.2,39.9
1952-01-01,22.6,51.0,35.8
1952-01-02,19.9,29.6,24.0
1952-01-03,16.3,27.1,20.8
1952-01-04,11.3,28.9,21.3
1952-01-05,21.3,33.3,27.5
1952-01-06,19.7,27.6,25.3
1952-01-07,15.7,27.2,20.6
1952-01-08,13.7,32.5,25.8
1952-01-09,29.3,33.9,31.3
1952-01-10,11.9,29.1,25.0
1952-01-11,3.5,31.3,18.7
1952-01-12,21.6,34.9,27.8
1952-01-13,12.7,37.6,27.8
1952-01-14,33.4,51.5,37.9
1952-01-15,29.9,52.1,39.9
1952-01-16,26.3,36.7,30.4
1952-01-17,34.2,55.8,45.7
1952-01-18,24.9,35.7,29.6
1952-01-19,23.6,51.3,33.9
1952-01-20,18.2,45.6,29.7
1952-01-21,17.0,26.6,21.0
1952-01-22,21.1,38.7,30.6
1952-01-23,15.0,21.4,18.8
1952-01-24,11.9,19.7,15.5
1952-01-25,17.6,38.0,29.6
1952-01-26,30.7,41.0,36.3
1952-01-27,26.1,34.7,30.4
1952-01-28,8.3,24.9,15.4
1952-01-29,-1.0,14.5,6.4
1952-01-30,6.0,24.1,14.7
1952-01-31,20.4,42.6,30.4
1952-02-01,35.9,48.3,42.9
1952-02-02,26.3,42.1,33.1
1952-02-03,29.0,39.9,35.1
1952-02-04,31.5,38.5,34.7
1952-02-05,27.5,36.0,30.9
1952-02-06,20.8,28.9,27.0
1952-02-07,9.3,30.6,21.9
1952-02-08,22.5,33.5,27.6
1952-02-09,17.9,34.0,26.2
1952-02-10,10.1,45.9,30.3
1952-02-11,22.6,36.2,28.3
1952-02-12,21.4,41.3,29.2
1952-02-13,14.0,25.2,20.5
1952-02-14,8.4,25.0,15.5
1952-02-15,12.1,31.6,20.3
1952-02-16,18.7,36.6,26.5
1952-02-17,20.0,37.0,27.2
1952-02-18,22.9,35.9,28.1
1952-02-19,22.5,30.1,25.7
1952-02-20,23.5,36.8,28.5
1952-02-21,21.5,27.7,24.1
1952-02-22,20.8,33.3,26.3
1952-02-23,21.1,34.2,26.5
1952-02-24,23.2,37.8,29.6
1952-02-25,18.5,36.3,26.5
1952-02-26,23.5,41.0,30.5
1952-02-27,22.1,38.9,29.1
1952-02-28,22.5,33.7,29.2
1952-02-29,19.6,35.8,27.1
1952-03-01,20.7,36.7,26.4
1952-03-02,17.6,27.0,22.4
1952-03-03,25.9,37.0,31.1
1952-03-04,18.8,45.3,34.0
1952-03-05,14.9,31.7,22.5
1952-03-06,17.5,32.4,23.4
1952-03-07,16.3,34.3,23.8
1952-03-08,19.8,38.4,27.9
1952-03-09,25.9,39.5,31.8
1952-03-10,33.4,49.2,40.7
1952-03-11,30.3,42.8,38.1
1952-03-12,23.8,41.2,31.9
1952-03-13,24.9,36.3,31.1
1952-03-14,21.9,35.7,27.0
1952-03-15,20.9,37.7,27.6
1952-03-16,19.7,36.7,26.6
1952-03-17,22.0,44.5,31.3
1952-03-18,26.4,41.7,34.5
1952-03-19,39.1,45.8,42.2
1952-03-20,33.7,57.4,44.6
1952-03-21,34.3,53.8,43.4
1952-03-22,31.6,37.6,34.7
1952-03-23,29.6,38.8,32.6
1952-03-24,25.5,40.5,31.3
1952-03-25,24.4,46.5,34.6
1952-03-26,24.6,38.4,32.1
1952-03-27,23.0,39.9,31.6
1952-03-28,24.6,41.6,33.6
1952-03-29,27.9,47.3,37.2
1952-03-30,28.9,62.4,44.9
1952-03-31,48.1,60.5,54.4
1952-04-01,43.3,55.5,52.3
1952-04-02,37.2,46.0,41.2
1952-04-03,33.2,43.6,38.0
1952-04-04,29.0,38.6,33.9
1952-04-05,33.3,36.5,35.1
1952-04-06,29.1,33.9,32.2
1952-04-07,23.3,43.3,33.0
1952-04-08,26.2,47.9,37.3
1952-04-09,33.5,60.2,46.3
1952-04-10,31.0,52.7,44.2
1952-04-11,24.4,41.2,32.7
1952-04-12,29.8,38.6,34.7
1952-04-13,38.8,63.5,51.5
1952-04-14,34.3,44.5,37.3
1952-04-15,34.2,50.1,40.4
1952-04-16,32.3,64.5,48.2
1952-04-17,42.7,67.9,54.8
1952-04-18,47.1,69.5,57.6
1952-04-19,51.3,71.2,61.0
1952-04-20,54.1,75.5,64.2
1952-04-21,48.7,76.6,63.7
1952-04-22,57.8,70.2,63.2
1952-04-23,42.5,55.9,47.3
1952-04-24,38.9,57.7,48.1
1952-04-25,40.5,64.8,52.5
1952-04-26,38.3,66.1,52.5
1952-04-27,38.9,70.8,56.7
1952-04-28,48.5,69.6,59.2
1952-04-29,44.6,75.1,60.6
1952-04-30,49.1,74.2,61.2
1952-05-01,45.6,76.7,60.9
1952-05-02,43.8,62.4,52.6
1952-05-03,37.2,66.9,54.1
1952-05-04,47.1,74.2,60.4
1952-05-05,52.9,84.5,68.3
1952-05-06,48.3,68.0,60.9
1952-05-07,40.5,58.7,50.3
1952-05-08,45.8,59.5,51.2
1952-05-09,43.2,62.1,51.7
1952-05-10,48.6,59.6,53.2
1952-05-11,45.4,58.9,51.7
1952-05-12,41.4,52.7,45.9
1952-05-13,43.2,63.2,52.0
1952-05-14,50.4,67.0,57.8
1952-05-15,50.1,64.0,57.4
1952-05-16,40.0,59.9,51.4
1952-05-17,43.2,57.3,49.7
1952-05-18,41.1,63.8,52.7
1952-05-19,44.2,63.7,54.4
1952-05-20,51.2,55.3,52.9
1952-05-21,50.2,66.4,57.9
1952-05-22,49.7,67.8,58.6
1952-05-23,53.7,70.2,60.2
1952-05-24,57.0,64.4,61.5
1952-05-25,57.3,69.5,62.9
1952-05-26,51.3,72.8,62.3
1952-05-27,50.9,75.7,64.9
1952-05-28,53.2,66.7,61.6
1952-05-29,46.4,62.5,54.0
1952-05-30,43.5,64.9,56.5
1952-05-31,48.1,75.7,63.4
1952-06-01,52.8,71.0,61.7
1952-06-02,47.7,74.9,63.3
1952-06-03,60.2,76.0,67.3
1952-06-04,53.9,68.0,61.3
1952-06-05,51.3,71.7,63.0
1952-06-06,63.9,86.3,75.3
1952-06-07,61.4,80.0,71.3
1952-06-08,61.6,87.6,74.9
1952-06-09,64.2,78.2,71.0
1952-06-10,59.4,77.3,68.1
1952-06-11,52.6,72.1,62.5
1952-06-12,57.4,73.9,63.7
1952-06-13,53.7,81.4,70.0
1952-06-14,69.0,85.0,75.8
1952-06-15,68.4,87.8,78.4
1952-06-16,70.3,92.8,81.9
1952-06-17,70.7,82.8,76.4
1952-06-18,64.0,87.2,75.6
1952-06-19,62.9,75.2,70.3
1952-06-20,51.7,68.4,60.3
1952-06-21,57.0,70.3,63.5
1952-06-22,61.0,76.8,69.0
1952-06-23,60.3,82.9,73.3
1952-06-24,71.4,90.9,81.1
1952-06-25,74.7,91.8,83.2
1952-06-26,74.0,91.3,82.6
1952-06-27,65.8,84.0,75.0
1952-06-28,64.8,85.0,73.7
1952-06-29,73.4,88.7,81.5
1952-06-30,68.5,81.3,73.8
1952-07-01,66.9,81.5,73.6
1952-07-02,68.0,89.4,79.0
1952-07-03,71.4,84.5,76.3
1952-07-04,64.1,82.8,73.7
1952-07-05,62.5,83.8,73.7
1952-07-06,62.4,84.7,74.7
1952-07-07,64.8,88.3,77.8
1952-07-08,61.2,86.2,72.5
1952-07-09,58.5,74.5,65.5
1952-07-10,54.6,81.6,69.5
1952-07-11,63.6,85.7,75.2
1952-07-12,70.7,92.4,80.7
1952-07-13,69.4,90.7,80.8
1952-07-14,71.1,87.5,79.1
1952-07-15,70.1,79.2,74.2
1952-07-16,64.0,80.0,72.4
1952-07-17,69.1,86.9,77.3
1952-07-18,73.6,88.1,77.8
1952-07-19,71.5,87.7,78.6
1952-07-20,72.2,90.9,80.9
1952-07-21,77.2,91.7,82.6
1952-07-22,71.2,93.0,81.6
1952-07-23,67.8,84.7,78.2
1952-07-24,61.2,78.1,69.3
1952-07-25,58.5,85.0,72.4
1952-07-26,70.5,87.4,78.8
1952-07-27,65.7,89.8,78.9
1952-07-28,69.6,88.2,75.7
1952-07-29,56.3,73.2,65.5
1952-07-30,58.4,79.3,68.8
1952-07-31,55.8,73.9,65.4
1952-08-01,53.4,80.2,67.9
1952-08-02,59.5,84.3,72.7
1952-08-03,63.0,81.9,73.1
1952-08-04,68.3,80.5,74.2
1952-08-05,62.2,75.1,69.6
1952-08-06,63.9,76.4,69.7
1952-08-07,59.9,81.8,71.0
1952-08-08,60.2,85.7,74.0
1952-08-09,68.7,81.8,73.3
1952-08-10,65.9,80.1,71.5
1952-08-11,56.3,78.6,66.9
1952-08-12,60.4,75.4,67.3
1952-08-13,55.7,79.4,68.3
1952-08-14,61.2,84.2,72.8
1952-08-15,67.6,77.9,72.1
1952-08-16,69.3,82.5,74.1
1952-08-17,62.7,80.7,71.7
1952-08-18,63.9,78.4,70.5
1952-08-19,59.1,80.2,70.1
1952-08-20,57.7,78.2,70.1
1952-08-21,66.5,81.1,72.9
1952-08-22,56.7,67.8,62.0
1952-08-23,49.5,71.6,61.7
1952-08-24,50.5,75.4,64.3
1952-08-25,53.8,81.2,68.4
1952-08-26,59.8,83.8,71.6
1952-08-27,62.5,86.4,74.5
1952-08-28,65.7,87.0,76.3
1952-08-29,62.2,86.9,75.1
1952-08-30,68.1,84.5,75.6
1952-08-31,70.2,77.4,73.5
1952-09-01,66.7,85.3,75.5
1952-09-02,59.9,70.9,64.2
1952-09-03,53.8,64.8,59.2
1952-09-04,50.7,75.2,62.7
1952-09-05,52.5,78.1,66.0
1952-09-06,58.0,72.6,64.7
1952-09-07,52.2,67.6,59.1
1952-09-08,48.6,73.8,60.9
1952-09-09,53.2,83.2,68.1
1952-09-10,58.5,87.7,72.8
1952-09-11,61.2,88.7,74.1
1952-09-12,61.6,90.0,74.9
1952-09-13,65.7,90.6,77.3
1952-09-14,69.0,78.0,73.2
1952-09-15,59.7,73.2,66.4
1952-09-16,54.4,70.9,62.5
1952-09-17,49.0,77.4,63.7
1952-09-18,58.8,71.9,63.9
1952-09-19,50.6,64.0,57.9
1952-09-20,49.7,62.2,56.1
1952-09-21,48.5,62.8,55.1
1952-09-22,43.8,63.8,53.2
1952-09-23,47.0,61.6,53.8
1952-09-24,43.4,63.4,54.1
1952-09-25,51.0,71.2,60.4
1952-09-26,47.7,63.0,58.5
1952-09-27,42.4,70.5,56.0
1952-09-28,51.0,78.3,64.1
1952-09-29,59.8,78.8,68.5
1952-09-30,49.4,72.3,60.8
1952-10-01,57.7,78.9,67.6
1952-10-02,46.6,59.0,53.6
1952-10-03,37.4,55.5,46.4
1952-10-04,46.1,65.8,54.9
1952-10-05,42.3,53.4,48.5
1952-10-06,33.1,49.5,42.1
1952-10-07,30.1,50.7,41.2
1952-10-08,33.1,56.2,44.6
1952-10-09,37.5,57.2,46.6
1952-10-10,38.1,54.6,45.1
1952-10-11,34.0,61.3,47.2
1952-10-12,44.0,69.1,56.0
1952-10-13,48.4,68.0,58.8
1952-10-14,44.7,60.1,52.3
1952-10-15,39.9,52.6,45.8
1952-10-16,38.7,49.7,43.7
1952-10-17,35.0,44.8,39.7
1952-10-18,25.8,50.7,39.8
1952-10-19,32.0,49.4,42.9
1952-10-20,26.5,39.7,32.3
1952-10-21,25.2,46.9,35.3
1952-10-22,33.6,57.2,44.6
1952-10-23,40.9,62.1,50.7
1952-10-24,43.3,64.7,52.3
1952-10-25,38.2,52.4,44.7
1952-10-26,37.4,68.7,51.3
1952-10-27,44.2,64.8,53.3
1952-10-28,33.3,43.6,38.6
1952-10-29,28.6,43.7,35.8
1952-10-30,35.9,57.4,46.1
1952-10-31,47.8,63.7,54.1
1952-11-01,43.7,66.2,53.1
1952-11-02,47.9,68.3,56.9
1952-11-03,36.3,46.8,42.8
1952-11-04,31.5,52.3,41.1
1952-11-05,38.6,59.1,47.4
1952-11-06,37.2,46.8,42.2
1952-11-07,33.1,41.0,36.5
1952-11-08,29.5,46.0,37.0
1952-11-09,38.4,49.1,42.8
1952-11-10,27.1,40.0,34.0
1952-11-11,25.9,45.4,34.8
1952-11-12,27.0,43.1,34.6
1952-11-13,27.1,55.0,39.5
1952-11-14,35.3,57.7,46.2
1952-11-15,40.5,59.5,49.0
1952-11-16,36.9,60.4,48.1
1952-11-17,47.1,60.7,53.5
1952-11-18,52.6,63.0,57.0
1952-11-19,42.2,52.9,45.2
1952-11-20,36.5,43.7,40.3
1952-11-21,33.4,46.1,39.4
1952-11-22,40.8,51.1,45.5
1952-11-23,40.2,44.2,42.3
1952-11-24,30.7,47.5,39.9
1952-11-25,41.6,52.4,46.1
1952-11-26,32.5,57.5,44.6
1952-11-27,26.4,31.6,28.4
1952-11-28,21.7,28.0,25.0
1952-11-29,17.1,31.4,23.7
1952-11-30,22.8,31.5,27.0
1952-12-01,19.9,31.5,25.8
1952-12-02,25.8,32.8,28.3
1952-12-03,24.1,35.9,29.8
1952-12-04,29.8,39.0,34.2
1952-12-05,31.1,39.1,34.9
1952-12-06,28.1,36.2,31.8
1952-12-07,28.0,46.8,36.2
1952-12-08,34.2,53.1,44.8
1952-12-09,50.5,54.0,52.5
1952-12-10,36.9,50.7,44.9
1952-12-11,30.0,36.1,33.1
1952-12-12,26.7,36.6,30.6
1952-12-13,24.9,33.1,28.0
1952-12-14,23.1,27.2,24.8
1952-12-15,25.2,35.1,29.8
1952-12-16,27.1,39.5,30.8
1952-12-17,26.7,42.7,32.4
1952-12-18,25.3,32.9,28.3
1952-12-19,20.6,33.6,27.1
1952-12-20,30.9,38.0,34.7
1952-12-21,33.8,36.3,34.8
1952-12-22,33.6,40.0,36.4
1952-12-23,38.7,43.5,40.7
1952-12-24,33.6,38.1,35.9
1952-12-25,28.5,34.2,31.7
1952-12-26,24.4,31.1,27.2
1952-12-27,18.2,27.0,22.9
1952-12-28,15.8,31.5,22.9
1952-12-29,25.2,37.5,30.0
1952-12-30,30.0,40.1,33.4
1952-12-31,26.3,35.5,31.5
1953-01-01,25.3,35.3,30.1
1953-01-02,27.0,36.6,31.0
1953-01-03,23.1,31.3,29.0
1953-01-04,16.0,30.1,22.7
1953-01-05,15.2,29.0,22.4
1953-01-06,4.8,19.9,14.2
1953-01-07,2.4,24.4,15.8
1953-01-08,22.4,29.3,26.7
1953-01-09,29.1,34.0,31.4
1953-01-10,31.3,35.4,33.1
1953-01-11,16.0,33.3,28.3
1953-01-12,10.0,32.8,21.9
1953-01-13,29.6,41.1,34.8
1953-01-14,28.2,44.8,37.7
1953-01-15,45.2,56.0,50.5
1953-01-16,20.8,49.5,28.2
1953-01-17,18.7,42.8,27.7
1953-01-18,28.3,39.8,32.4
1953-01-19,27.0,34.4,30.0
1953-01-20,24.2,36.7,28.9
1953-01-21,25.5,39.6,30.5
1953-01-22,23.6,39.9,30.1
1953-01-23,29.5,41.1,34.8
1953-01-24,21.6,36.7,30.9
1953-01-25,15.5,27.8,21.0
1953-01-26,14.1,29.1,21.0
1953-01-27,26.1,43.6,34.0
1953-01-28,21.6,31.0,25.0
1953-01-29,19.7,26.9,23.2
1953-01-30,22.9,41.2,29.3
1953-01-31,24.5,44.7,35.4
1953-02-01,5.0,22.5,13.5
1953-02-02,14.0,32.1,23.6
1953-02-03,21.4,29.6,25.3
1953-02-04,16.4,38.3,27.2
1953-02-05,27.0,45.0,35.5
1953-02-06,33.1,45.7,38.9
1953-02-07,29.3,41.5,33.7
1953-02-08,23.8,38.8,30.5
1953-02-09,23.8,35.8,28.0
1953-02-10,23.9,33.9,27.9
1953-02-11,27.5,41.9,33.4
1953-02-12,30.0,36.8,32.9
1953-02-13,28.4,35.5,30.9
1953-02-14,28.0,45.5,35.3
1953-02-15,23.5,33.8,29.3
1953-02-16,17.4,24.4,21.2
1953-02-17,13.5,28.9,20.0
1953-02-18,13.2,42.2,26.5
1953-02-19,25.8,49.6,36.9
1953-02-20,35.3,54.8,44.8
1953-02-21,22.5,55.0,31.8
1953-02-22,14.0,28.9,21.9
1953-02-23,26.4,45.5,34.0
1953-02-24,31.4,47.5,37.7
1953-02-25,25.5,41.9,33.6
1953-02-26,32.9,45.8,37.2
1953-02-27,27.3,40.1,35.0
1953-02-28,20.8,38.5,28.5
1953-03-01,18.0,30.3,23.0
1953-03-02,19.3,29.0,23.7
1953-03-03,29.1,53.4,37.7
1953-03-04,26.4,39.7,31.5
1953-03-05,22.4,30.8,25.9
1953-03-06,16.9,34.2,25.2
1953-03-07,13.8,26.8,20.2
1953-03-08,15.6,31.5,24.0
1953-03-09,19.8,39.5,29.5
1953-03-10,28.3,39.3,33.2
1953-03-11,29.1,52.8,39.5
1953-03-12,42.2,59.4,48.4
1953-03-13,34.6,50.7,43.8
1953-03-14,31.8,45.1,37.7
1953-03-15,38.1,53.5,46.6
1953-03-16,33.4,43.3,37.3
1953-03-17,29.4,52.2,40.3
1953-03-18,36.4,55.0,43.9
1953-03-19,34.1,45.7,38.8
1953-03-20,28.3,47.5,36.1
1953-03-21,33.4,60.4,46.0
1953-03-22,48.9,56.2,52.8
1953-03-23,43.2,57.1,53.9
1953-03-24,35.2,55.8,44.9
1953-03-25,29.9,41.2,35.6
1953-03-26,29.3,47.8,36.8
1953-03-27,35.5,50.8,41.9
1953-03-28,34.0,41.6,37.8
1953-03-29,33.5,42.0,37.3
1953-03-30,28.2,46.9,37.4
1953-03-31,31.5,49.3,40.1
1953-04-01,37.8,46.1,40.8
1953-04-02,32.9,48.5,39.4
1953-04-03,28.1,56.0,41.7
1953-04-04,34.4,47.8,41.1
1953-04-05,34.2,47.7,40.5
1953-04-06,33.1,49.2,41.5
1953-04-07,31.1,51.2,41.5
1953-04-08,30.4,53.4,42.5
1953-04-09,41.8,67.9,52.8
1953-04-10,43.0,53.3,46.5
1953-04-11,38.6,51.7,44.4
1953-04-12,34.6,43.2,39.3
1953-04-13,29.8,45.0,37.4
1953-04-14,27.8,51.3,39.4
1953-04-15,38.3,51.6,44.3
1953-04-16,34.6,48.4,41.0
1953-04-17,31.0,42.6,36.5
1953-04-18,25.9,42.5,35.2
1953-04-19,27.1,41.8,34.5
1953-04-20,27.9,40.9,34.7
1953-04-21,27.0,56.5,41.6
1953-04-22,40.6,68.9,53.8
1953-04-23,44.4,65.4,54.5
1953-04-24,35.3,48.9,43.9
1953-04-25,46.5,69.4,57.9
1953-04-26,42.5,52.2,46.3
1953-04-27,35.3,44.6,40.4
1953-04-28,31.7,53.2,43.0
1953-04-29,40.3,54.9,46.4
1953-04-30,46.0,57.3,52.4
1953-05-01,52.4,72.1,60.2
1953-05-02,47.4,57.5,51.5
1953-05-03,43.2,63.5,53.0
1953-05-04,43.8,73.4,59.1
1953-05-05,50.9,64.6,57.3
1953-05-06,50.8,69.9,59.5
1953-05-07,52.7,60.1,55.6
1953-05-08,50.1,72.3,60.5
1953-05-09,52.1,80.2,66.1
1953-05-10,52.7,78.8,67.3
1953-05-11,58.8,75.0,67.1
1953-05-12,48.6,70.8,62.1
1953-05-13,44.5,59.8,50.9
1953-05-14,41.0,52.9,46.8
1953-05-15,41.9,65.9,54.5
1953-05-16,51.1,66.9,58.9
1953-05-17,54.0,66.1,59.3
1953-05-18,52.8,71.6,61.1
1953-05-19,50.5,69.7,60.0
1953-05-20,46.8,75.0,62.6
1953-05-21,59.3,79.0,68.6
1953-05-22,48.3,57.5,52.9
1953-05-23,43.6,65.5,54.9
1953-05-24,45.6,67.1,57.7
1953-05-25,57.4,80.0,68.5
1953-05-26,60.6,75.7,69.0
1953-05-27,51.7,64.1,57.5
1953-05-28,44.6,66.9,56.4
1953-05-29,49.9,74.3,62.3
1953-05-30,64.0,84.8,73.1
1953-05-31,56.5,79.5,67.2
1953-06-01,55.8,71.4,63.0
1953-06-02,50.1,73.7,62.8
1953-06-03,50.7,77.0,65.9
1953-06-04,61.7,84.7,73.3
1953-06-05,68.9,84.7,75.1
1953-06-06,65.1,73.7,69.4
1953-06-07,57.1,69.1,62.8
1953-06-08,55.8,83.6,71.9
1953-06-09,61.1,78.3,71.9
1953-06-10,55.0,74.8,64.2
1953-06-11,52.8,77.8,66.8
1953-06-12,61.7,83.0,70.9
1953-06-13,59.2,74.9,66.6
1953-06-14,53.6,70.2,62.6
1953-06-15,55.4,74.8,65.6
1953-06-16,60.5,82.8,70.8
1953-06-17,64.5,73.9,69.3
1953-06-18,57.4,78.0,69.1
1953-06-19,64.6,90.5,77.9
1953-06-20,73.4,93.6,83.7
1953-06-21,71.6,86.0,79.1
1953-06-22,65.4,85.5,74.2
1953-06-23,59.4,75.5,67.6
1953-06-24,59.6,78.3,69.4
1953-06-25,69.8,86.2,74.7
1953-06-26,65.9,81.1,73.1
1953-06-27,58.5,81.6,72.1
1953-06-28,69.0,84.4,75.1
1953-06-29,64.5,83.5,74.1
1953-06-30,68.5,88.2,79.4
1953-07-01,74.5,87.2,79.9
1953-07-02,72.2,84.1,78.0
1953-07-03,55.8,72.9,64.8
1953-07-04,55.6,76.6,67.1
1953-07-05,65.1,86.6,76.0
1953-07-06,67.7,81.5,74.5
1953-07-07,60.2,78.5,70.7
1953-07-08,61.0,72.6,67.1
1953-07-09,56.9,70.1,63.4
1953-07-10,52.8,74.3,64.0
1953-07-11,55.2,78.7,68.1
1953-07-12,57.3,80.6,70.6
1953-07-13,61.0,81.5,73.0
1953-07-14,65.7,83.9,74.8
1953-07-15,66.5,85.1,75.7
1953-07-16,65.3,88.4,77.3
1953-07-17,69.0,87.3,76.6
1953-07-18,68.9,81.8,74.1
1953-07-19,67.3,83.7,75.6
1953-07-20,67.1,87.1,77.6
1953-07-21,70.1,85.4,78.0
1953-07-22,70.6,78.5,73.9
1953-07-23,62.8,79.5,71.2
1953-07-24,55.0,71.5,63.4
1953-07-25,53.2,80.5,68.1
1953-07-26,68.7,90.5,79.0
1953-07-27,70.3,81.6,74.6
1953-07-28,64.8,83.8,74.3
1953-07-29,73.1,87.2,77.1
1953-07-30,68.4,81.2,74.0
1953-07-31,62.9,84.4,74.4
1953-08-01,67.1,84.0,73.6
1953-08-02,69.8,76.5,72.6
1953-08-03,64.4,74.2,68.5
1953-08-04,67.3,87.3,76.5
1953-08-05,62.5,75.8,68.7
1953-08-06,58.9,77.4,68.1
1953-08-07,61.2,81.6,71.0
1953-08-08,63.4,75.5,68.2
1953-08-09,62.4,75.6,67.2
1953-08-10,55.8,78.0,67.0
1953-08-11,58.2,81.7,70.7
1953-08-12,65.3,81.7,72.2
1953-08-13,60.2,83.4,72.6
1953-08-14,59.1,85.5,74.1
1953-08-15,62.3,76.2,69.8
1953-08-16,60.4,76.7,68.7
1953-08-17,57.4,72.3,65.1
1953-08-18,53.7,73.3,63.6
1953-08-19,56.3,75.5,65.4
1953-08-20,53.0,79.2,67.2
1953-08-21,57.6,80.3,69.8
1953-08-22,57.7,82.3,70.9
1953-08-23,62.4,82.8,72.0
1953-08-24,60.3,83.2,72.5
1953-08-25,60.6,87.2,74.7
1953-08-26,68.4,91.7,79.7
1953-08-27,67.7,91.9,80.0
1953-08-28,68.9,92.0,80.4
1953-08-29,65.7,93.6,80.4
1953-08-30,69.2,92.5,81.1
1953-08-31,70.8,93.5,81.5
1953-09-01,71.8,95.7,83.8
1953-09-02,74.8,95.4,84.4
1953-09-03,68.8,95.8,83.2
1953-09-04,62.4,90.1,75.5
1953-09-05,58.9,74.6,66.0
1953-09-06,53.0,77.2,65.9
1953-09-07,57.5,70.8,63.7
1953-09-08,51.5,72.4,62.2
1953-09-09,50.5,75.7,64.2
1953-09-10,54.9,77.0,66.2
1953-09-11,60.9,79.2,68.0
1953-09-12,49.5,68.2,60.9
1953-09-13,45.6,59.8,52.4
1953-09-14,43.6,60.9,52.1
1953-09-15,41.5,71.9,57.5
1953-09-16,53.4,66.5,59.3
1953-09-17,45.7,68.6,57.1
1953-09-18,55.5,84.7,68.2
1953-09-19,59.4,70.5,64.1
1953-09-20,53.4,77.3,63.9
1953-09-21,50.2,61.5,56.1
1953-09-22,44.2,60.9,52.5
1953-09-23,41.5,64.6,53.5
1953-09-24,48.6,75.9,61.8
1953-09-25,58.4,76.9,65.8
1953-09-26,48.6,70.2,60.0
1953-09-27,53.2,68.7,62.7
1953-09-28,44.8,78.3,61.3
1953-09-29,54.9,85.1,69.3
1953-09-30,57.6,78.9,69.2
1953-10-01,49.8,74.8,61.0
1953-10-02,52.9,76.2,63.4
1953-10-03,56.9,86.7,71.6
1953-10-04,50.5,72.9,59.1
1953-10-05,46.9,62.5,53.7
1953-10-06,43.1,55.0,48.3
1953-10-07,38.2,52.4,45.2
1953-10-08,34.0,59.8,46.8
1953-10-09,39.9,65.4,51.8
1953-10-10,42.3,69.2,54.9
1953-10-11,49.0,72.0,58.9
1953-10-12,45.7,61.7,53.5
1953-10-13,37.8,60.9,48.8
1953-10-14,39.1,69.9,53.6
1953-10-15,52.8,75.1,61.4
1953-10-16,45.2,71.3,57.9
1953-10-17,46.0,76.6,59.5
1953-10-18,45.9,77.8,61.4
1953-10-19,55.6,80.1,65.6
1953-10-20,53.7,76.1,63.3
1953-10-21,52.7,76.3,62.0
1953-10-22,51.0,71.7,59.2
1953-10-23,47.5,72.4,56.7
1953-10-24,49.6,56.8,52.1
1953-10-25,48.5,58.5,52.4
1953-10-26,44.6,62.1,53.0
1953-10-27,50.2,54.0,52.4
1953-10-28,42.0,53.0,45.1
1953-10-29,39.4,53.8,44.9
1953-10-30,35.9,59.5,46.9
1953-10-31,41.5,64.7,51.7
1953-11-01,49.2,55.5,51.9
1953-11-02,44.3,63.9,53.3
1953-11-03,44.8,57.8,53.9
1953-11-04,32.6,42.9,38.4
1953-11-05,28.0,38.0,32.6
1953-11-06,28.7,37.5,31.8
1953-11-07,29.5,37.6,34.4
1953-11-08,34.6,41.5,37.6
1953-11-09,32.7,48.4,40.0
1953-11-10,27.2,52.5,39.2
1953-11-11,37.8,49.3,42.6
1953-11-12,38.6,46.8,42.5
1953-11-13,34.2,50.4,40.5
1953-11-14,36.9,62.2,47.8
1953-11-15,44.9,64.2,52.0
1953-11-16,43.2,64.9,52.4
1953-11-17,43.1,66.1,53.7
1953-11-18,42.7,65.4,53.1
1953-11-19,47.8,67.5,56.1
1953-11-20,47.5,67.5,56.9
1953-11-21,44.5,58.6,52.9
1953-11-22,37.3,55.8,45.5
1953-11-23,35.6,49.8,42.8
1953-11-24,37.8,47.1,43.1
1953-11-25,30.3,38.4,34.3
1953-11-26,30.2,37.2,33.2
1953-11-27,27.0,35.5,30.6
1953-11-28,23.4,35.9,28.2
1953-11-29,23.6,35.6,29.0
1953-11-30,29.2,37.6,32.2
1953-12-01,29.3,38.8,33.0
1953-12-02,28.0,44.4,35.4
1953-12-03,34.3,52.5,43.3
1953-12-04,40.3,55.9,50.1
1953-12-05,33.5,43.7,37.9
1953-12-06,37.2,52.8,45.3
1953-12-07,30.4,48.8,39.6
1953-12-08,35.2,49.1,40.8
1953-12-09,34.6,43.0,39.3
1953-12-10,31.4,39.5,34.7
1953-12-11,32.3,46.3,37.9
1953-12-12,26.5,38.8,34.7
1953-12-13,24.3,39.9,31.5
1953-12-14,30.3,35.1,33.2
1953-12-15,21.6,29.1,25.8
1953-12-16,6.7,22.7,15.8
1953-12-17,6.5,22.5,12.6
1953-12-18,12.0,24.5,17.9
1953-12-19,18.5,35.9,26.5
1953-12-20,32.3,42.2,36.3
1953-12-21,37.0,39.7,38.1
1953-12-22,21.6,38.9,30.9
1953-12-23,8.2,20.9,16.3
1953-12-24,7.8,29.8,20.0
1953-12-25,25.1,35.4,29.7
1953-12-26,26.5,36.0,31.2
1953-12-27,24.4,34.2,29.2
1953-12-28,28.3,37.6,32.3
1953-12-29,27.0,40.4,32.4
1953-12-30,20.9,32.6,25.1
1953-12-31,14.7,30.3,22.5
1954-01-01,28.0,39.0,34.1
1954-01-02,29.3,46.4,37.4
1954-01-03,23.0,38.9,28.8
1954-01-04,21.7,31.2,25.9
1954-01-05,24.0,30.1,26.7
1954-01-06,23.4,31.1,27.8
1954-01-07,21.3,33.6,26.7
1954-01-08,18.2,28.8,23.4
1954-01-09,26.6,40.5,34.0
1954-01-10,13.9,25.6,18.3
1954-01-11,11.8,25.4,18.3
1954-01-12,11.7,19.4,16.2
1954-01-13,7.7,19.0,13.7
1954-01-14,16.9,31.5,25.2
1954-01-15,23.4,35.5,28.5
1954-01-16,13.7,30.9,25.9
1954-01-17,1.0,15.0,9.1
1954-01-18,9.4,29.5,19.4
1954-01-19,24.3,37.8,31.0
1954-01-20,21.9,49.6,41.3
1954-01-21,11.5,20.4,15.8
1954-01-22,7.2,20.2,13.1
1954-01-23,11.1,31.4,20.6
1954-01-24,27.5,39.7,32.8
1954-01-25,29.8,39.3,33.9
1954-01-26,30.2,49.8,40.8
1954-01-27,15.3,30.6,24.7
1954-01-28,5.0,26.9,16.2
1954-01-29,20.7,37.7,28.9
1954-01-30,7.7,33.3,19.2
1954-01-31,3.3,23.4,13.0
1954-02-01,18.7,39.7,29.6
1954-02-02,28.2,37.5,31.6
1954-02-03,22.7,32.5,27.4
1954-02-04,17.8,33.8,26.2
1954-02-05,15.9,31.1,24.4
1954-02-06,14.5,23.8,20.1
1954-02-07,3.3,33.2,19.5
1954-02-08,26.4,36.2,31.2
1954-02-09,21.3,33.5,26.1
1954-02-10,23.8,37.9,31.0
1954-02-11,5.5,27.2,19.8
1954-02-12,-2.6,19.7,8.8
1954-02-13,17.3,34.1,25.9
1954-02-14,34.2,55.8,46.3
1954-02-15,50.6,63.0,58.0
1954-02-16,32.1,45.3,35.2
1954-02-17,27.6,43.0,33.6
1954-02-18,25.4,47.3,34.0
1954-02-19,28.2,48.9,36.6
1954-02-20,35.4,54.5,44.4
1954-02-21,32.5,45.9,40.4
1954-02-22,28.8,42.6,34.1
1954-02-23,28.0,40.7,33.9
1954-02-24,32.6,42.3,36.6
1954-02-25,28.7,37.4,32.2
1954-02-26,19.9,35.7,27.6
1954-02-27,27.4,38.4,33.0
1954-02-28,30.8,36.3,33.2
1954-03-01,25.4,30.4,27.6
1954-03-02,20.8,37.0,28.7
1954-03-03,8.8,32.1,17.9
1954-03-04,7.9,20.8,13.3
1954-03-05,6.7,24.7,14.6
1954-03-06,4.1,29.0,16.2
1954-03-07,25.4,37.5,30.9
1954-03-08,18.8,35.8,25.9
1954-03-09,20.8,43.0,31.4
1954-03-10,24.5,35.2,30.1
1954-03-11,19.0,35.5,26.1
1954-03-12,16.8,29.7,23.5
1954-03-13,27.0,48.2,35.8
1954-03-14,22.5,30.2,26.4
1954-03-15,15.9,32.0,23.1
1954-03-16,16.3,38.9,26.4
1954-03-17,17.4,44.5,30.5
1954-03-18,23.8,48.6,35.0
1954-03-19,31.5,46.5,38.7
1954-03-20,20.3,37.3,30.5
1954-03-21,17.6,36.5,25.6
1954-03-22,21.1,42.3,31.7
1954-03-23,31.2,43.7,36.9
1954-03-24,29.6,46.4,36.0
1954-03-25,34.8,68.4,51.5
1954-03-26,31.1,42.0,37.4
1954-03-27,24.0,45.0,34.3
1954-03-28,32.0,55.5,43.4
1954-03-29,19.0,38.5,26.5
1954-03-30,13.5,32.5,22.7
1954-03-31,8.9,34.2,22.3
1954-04-01,9.9,36.2,24.6
1954-04-02,24.6,46.8,35.3
1954-04-03,12.3,28.9,21.2
1954-04-04,16.4,33.8,24.5
1954-04-05,25.3,52.5,39.1
1954-04-06,48.4,64.7,58.3
1954-04-07,45.0,76.2,59.8
1954-04-08,29.2,48.7,40.3
1954-04-09,24.5,46.5,36.1
1954-04-10,40.2,58.2,50.0
1954-04-11,44.7,61.9,54.8
1954-04-12,33.8,54.0,43.8
1954-04-13,40.0,64.5,51.8
1954-04-14,49.4,73.1,59.6
1954-04-15,48.6,70.9,58.9
1954-04-16,42.7,63.1,49.6
1954-04-17,33.3,56.2,45.9
1954-04-18,44.4,56.2,50.5
1954-04-19,41.0,63.8,52.3
1954-04-20,47.4,64.6,54.4
1954-04-21,48.0,77.3,63.0
1954-04-22,47.6,62.2,56.9
1954-04-23,40.2,56.4,47.4
1954-04-24,35.5,66.6,52.5
1954-04-25,47.8,58.6,55.1
1954-04-26,45.0,66.2,54.1
1954-04-27,47.8,68.1,60.1
1954-04-28,40.9,58.3,48.7
1954-04-29,45.2,61.9,53.1
1954-04-30,49.8,72.6,61.0
1954-05-01,60.7,74.3,67.0
1954-05-02,52.6,68.6,61.6
1954-05-03,37.8,67.4,49.7
1954-05-04,32.0,43.7,38.2
1954-05-05,34.9,45.7,40.3
1954-05-06,34.0,51.4,42.9
1954-05-07,39.7,53.3,45.9
1954-05-08,31.4,50.6,41.1
1954-05-09,30.5,50.8,40.9
1954-05-10,33.7,55.0,44.9
1954-05-11,39.3,53.2,46.4
1954-05-12,37.2,57.6,48.3
1954-05-13,38.8,62.6,51.7
1954-05-14,43.4,65.8,54.8
1954-05-15,41.8,69.3,57.0
1954-05-16,53.3,74.6,63.1
1954-05-17,47.7,63.4,55.3
1954-05-18,41.6,60.5,50.9
1954-05-19,39.0,56.6,47.6
1954-05-20,37.5,58.1,47.4
1954-05-21,36.0,63.6,50.8
1954-05-22,46.1,69.0,57.8
1954-05-23,43.8,72.0,59.6
1954-05-24,47.3,78.7,64.1
1954-05-25,52.8,67.5,59.9
1954-05-26,43.1,62.7,52.4
1954-05-27,45.4,61.9,54.6
1954-05-28,57.1,77.8,67.2
1954-05-29,56.1,71.1,65.5
1954-05-30,47.5,72.1,61.3
1954-05-31,56.3,83.3,70.2
1954-06-01,55.6,72.6,66.5
1954-06-02,50.2,62.6,56.7
1954-06-03,54.3,63.6,57.9
1954-06-04,51.3,56.4,53.2
1954-06-05,44.1,63.6,54.2
1954-06-06,45.8,71.5,59.4
1954-06-07,54.0,77.5,67.0
1954-06-08,62.4,82.8,72.6
1954-06-09,58.9,82.2,72.9
1954-06-10,67.6,84.2,74.2
1954-06-11,62.1,82.7,72.2
1954-06-12,68.4,88.6,77.7
1954-06-13,67.6,85.1,75.5
1954-06-14,60.8,86.4,74.0
1954-06-15,66.3,86.1,75.0
1954-06-16,68.7,84.7,75.0
1954-06-17,68.9,80.5,73.5
1954-06-18,68.8,78.2,73.0
1954-06-19,66.0,84.3,75.3
1954-06-20,68.9,85.4,77.2
1954-06-21,71.7,89.2,79.4
1954-06-22,67.4,79.4,75.3
1954-06-23,61.5,73.3,66.4
1954-06-24,53.8,80.9,68.8
1954-06-25,65.8,88.7,77.3
1954-06-26,72.9,86.6,79.5
1954-06-27,59.5,73.4,66.5
1954-06-28,55.6,79.2,67.2
1954-06-29,57.6,83.6,71.8
1954-06-30,66.7,86.8,76.3
1954-07-01,65.2,83.4,74.2
1954-07-02,63.2,87.3,74.0
1954-07-03,58.5,66.7,62.3
1954-07-04,61.5,76.4,68.3
1954-07-05,59.9,73.2,67.0
1954-07-06,53.4,77.8,66.0
1954-07-07,57.0,70.8,64.5
1954-07-08,48.2,70.4,60.8
1954-07-09,52.4,74.6,64.4
1954-07-10,55.3,74.1,66.2
1954-07-11,58.8,76.0,68.3
1954-07-12,63.6,90.5,77.2
1954-07-13,66.7,88.2,77.8
1954-07-14,68.5,87.0,77.3
1954-07-15,61.5,75.3,68.0
1954-07-16,55.4,78.3,67.5
1954-07-17,58.5,80.4,70.3
1954-07-18,65.9,88.1,75.8
1954-07-19,66.3,82.5,74.4
1954-07-20,63.6,89.7,76.6
1954-07-21,64.5,78.5,71.5
1954-07-22,58.2,76.8,67.7
1954-07-23,53.3,75.5,66.0
1954-07-24,55.4,80.9,69.8
1954-07-25,61.6,82.5,72.2
1954-07-26,60.2,86.2,74.2
1954-07-27,61.2,88.7,76.9
1954-07-28,66.4,87.6,78.1
1954-07-29,67.6,78.5,73.0
1954-07-30,65.3,89.2,77.7
1954-07-31,68.6,82.8,76.8
1954-08-01,59.7,79.1,70.2
1954-08-02,59.9,78.3,70.8
1954-08-03,64.9,79.2,71.0
1954-08-04,60.3,80.8,71.2
1954-08-05,61.7,77.1,69.5
1954-08-06,59.3,79.5,69.5
1954-08-07,56.7,79.5,69.2
1954-08-08,60.7,77.0,67.0
1954-08-09,59.3,79.7,69.3
1954-08-10,62.3,75.0,68.0
1954-08-11,54.1,68.6,62.0
1954-08-12,52.7,74.5,63.3
1954-08-13,52.5,79.3,66.9
1954-08-14,62.8,77.1,68.5
1954-08-15,62.9,85.3,74.3
1954-08-16,64.5,85.7,73.4
1954-08-17,55.2,72.9,64.4
1954-08-18,55.8,74.8,65.5
1954-08-19,67.5,81.7,72.7
1954-08-20,60.2,78.1,69.1
1954-08-21,57.8,79.1,68.1
1954-08-22,61.4,81.1,70.9
1954-08-23,62.1,91.2,77.2
1954-08-24,73.8,88.4,78.8
1954-08-25,69.4,84.3,74.9
1954-08-26,59.1,71.9,66.9
1954-08-27,51.0,78.1,65.4
1954-08-28,62.1,80.2,70.9
1954-08-29,66.0,83.4,73.8
1954-08-30,60.7,70.4,64.9
1954-08-31,56.3,72.5,64.3
1954-09-01,53.9,75.5,65.6
1954-09-02,62.7,85.0,73.0
1954-09-03,61.0,76.6,68.4
1954-09-04,58.5,83.9,71.1
1954-09-05,71.2,94.5,81.1
1954-09-06,63.7,89.9,76.0
1954-09-07,69.4,87.2,78.5
1954-09-08,58.4,69.1,64.1
1954-09-09,51.5,69.9,61.2
1954-09-10,60.1,73.3,65.7
1954-09-11,55.0,67.5,60.6
1954-09-12,48.2,70.4,59.6
1954-09-13,57.7,71.3,62.0
1954-09-14,55.9,66.4,59.9
1954-09-15,54.5,74.2,63.4
1954-09-16,56.8,67.1,61.2
1954-09-17,54.2,74.4,63.1
1954-09-18,62.3,77.8,69.5
1954-09-19,66.1,77.4,72.2
1954-09-20,56.4,74.5,65.2
1954-09-21,51.3,64.0,58.7
1954-09-22,50.2,61.7,54.7
1954-09-23,41.2,61.8,51.6
1954-09-24,44.1,70.4,57.6
1954-09-25,57.7,72.0,64.3
1954-09-26,54.0,73.0,62.8
1954-09-27,48.5,80.3,64.7
1954-09-28,57.7,75.8,67.7
1954-09-29,62.6,76.9,68.5
1954-09-30,66.7,74.5,69.3
1954-10-01,65.5,71.4,68.6
1954-10-02,64.7,75.7,69.4
1954-10-03,66.2,78.3,71.7
1954-10-04,61.8,74.6,69.8
1954-10-05,49.2,61.2,52.6
1954-10-06,42.1,57.6,49.0
1954-10-07,35.4,50.2,43.0
1954-10-08,41.2,56.2,48.7
1954-10-09,56.8,73.4,64.5
1954-10-10,61.7,67.4,64.1
1954-10-11,65.0,73.4,68.3
1954-10-12,64.4,69.7,66.5
1954-10-13,55.4,69.6,63.3
1954-10-14,53.4,76.9,66.4
1954-10-15,42.5,52.2,47.7
1954-10-16,39.8,47.2,43.2
1954-10-17,38.9,49.7,43.4
1954-10-18,34.3,49.5,41.8
1954-10-19,34.6,50.7,42.0
1954-10-20,33.7,55.6,44.7
1954-10-21,39.6,58.2,47.9
1954-10-22,39.7,62.4,49.0
1954-10-23,44.2,66.8,53.7
1954-10-24,46.0,68.1,55.1
1954-10-25,42.3,66.3,54.1
1954-10-26,46.8,63.2,54.8
1954-10-27,40.9,56.0,48.9
1954-10-28,36.2,52.7,44.0
1954-10-29,35.6,46.7,41.7
1954-10-30,33.0,43.1,37.3
1954-10-31,26.8,39.3,32.5
1954-11-01,24.5,40.4,32.2
1954-11-02,28.6,37.4,33.1
1954-11-03,29.1,43.9,36.0
1954-11-04,32.5,39.8,36.2
1954-11-05,25.6,40.5,33.2
1954-11-06,31.8,45.1,36.6
1954-11-07,28.2,52.1,39.8
1954-11-08,34.8,54.2,43.6
1954-11-09,30.1,48.7,38.5
1954-11-10,30.0,46.8,37.9
1954-11-11,34.6,59.3,45.7
1954-11-12,33.0,45.6,39.2
1954-11-13,30.3,53.0,41.5
1954-11-14,35.0,53.7,46.2
1954-11-15,26.8,44.2,34.8
1954-11-16,31.3,57.7,42.5
1954-11-17,39.6,60.4,48.0
1954-11-18,45.1,62.5,52.8
1954-11-19,45.0,59.5,53.7
1954-11-20,38.6,44.3,41.8
1954-11-21,33.0,39.3,37.1
1954-11-22,30.6,40.5,36.6
1954-11-23,23.9,40.0,33.5
1954-11-24,34.2,41.6,36.7
1954-11-25,32.3,42.0,36.2
1954-11-26,28.5,40.7,34.9
1954-11-27,32.5,35.8,34.1
1954-11-28,32.9,45.3,38.7
1954-11-29,30.6,38.1,34.4
1954-11-30,31.1,36.6,33.2
1954-12-01,27.2,35.9,31.2
1954-12-02,23.5,32.3,27.7
1954-12-03,18.5,29.5,24.9
1954-12-04,25.8,37.8,30.1
1954-12-05,20.7,29.8,24.9
1954-12-06,17.5,27.9,21.9
1954-12-07,14.9,26.2,20.3
1954-12-08,15.6,35.8,25.7
1954-12-09,31.1,36.5,33.8
1954-12-10,28.4,34.7,31.6
1954-12-11,21.8,33.8,26.8
1954-12-12,21.9,33.6,30.6
1954-12-13,18.0,33.2,25.7
1954-12-14,20.8,34.4,29.7
1954-12-15,28.0,32.6,30.4
1954-12-16,25.4,35.2,29.7
1954-12-17,27.5,38.8,32.4
1954-12-18,25.0,34.7,31.7
1954-12-19,5.4,23.4,15.5
1954-12-20,-3.9,18.0,5.0
1954-12-21,-5.1,20.9,6.2
1954-12-22,3.8,29.0,19.1
1954-12-23,27.9,36.6,32.2
1954-12-24,23.1,33.8,30.4
1954-12-25,20.7,37.3,28.4
1954-12-26,31.5,42.7,36.8
1954-12-27,34.0,39.7,36.3
1954-12-28,23.4,34.6,30.8
1954-12-29,19.4,31.9,25.4
1954-12-30,22.8,35.2,30.0
1954-12-31,22.3,37.9,28.4
1955-01-01,23.5,41.5,33.0
1955-01-02,27.7,41.9,36.2
1955-01-03,24.8,46.9,36.3
1955-01-04,29.2,39.4,33.5
1955-01-05,29.3,45.6,35.2
1955-01-06,26.3,33.4,29.8
1955-01-07,22.3,32.6,27.2
1955-01-08,27.4,41.1,31.5
1955-01-09,29.7,38.1,34.5
1955-01-10,27.5,33.5,31.0
1955-01-11,25.9,32.3,28.8
1955-01-12,27.3,35.0,30.2
1955-01-13,21.6,29.6,25.8
1955-01-14,14.9,28.3,23.1
1955-01-15,23.8,31.8,28.3
1955-01-16,20.1,27.0,24.2
1955-01-17,11.8,22.2,17.0
1955-01-18,8.3,24.0,16.1
1955-01-19,14.5,24.1,20.3
1955-01-20,0.9,26.3,14.9
1955-01-21,20.8,34.2,27.7
1955-01-22,18.3,32.5,25.8
1955-01-23,15.6,22.1,18.9
1955-01-24,10.1,26.1,19.0
1955-01-25,13.8,29.2,23.1
1955-01-26,8.1,21.1,15.0
1955-01-27,-1.3,13.5,5.6
1955-01-28,1.8,15.8,7.8
1955-01-29,0.0,13.5,5.4
1955-01-30,-0.5,17.3,9.1
1955-01-31,-2.5,26.4,11.8
1955-02-01,18.7,30.2,26.1
1955-02-02,2.2,18.3,13.2
1955-02-03,-5.5,14.2,2.9
1955-02-04,-7.4,21.8,7.5
1955-02-05,17.5,34.6,28.8
1955-02-06,25.5,34.9,30.0
1955-02-07,14.1,30.7,24.6
1955-02-08,13.9,33.5,25.3
1955-02-09,22.6,42.9,33.1
1955-02-10,16.7,37.8,31.4
1955-02-11,0.6,14.3,7.6
1955-02-12,-1.4,14.2,4.4
1955-02-13,-10.4,19.7,6.9
1955-02-14,18.7,32.7,26.1
1955-02-15,16.2,32.3,25.4
1955-02-16,28.1,37.1,31.8
1955-02-17,7.8,30.6,24.6
1955-02-18,2.8,28.8,15.9
1955-02-19,21.7,37.6,30.6
1955-02-20,35.2,51.3,42.9
1955-02-21,28.1,41.5,33.3
1955-02-22,23.9,37.4,29.5
1955-02-23,14.5,38.7,25.7
1955-02-24,23.2,42.5,31.7
1955-02-25,21.7,35.7,27.8
1955-02-26,29.0,41.4,36.1
1955-02-27,34.8,39.3,36.7
1955-02-28,34.1,44.6,37.5
1955-03-01,29.5,39.3,36.2
1955-03-02,29.6,42.3,35.0
1955-03-03,28.0,45.7,34.6
1955-03-04,29.5,36.8,33.8
1955-03-05,24.1,38.6,30.9
1955-03-06,21.6,31.2,25.3
1955-03-07,8.4,21.4,16.3
1955-03-08,12.5,34.7,24.0
1955-03-09,32.9,57.6,43.3
1955-03-10,29.0,62.2,46.8
1955-03-11,35.8,56.1,46.1
1955-03-12,30.1,55.2,41.1
1955-03-13,27.9,43.4,34.3
1955-03-14,25.3,47.8,35.3
1955-03-15,33.2,55.1,44.5
1955-03-16,23.6,41.2,31.8
1955-03-17,18.9,33.6,25.9
1955-03-18,24.4,36.6,30.4
1955-03-19,20.8,41.2,29.7
1955-03-20,26.3,52.2,38.7
1955-03-21,37.1,57.5,46.4
1955-03-22,26.5,52.9,37.2
1955-03-23,24.2,46.0,34.0
1955-03-24,25.6,37.1,31.3
1955-03-25,24.4,37.9,29.5
1955-03-26,15.4,24.5,20.2
1955-03-27,12.1,25.6,17.2
1955-03-28,9.2,34.5,21.3
1955-03-29,14.5,39.0,26.9
1955-03-30,22.6,44.2,32.8
1955-03-31,24.9,58.5,41.3
1955-04-01,31.5,63.5,47.6
1955-04-02,34.3,64.9,49.7
1955-04-03,33.2,51.5,41.2
1955-04-04,27.5,49.5,39.2
1955-04-05,37.6,68.4,50.6
1955-04-06,39.5,54.2,47.5
1955-04-07,29.4,43.7,35.4
1955-04-08,27.4,58.9,43.5
1955-04-09,41.8,66.4,53.4
1955-04-10,48.5,72.9,59.3
1955-04-11,44.1,63.8,54.3
1955-04-12,48.5,66.3,55.8
1955-04-13,51.4,69.3,60.0
1955-04-14,54.5,68.4,60.8
1955-04-15,48.2,55.1,51.7
1955-04-16,44.7,66.5,54.4
1955-04-17,48.6,64.9,56.6
1955-04-18,45.1,65.1,55.2
1955-04-19,51.7,67.7,61.0
1955-04-20,47.7,63.3,55.1
1955-04-21,44.8,72.8,59.5
1955-04-22,49.7,65.1,56.8
1955-04-23,40.9,61.1,50.7
1955-04-24,46.8,58.4,51.8
1955-04-25,42.8,53.2,49.0
1955-04-26,41.4,59.5,48.6
1955-04-27,35.9,62.2,50.0
1955-04-28,37.9,66.7,54.8
1955-04-29,43.5,70.5,58.1
1955-04-30,46.6,68.9,57.5
1955-05-01,44.8,74.3,60.5
1955-05-02,51.5,72.5,63.0
1955-05-03,56.3,82.2,69.5
1955-05-04,60.8,81.6,70.1
1955-05-05,54.2,67.6,62.1
1955-05-06,45.9,64.3,55.2
1955-05-07,53.0,71.9,60.2
1955-05-08,43.0,56.5,50.1
1955-05-09,35.0,52.2,45.1
1955-05-10,46.0,60.3,52.3
1955-05-11,40.8,68.1,56.3
1955-05-12,45.2,72.4,60.5
1955-05-13,53.8,70.9,62.0
1955-05-14,51.9,69.3,59.6
1955-05-15,44.8,70.2,58.2
1955-05-16,46.0,75.7,59.6
1955-05-17,40.8,60.9,50.8
1955-05-18,41.5,69.3,56.2
1955-05-19,54.5,74.4,62.1
1955-05-20,47.2,72.2,59.6
1955-05-21,43.0,73.9,60.5
1955-05-22,58.5,74.5,66.0
1955-05-23,63.7,77.7,69.5
1955-05-24,62.9,82.6,71.5
1955-05-25,52.9,64.2,59.4
1955-05-26,43.6,68.4,56.6
1955-05-27,59.2,81.6,71.2
1955-05-28,64.0,74.7,70.3
1955-05-29,57.2,67.6,61.8
1955-05-30,50.8,60.3,54.9
1955-05-31,46.6,69.2,58.5
1955-06-01,46.5,73.7,61.4
1955-06-02,46.3,75.5,62.3
1955-06-03,50.5,74.9,64.6
1955-06-04,55.9,80.6,68.6
1955-06-05,61.9,84.0,73.3
1955-06-06,63.8,83.8,72.7
1955-06-07,62.8,67.3,65.0
1955-06-08,59.5,65.8,61.8
1955-06-09,56.2,69.9,63.1
1955-06-10,55.3,70.1,63.6
1955-06-11,56.4,70.4,62.7
1955-06-12,50.2,66.1,59.1
1955-06-13,52.8,60.5,57.1
1955-06-14,51.4,69.4,60.5
1955-06-15,48.8,76.3,63.9
1955-06-16,55.0,80.2,68.5
1955-06-17,55.0,82.9,70.8
1955-06-18,60.7,83.6,74.0
1955-06-19,67.1,84.6,75.7
1955-06-20,63.1,81.8,73.0
1955-06-21,62.5,81.1,72.0
1955-06-22,62.2,76.0,68.4
1955-06-23,55.0,73.4,64.4
1955-06-24,51.4,75.7,64.1
1955-06-25,55.6,73.2,64.2
1955-06-26,51.3,71.0,62.4
1955-06-27,51.7,77.3,65.6
1955-06-28,56.0,81.6,70.3
1955-06-29,59.0,82.9,72.8
1955-06-30,69.3,84.6,75.5
1955-07-01,71.3,88.1,78.9
1955-07-02,69.8,89.4,79.1
1955-07-03,69.1,90.3,80.0
1955-07-04,70.2,91.5,79.5
1955-07-05,68.5,90.0,78.7
1955-07-06,69.3,85.1,77.2
1955-07-07,70.1,83.2,77.0
1955-07-08,70.1,88.6,78.4
1955-07-09,73.5,89.2,79.9
1955-07-10,69.3,84.2,76.2
1955-07-11,63.1,83.0,72.6
1955-07-12,62.2,80.2,71.0
1955-07-13,58.9,84.7,72.9
1955-07-14,64.0,91.9,78.9
1955-07-15,71.2,82.8,74.7
1955-07-16,67.4,82.7,75.0
1955-07-17,67.2,83.1,75.2
1955-07-18,66.8,86.3,75.7
1955-07-19,67.6,85.3,76.4
1955-07-20,67.0,88.5,77.9
1955-07-21,65.3,91.1,79.6
1955-07-22,66.4,90.4,79.9
1955-07-23,73.8,84.5,77.2
1955-07-24,65.8,79.8,72.6
1955-07-25,56.4,83.5,71.6
1955-07-26,67.0,90.2,79.8
1955-07-27,77.1,95.4,85.0
1955-07-28,68.7,82.5,75.7
1955-07-29,64.8,85.1,75.8
1955-07-30,67.6,89.9,79.4
1955-07-31,73.8,91.3,82.6
1955-08-01,75.5,93.3,82.7
1955-08-02,72.5,93.9,83.4
1955-08-03,72.4,92.3,83.3
1955-08-04,75.5,93.7,84.3
1955-08-05,75.3,92.0,81.2
1955-08-06,70.7,85.0,77.2
1955-08-07,66.3,81.0,74.8
1955-08-08,60.8,74.5,67.0
1955-08-09,58.5,82.0,70.7
1955-08-10,67.1,83.5,75.2
1955-08-11,67.2,80.9,73.2
1955-08-12,62.2,81.8,72.2
1955-08-13,62.6,78.3,70.0
1955-08-14,62.2,67.7,64.8
1955-08-15,64.8,83.3,73.0
1955-08-16,63.2,85.5,75.3
1955-08-17,64.9,87.4,77.2
1955-08-18,70.2,90.3,80.1
1955-08-19,70.2,94.3,81.6
1955-08-20,70.9,91.3,82.0
1955-08-21,76.0,94.3,84.0
1955-08-22,69.5,78.7,75.0
1955-08-23,62.8,75.0,68.7
1955-08-24,52.9,74.0,64.6
1955-08-25,56.8,81.3,69.6
1955-08-26,63.4,82.6,73.5
1955-08-27,69.0,81.7,75.0
1955-08-28,71.2,80.8,75.3
1955-08-29,68.9,90.0,79.1
1955-08-30,66.5,79.4,73.1
1955-08-31,58.7,68.4,63.5
1955-09-01,53.8,69.9,61.3
1955-09-02,50.9,73.3,62.4
1955-09-03,52.6,75.6,64.8
1955-09-04,55.1,81.8,68.8
1955-09-05,61.3,76.5,68.4
1955-09-06,53.8,79.6,67.4
1955-09-07,53.4,67.4,60.4
1955-09-08,49.2,67.7,58.4
1955-09-09,54.8,85.5,69.5
1955-09-10,65.8,90.1,79.2
1955-09-11,55.7,67.6,61.9
1955-09-12,45.0,68.4,57.5
1955-09-13,46.8,71.7,60.1
1955-09-14,58.5,81.9,69.7
1955-09-15,57.8,81.2,69.8
1955-09-16,64.3,87.7,74.4
1955-09-17,63.0,90.5,76.7
1955-09-18,65.3,89.6,76.6
1955-09-19,62.2,89.7,75.6
1955-09-20,59.9,75.4,69.0
1955-09-21,52.9,67.6,59.4
1955-09-22,57.2,71.9,63.6
1955-09-23,54.5,60.7,57.8
1955-09-24,54.6,67.4,60.8
1955-09-25,50.8,64.5,56.8
1955-09-26,46.0,60.9,53.7
1955-09-27,54.2,67.0,60.5
1955-09-28,52.8,69.1,62.0
1955-09-29,50.9,74.5,62.4
1955-09-30,53.1,66.9,62.6
1955-10-01,47.1,61.4,53.6
1955-10-02,43.3,67.1,55.0
1955-10-03,48.1,67.1,56.7
1955-10-04,55.1,76.5,64.9
1955-10-05,62.2,66.4,64.0
1955-10-06,66.2,74.8,69.2
1955-10-07,52.7,69.7,63.0
1955-10-08,48.2,61.7,53.6
1955-10-09,46.4,66.7,55.7
1955-10-10,50.7,71.3,59.7
1955-10-11,48.8,71.6,59.6
1955-10-12,56.8,69.5,61.4
1955-10-13,47.8,61.3,54.4
1955-10-14,38.9,58.8,49.2
1955-10-15,42.8,57.8,49.5
1955-10-16,44.7,51.7,48.4
1955-10-17,47.2,54.8,50.3
1955-10-18,45.3,55.1,49.5
1955-10-19,44.2,53.5,48.7
1955-10-20,41.7,63.9,52.7
1955-10-21,38.1,58.2,49.7
1955-10-22,33.1,52.4,42.6
1955-10-23,43.2,72.2,58.1
1955-10-24,37.6,64.8,46.1
1955-10-25,33.7,50.9,42.3
1955-10-26,42.2,59.5,50.5
1955-10-27,41.1,68.4,53.5
1955-10-28,48.7,66.5,56.8
1955-10-29,45.2,56.2,51.8
1955-10-30,38.6,48.8,43.7
1955-10-31,35.8,44.1,39.6
1955-11-01,37.8,57.1,47.1
1955-11-02,46.4,53.8,48.8
1955-11-03,31.8,48.6,36.3
1955-11-04,29.4,38.2,33.6
1955-11-05,26.1,46.6,36.5
1955-11-06,37.0,47.8,40.4
1955-11-07,28.6,37.7,33.0
1955-11-08,28.5,41.0,33.7
1955-11-09,32.7,39.2,35.6
1955-11-10,30.3,48.0,38.2
1955-11-11,36.9,55.8,45.2
1955-11-12,39.4,57.4,48.3
1955-11-13,47.8,60.1,53.9
1955-11-14,38.7,58.6,45.8
1955-11-15,38.5,58.4,43.7
1955-11-16,21.6,58.5,43.8
1955-11-17,20.2,33.3,26.9
1955-11-18,26.9,37.1,31.4
1955-11-19,21.6,34.5,30.1
1955-11-20,19.0,35.3,28.3
1955-11-21,28.3,36.0,32.9
1955-11-22,29.5,43.3,36.3
1955-11-23,31.5,55.7,44.5
1955-11-24,25.7,34.5,29.3
1955-11-25,21.5,32.9,27.3
1955-11-26,22.3,37.6,29.5
1955-11-27,25.2,42.6,34.2
1955-11-28,11.2,23.1,15.6
1955-11-29,13.0,33.9,24.6
1955-11-30,23.9,31.7,27.5
1955-12-01,19.8,30.1,25.0
1955-12-02,27.5,36.8,32.5
1955-12-03,32.8,37.1,34.7
1955-12-04,28.4,50.1,37.5
1955-12-05,24.0,28.9,27.0
1955-12-06,21.5,28.4,24.2
1955-12-07,22.8,37.1,29.2
1955-12-08,24.4,37.0,29.8
1955-12-09,17.6,29.1,25.2
1955-12-10,13.0,28.3,19.9
1955-12-11,18.2,29.6,23.3
1955-12-12,22.3,30.6,26.3
1955-12-13,22.5,30.9,26.8
1955-12-14,25.2,33.3,29.9
1955-12-15,12.8,24.7,16.7
1955-12-16,13.8,24.6,18.7
1955-12-17,19.6,28.9,23.4
1955-12-18,17.1,26.2,22.0
1955-12-19,13.3,20.4,17.0
1955-12-20,5.7,18.5,11.7
1955-12-21,10.6,23.0,15.9
1955-12-22,15.8,32.3,24.6
1955-12-23,24.5,35.7,29.7
1955-12-24,36.8,52.2,44.6
1955-12-25,25.2,36.8,30.9
1955-12-26,21.7,32.0,25.9
1955-12-27,17.2,27.0,21.5
1955-12-28,19.0,32.3,24.9
1955-12-29,27.0,38.8,35.4
1955-12-30,19.5,25.9,22.2
1955-12-31,20.2,31.3,24.8
1956-01-01,17.9,33.3,25.2
1956-01-02,25.0,35.1,30.1
1956-01-03,29.1,35.2,32.5
1956-01-04,24.8,32.2,28.0
1956-01-05,21.6,36.9,27.4
1956-01-06,24.5,42.9,32.2
1956-01-07,20.3,31.0,24.8
1956-01-08,14.0,22.6,19.4
1956-01-09,13.2,24.1,18.1
1956-01-10,24.9,36.0,32.3
1956-01-11,27.5,33.2,31.4
1956-01-12,20.6,27.2,24.0
1956-01-13,15.7,32.0,22.8
1956-01-14,9.9,30.6,19.6
1956-01-15,11.2,29.9,22.3
1956-01-16,20.0,29.2,24.3
1956-01-17,16.0,27.2,20.4
1956-01-18,12.4,29.2,21.1
1956-01-19,21.6,26.0,23.9
1956-01-20,19.4,28.5,23.2
1956-01-21,23.4,29.1,25.8
1956-01-22,8.8,23.6,18.4
1956-01-23,3.8,21.9,10.4
1956-01-24,-4.1,24.5,7.5
1956-01-25,-3.0,23.8,7.9
1956-01-26,-2.7,28.0,10.2
1956-01-27,8.2,29.8,16.7
1956-01-28,6.9,36.6,21.6
1956-01-29,24.4,37.5,32.7
1956-01-30,18.7,26.5,22.8
1956-01-31,10.1,26.6,18.5
1956-02-01,-3.0,23.7,12.6
1956-02-02,24.2,30.3,26.9
1956-02-03,6.9,24.7,15.1
1956-02-04,3.7,32.9,17.1
1956-02-05,11.4,32.3,21.4
1956-02-06,7.2,30.3,22.6
1956-02-07,28.4,35.6,31.5
1956-02-08,27.1,39.7,32.9
1956-02-09,30.6,33.9,32.4
1956-02-10,23.0,34.0,28.4
1956-02-11,23.4,32.5,29.1
1956-02-12,27.0,32.0,29.4
1956-02-13,25.9,31.6,28.3
1956-02-14,28.0,42.8,35.3
1956-02-15,12.4,30.6,22.2
1956-02-16,0.9,24.4,13.7
1956-02-17,22.1,36.2,29.4
1956-02-18,16.1,32.8,28.9
1956-02-19,9.1,33.3,20.6
1956-02-20,11.1,28.9,19.6
1956-02-21,4.1,19.3,11.0
1956-02-22,2.1,22.5,10.7
1956-02-23,-4.2,25.5,10.2
1956-02-24,10.9,41.8,30.5
1956-02-25,19.7,44.1,33.3
1956-02-26,6.9,40.8,23.9
1956-02-27,14.7,27.0,20.8
1956-02-28,4.4,27.3,15.0
1956-02-29,3.5,32.0,17.3
1956-03-01,12.6,50.9,35.1
1956-03-02,30.3,43.9,38.0
1956-03-03,27.7,45.0,35.1
1956-03-04,23.7,48.0,35.4
1956-03-05,33.0,47.1,38.6
1956-03-06,35.1,55.1,41.7
1956-03-07,33.7,56.9,38.6
1956-03-08,20.4,33.6,24.2
1956-03-09,20.3,45.7,29.7
1956-03-10,25.1,38.8,31.0
1956-03-11,27.0,48.8,35.2
1956-03-12,25.0,33.8,28.6
1956-03-13,23.5,37.8,30.6
1956-03-14,24.5,35.1,29.1
1956-03-15,21.9,34.4,27.5
1956-03-16,17.7,30.2,24.7
1956-03-17,10.9,31.0,23.6
1956-03-18,17.4,31.7,24.5
1956-03-19,14.9,32.5,22.2
1956-03-20,16.9,35.6,25.7
1956-03-21,14.5,42.2,28.4
1956-03-22,30.2,43.8,36.6
1956-03-23,25.1,32.3,29.2
1956-03-24,6.8,29.1,20.5
1956-03-25,-1.8,37.2,20.7
1956-03-26,19.7,45.6,33.3
1956-03-27,19.7,37.4,28.7
1956-03-28,25.3,32.8,29.0
1956-03-29,28.5,42.4,34.5
1956-03-30,26.3,39.6,32.0
1956-03-31,24.8,42.6,31.9
1956-04-01,23.8,45.6,35.0
1956-04-02,37.5,70.4,55.0
1956-04-03,58.9,65.3,61.1
1956-04-04,42.5,62.2,49.5
1956-04-05,35.7,62.3,48.4
1956-04-06,36.9,62.8,49.8
1956-04-07,32.1,42.3,37.6
1956-04-08,29.8,43.9,35.5
1956-04-09,28.9,49.9,37.8
1956-04-10,25.4,49.6,37.2
1956-04-11,31.1,56.8,42.7
1956-04-12,28.8,62.2,46.3
1956-04-13,31.3,51.1,40.5
1956-04-14,30.7,64.2,48.1
1956-04-15,38.7,55.7,46.5
1956-04-16,34.3,46.3,40.2
1956-04-17,32.5,43.9,37.4
1956-04-18,30.8,44.5,36.6
1956-04-19,28.0,48.7,37.5
1956-04-20,28.0,46.3,35.8
1956-04-21,32.8,55.0,44.5
1956-04-22,31.5,47.8,40.1
1956-04-23,27.5,44.2,36.6
1956-04-24,28.1,47.5,38.4
1956-04-25,33.1,49.2,40.7
1956-04-26,38.9,53.2,45.4
1956-04-27,41.8,74.7,57.9
1956-04-28,37.9,62.7,46.9
1956-04-29,38.0,56.0,45.7
1956-04-30,33.2,53.2,42.7
1956-05-01,30.4,56.3,44.9
1956-05-02,42.3,64.3,50.5
1956-05-03,40.5,61.4,52.1
1956-05-04,38.8,55.0,46.3
1956-05-05,36.1,57.8,47.5
1956-05-06,43.7,51.8,48.0
1956-05-07,38.2,55.6,46.0
1956-05-08,29.8,52.3,42.0
1956-05-09,38.4,65.7,52.9
1956-05-10,46.8,64.9,55.2
1956-05-11,47.3,77.5,63.7
1956-05-12,61.2,79.9,70.9
1956-05-13,63.9,81.7,73.8
1956-05-14,52.6,76.4,64.1
1956-05-15,46.8,59.6,53.1
1956-05-16,34.7,49.3,42.6
1956-05-17,39.3,51.2,45.0
1956-05-18,40.8,63.5,51.9
1956-05-19,43.9,58.5,52.8
1956-05-20,36.1,60.2,49.2
1956-05-21,48.5,78.3,62.1
1956-05-22,60.4,82.0,70.2
1956-05-23,44.5,64.7,53.0
1956-05-24,36.4,55.2,45.8
1956-05-25,42.0,62.9,52.1
1956-05-26,48.9,70.5,59.8
1956-05-27,55.8,74.4,65.4
1956-05-28,48.7,68.5,58.5
1956-05-29,53.1,78.3,66.0
1956-05-30,68.0,82.2,72.3
1956-05-31,58.7,75.9,69.6
1956-06-01,44.1,55.9,48.8
1956-06-02,44.4,55.7,50.6
1956-06-03,43.1,57.4,50.6
1956-06-04,49.5,66.3,56.9
1956-06-05,52.5,70.0,59.9
1956-06-06,48.8,72.8,62.0
1956-06-07,49.5,79.1,66.5
1956-06-08,59.7,76.3,67.5
1956-06-09,53.2,79.9,67.8
1956-06-10,62.5,82.6,71.8
1956-06-11,58.6,84.4,72.9
1956-06-12,66.9,89.0,77.7
1956-06-13,68.8,90.1,78.1
1956-06-14,69.3,88.2,78.3
1956-06-15,67.6,85.6,75.2
1956-06-16,66.8,81.2,73.5
1956-06-17,66.0,79.7,71.9
1956-06-18,64.0,75.1,69.4
1956-06-19,57.1,75.0,66.4
1956-06-20,63.9,79.7,71.8
1956-06-21,69.5,83.8,75.0
1956-06-22,65.9,84.5,74.8
1956-06-23,70.2,83.6,74.8
1956-06-24,68.4,83.6,75.5
1956-06-25,61.2,71.3,66.2
1956-06-26,55.6,79.8,68.8
1956-06-27,62.3,75.9,69.4
1956-06-28,54.9,69.1,62.1
1956-06-29,50.4,75.0,64.2
1956-06-30,60.1,82.8,72.1
1956-07-01,69.3,89.7,79.6
1956-07-02,68.1,81.1,74.8
1956-07-03,63.9,78.4,70.5
1956-07-04,61.2,70.6,65.2
1956-07-05,60.5,65.3,63.3
1956-07-06,60.1,77.5,68.3
1956-07-07,61.2,81.2,70.8
1956-07-08,65.1,79.6,71.7
1956-07-09,61.6,69.5,65.6
1956-07-10,58.2,77.4,67.5
1956-07-11,60.7,80.6,70.7
1956-07-12,64.2,79.9,70.9
1956-07-13,63.4,76.6,69.0
1956-07-14,60.5,77.4,68.2
1956-07-15,57.0,82.2,70.5
1956-07-16,65.1,78.1,71.1
1956-07-17,61.2,72.9,66.2
1956-07-18,53.1,74.3,65.1
1956-07-19,61.1,75.7,67.7
1956-07-20,60.9,76.9,68.2
1956-07-21,60.6,77.8,68.7
1956-07-22,62.2,76.3,69.4
1956-07-23,61.9,77.5,69.7
1956-07-24,60.4,80.4,71.4
1956-07-25,66.0,79.5,71.2
1956-07-26,65.2,82.8,73.8
1956-07-27,69.0,89.5,79.2
1956-07-28,66.9,79.1,72.8
1956-07-29,58.5,72.9,65.5
1956-07-30,53.4,73.5,64.5
1956-07-31,62.8,66.8,64.7
1956-08-01,60.3,76.6,68.5
1956-08-02,57.5,74.6,66.1
1956-08-03,57.0,73.4,65.4
1956-08-04,63.0,85.1,72.2
1956-08-05,69.1,83.4,74.8
1956-08-06,65.2,74.0,69.6
1956-08-07,61.4,80.9,71.6
1956-08-08,64.8,83.9,74.4
1956-08-09,69.2,81.1,73.3
1956-08-10,64.1,80.7,72.0
1956-08-11,59.3,80.1,69.4
1956-08-12,64.0,79.1,70.8
1956-08-13,66.5,81.1,72.4
1956-08-14,64.7,80.2,72.3
1956-08-15,63.1,80.6,71.0
1956-08-16,66.7,84.2,74.5
1956-08-17,65.6,83.9,75.0
1956-08-18,69.2,81.5,73.8
1956-08-19,58.7,70.8,64.8
1956-08-20,54.6,67.0,60.8
1956-08-21,49.5,67.6,59.6
1956-08-22,55.3,72.2,64.0
1956-08-23,57.0,71.3,63.6
1956-08-24,52.2,67.8,60.4
1956-08-25,49.0,72.0,61.1
1956-08-26,50.5,72.8,62.4
1956-08-27,61.7,86.1,73.2
1956-08-28,69.1,85.8,76.5
1956-08-29,66.9,83.1,75.2
1956-08-30,67.8,79.3,72.6
1956-08-31,68.4,85.2,75.5
1956-09-01,62.5,72.9,69.0
1956-09-02,57.1,74.2,65.0
1956-09-03,53.4,76.9,66.0
1956-09-04,61.4,82.6,70.8
1956-09-05,59.8,80.9,71.2
1956-09-06,57.5,70.7,64.2
1956-09-07,49.0,61.7,55.8
1956-09-08,44.9,61.9,54.4
1956-09-09,50.1,64.8,56.2
1956-09-10,50.6,70.1,59.9
1956-09-11,54.1,74.5,64.2
1956-09-12,57.1,78.9,67.4
1956-09-13,59.9,85.5,73.4
1956-09-14,58.6,75.4,66.5
1956-09-15,53.0,61.6,56.3
1956-09-16,52.6,73.2,62.4
1956-09-17,52.3,63.5,58.3
1956-09-18,43.8,62.1,53.2
1956-09-19,46.0,57.7,53.6
1956-09-20,37.3,51.2,44.8
1956-09-21,38.6,59.2,49.1
1956-09-22,46.7,78.7,61.9
1956-09-23,54.1,69.0,62.1
1956-09-24,49.4,67.6,57.5
1956-09-25,43.8,66.8,55.1
1956-09-26,49.2,64.2,55.6
1956-09-27,47.4,64.0,54.3
1956-09-28,42.1,66.2,54.1
1956-09-29,51.9,75.9,62.7
1956-09-30,47.2,62.7,55.7
1956-10-01,40.6,67.0,54.4
1956-10-02,55.9,73.1,65.5
1956-10-03,47.3,66.5,56.9
1956-10-04,49.7,70.3,58.8
1956-10-05,45.0,60.5,51.8
1956-10-06,45.4,70.9,55.7
1956-10-07,45.4,54.4,49.8
1956-10-08,44.4,70.2,56.0
1956-10-09,42.1,52.9,47.6
1956-10-10,35.5,52.3,44.1
1956-10-11,34.0,54.1,44.2
1956-10-12,44.4,69.1,55.5
1956-10-13,54.4,76.5,64.2
1956-10-14,56.0,77.4,65.2
1956-10-15,55.1,75.7,65.0
1956-10-16,53.6,76.7,64.6
1956-10-17,56.6,76.7,64.9
1956-10-18,51.5,64.9,58.1
1956-10-19,46.8,61.2,52.8
1956-10-20,51.0,68.7,58.3
1956-10-21,51.9,69.8,59.9
1956-10-22,52.4,67.6,59.2
1956-10-23,48.3,69.5,57.2
1956-10-24,45.1,55.7,49.5
1956-10-25,47.5,61.6,54.1
1956-10-26,47.6,61.1,53.0
1956-10-27,41.4,58.0,48.8
1956-10-28,41.2,59.8,50.0
1956-10-29,47.0,65.2,54.8
1956-10-30,48.7,70.6,58.3
1956-10-31,55.0,66.4,59.7
1956-11-01,54.0,66.1,59.8
1956-11-02,50.0,64.9,55.5
1956-11-03,51.3,63.3,57.4
1956-11-04,54.8,61.3,58.0
1956-11-05,52.3,65.6,57.0
1956-11-06,49.0,66.1,55.8
1956-11-07,40.2,55.8,48.0
1956-11-08,35.7,43.8,40.0
1956-11-09,33.1,47.3,39.1
1956-11-10,28.6,38.2,34.1
1956-11-11,35.0,57.1,45.6
1956-11-12,34.1,47.9,42.1
1956-11-13,29.8,47.8,39.2
1956-11-14,46.2,64.6,55.4
1956-11-15,51.5,63.5,59.2
1956-11-16,31.6,47.3,36.1
1956-11-17,25.6,36.1,30.8
1956-11-18,21.8,39.9,31.2
1956-11-19,29.8,49.6,37.9
1956-11-20,33.5,46.4,40.6
1956-11-21,32.5,56.8,41.9
1956-11-22,20.8,33.0,27.9
1956-11-23,14.9,25.9,20.3
1956-11-24,18.6,29.6,23.4
1956-11-25,24.2,30.0,27.0
1956-11-26,24.4,33.7,30.0
1956-11-27,16.2,30.3,24.0
1956-11-28,23.0,33.1,28.1
1956-11-29,18.9,28.1,22.7
1956-11-30,16.1,27.3,21.4
1956-12-01,22.1,33.9,28.0
1956-12-02,27.7,36.0,32.5
1956-12-03,32.9,44.7,37.0
1956-12-04,29.2,40.2,33.6
1956-12-05,35.2,54.5,45.9
1956-12-06,43.8,57.7,50.4
1956-12-07,37.2,45.5,41.1
1956-12-08,30.3,36.7,32.7
1956-12-09,21.3,30.2,27.0
1956-12-10,21.6,31.3,26.4
1956-12-11,30.9,39.9,35.4
1956-12-12,20.0,32.9,25.4
1956-12-13,16.0,27.4,22.0
1956-12-14,23.5,34.7,28.9
1956-12-15,33.4,41.6,36.9
1956-12-16,31.8,36.5,34.1
1956-12-17,30.3,42.3,37.4
1956-12-18,19.9,28.0,23.7
1956-12-19,21.9,40.5,30.4
1956-12-20,27.0,40.3,33.5
1956-12-21,34.4,43.5,38.4
1956-12-22,36.8,41.3,39.2
1956-12-23,35.8,45.4,39.5
1956-12-24,33.3,43.3,37.8
1956-12-25,27.6,32.5,30.3
1956-12-26,27.9,33.9,30.1
1956-12-27,31.4,38.1,34.1
1956-12-28,23.0,30.7,28.5
1956-12-29,17.6,26.6,22.3
1956-12-30,8.8,33.0,18.3
1956-12-31,17.0,35.2,28.9
1957-01-01,11.7,17.0,14.6
1957-01-02,12.0,27.1,18.9
1957-01-03,17.2,32.3,24.7
1957-01-04,24.7,33.0,30.0
1957-01-05,20.6,26.5,23.7
1957-01-06,22.2,31.5,26.2
1957-01-07,26.2,34.2,29.5
1957-01-08,20.8,31.9,27.5
1957-01-09,23.5,34.6,30.2
1957-01-10,10.4,23.5,16.0
1957-01-11,4.0,17.6,10.2
1957-01-12,16.5,27.8,22.4
1957-01-13,-4.8,17.9,4.0
1957-01-14,-5.5,11.1,3.1
1957-01-15,-5.2,17.7,6.6
1957-01-16,-5.8,8.7,3.9
1957-01-17,-8.9,9.2,-0.7
1957-01-18,2.9,15.3,6.8
1957-01-19,3.8,27.3,15.0
1957-01-20,20.6,35.2,32.2
1957-01-21,34.1,52.1,41.7
1957-01-22,23.4,52.4,44.4
1957-01-23,8.1,21.1,13.3
1957-01-24,0.2,21.0,12.6
1957-01-25,15.9,24.9,19.4
1957-01-26,9.7,19.2,15.1
1957-01-27,11.4,20.7,15.0
1957-01-28,11.9,21.7,16.7
1957-01-29,15.7,25.3,22.2
1957-01-30,5.6,21.5,13.7
1957-01-31,10.6,29.5,20.8
1957-02-01,13.1,25.5,20.2
1957-02-02,9.8,27.7,20.5
1957-02-03,23.3,36.9,30.4
1957-02-04,16.9,30.6,24.9
1957-02-05,14.1,28.9,21.3
1957-02-06,20.2,37.0,28.6
1957-02-07,27.8,37.0,32.6
1957-02-08,24.3,36.6,30.3
1957-02-09,34.5,43.5,39.3
1957-02-10,26.9,35.7,32.1
1957-02-11,18.6,30.8,23.9
1957-02-12,19.0,33.1,26.5
1957-02-13,25.1,43.2,33.2
1957-02-14,18.4,30.8,25.9
1957-02-15,9.6,30.2,20.9
1957-02-16,16.1,29.9,24.9
1957-02-17,13.1,28.9,19.2
1957-02-18,13.0,38.1,25.2
1957-02-19,11.2,24.5,17.4
1957-02-20,9.0,30.1,17.9
1957-02-21,18.3,35.2,25.6
1957-02-22,25.1,40.1,31.8
1957-02-23,25.8,38.1,32.1
1957-02-24,25.7,48.9,37.9
1957-02-25,41.5,60.9,51.7
1957-02-26,31.6,44.2,37.3
1957-02-27,18.0,30.5,25.1
1957-02-28,17.9,35.4,24.7
1957-03-01,21.6,44.1,31.6
1957-03-02,20.0,30.6,26.4
1957-03-03,14.9,29.4,22.1
1957-03-04,16.8,33.3,23.6
1957-03-05,19.3,37.0,27.2
1957-03-06,26.2,42.3,32.4
1957-03-07,25.6,38.7,30.9
1957-03-08,23.5,40.7,29.6
1957-03-09,24.1,39.2,30.0
1957-03-10,23.6,40.4,30.8
1957-03-11,31.9,54.7,44.5
1957-03-12,37.6,52.9,46.1
1957-03-13,36.8,64.2,49.9
1957-03-14,36.4,65.0,51.6
1957-03-15,34.2,55.6,39.3
1957-03-16,27.7,41.9,33.4
1957-03-17,25.6,45.5,34.1
1957-03-18,26.7,39.3,32.3
1957-03-19,31.1,38.0,33.3
1957-03-20,28.2,38.4,32.4
1957-03-21,24.3,46.1,34.4
1957-03-22,29.0,47.3,37.1
1957-03-23,26.1,53.2,39.4
1957-03-24,26.3,42.7,34.0
1957-03-25,25.9,35.6,30.7
1957-03-26,29.8,37.6,33.0
1957-03-27,28.6,42.3,35.2
1957-03-28,26.6,46.0,35.1
1957-03-29,27.4,44.2,34.8
1957-03-30,25.2,46.7,35.7
1957-03-31,22.8,48.3,35.9
1957-04-01,33.6,50.4,42.6
1957-04-02,27.1,44.4,37.8
1957-04-03,24.5,35.5,30.7
1957-04-04,30.5,45.0,36.4
1957-04-05,37.4,56.5,46.1
1957-04-06,34.2,40.5,37.2
1957-04-07,29.4,40.3,35.6
1957-04-08,28.1,35.7,31.5
1957-04-09,24.4,42.0,33.4
1957-04-10,25.5,47.1,36.3
1957-04-11,31.8,47.8,39.2
1957-04-12,24.4,37.6,31.4
1957-04-13,26.1,38.5,31.8
1957-04-14,25.9,39.7,32.9
1957-04-15,25.2,48.4,37.9
1957-04-16,37.9,52.0,44.5
1957-04-17,42.3,51.4,46.9
1957-04-18,45.7,57.8,50.6
1957-04-19,48.5,73.8,60.4
1957-04-20,62.2,77.6,69.2
1957-04-21,49.6,67.1,60.4
1957-04-22,43.0,64.1,53.8
1957-04-23,52.7,74.0,63.1
1957-04-24,60.6,79.1,67.6
1957-04-25,57.2,75.7,65.4
1957-04-26,54.7,77.6,66.6
1957-04-27,50.9,74.6,62.5
1957-04-28,47.4,59.5,54.1
1957-04-29,39.6,71.3,57.2
1957-04-30,47.6,67.4,57.6
1957-05-01,48.7,78.8,61.4
1957-05-02,37.1,54.6,46.2
1957-05-03,33.0,45.0,38.8
1957-05-04,34.2,51.7,42.2
1957-05-05,35.7,57.1,46.4
1957-05-06,35.2,66.7,52.6
1957-05-07,47.9,72.8,60.5
1957-05-08,53.7,75.4,64.6
1957-05-09,61.2,75.8,66.6
1957-05-10,50.1,69.1,58.6
1957-05-11,49.8,62.1,55.2
1957-05-12,54.3,69.8,60.4
1957-05-13,56.8,72.8,63.9
1957-05-14,55.1,75.1,65.3
1957-05-15,42.4,67.4,58.6
1957-05-16,38.0,54.1,45.7
1957-05-17,38.7,50.4,45.4
1957-05-18,45.7,56.7,50.2
1957-05-19,45.1,49.4,47.1
1957-05-20,45.4,55.8,50.3
1957-05-21,45.0,60.3,54.2
1957-05-22,61.1,78.9,69.5
1957-05-23,53.4,71.1,64.1
1957-05-24,47.2,68.1,58.0
1957-05-25,46.6,70.7,60.5
1957-05-26,60.6,73.8,67.3
1957-05-27,48.4,59.1,53.8
1957-05-28,41.6,66.7,54.3
1957-05-29,47.3,69.9,59.6
1957-05-30,52.1,76.6,65.5
1957-05-31,59.5,75.7,65.9
1957-06-01,56.2,68.2,63.6
1957-06-02,46.6,63.6,55.3
1957-06-03,39.0,69.3,56.6
1957-06-04,50.3,75.6,64.2
1957-06-05,53.9,75.5,64.5
1957-06-06,54.5,76.3,64.8
1957-06-07,50.6,62.8,57.6
1957-06-08,46.9,65.6,56.9
1957-06-09,51.4,64.3,58.6
1957-06-10,59.7,77.4,68.9
1957-06-11,65.5,76.2,69.8
1957-06-12,63.7,73.4,68.2
1957-06-13,62.8,80.5,70.3
1957-06-14,65.5,82.5,73.6
1957-06-15,69.1,82.2,75.5
1957-06-16,69.7,88.5,78.5
1957-06-17,70.4,89.2,79.8
1957-06-18,71.0,83.3,77.1
1957-06-19,61.3,70.6,66.8
1957-06-20,53.4,77.2,66.4
1957-06-21,62.2,81.0,72.0
1957-06-22,63.7,85.9,74.4
1957-06-23,65.7,81.9,74.0
1957-06-24,57.9,67.6,63.9
1957-06-25,56.3,71.7,64.9
1957-06-26,59.4,77.7,69.3
1957-06-27,63.3,71.6,66.8
1957-06-28,61.2,68.6,65.6
1957-06-29,60.4,74.2,67.2
1957-06-30,63.0,75.4,68.6
1957-07-01,55.0,73.0,64.6
1957-07-02,53.8,79.2,68.1
1957-07-03,67.3,82.8,75.6
1957-07-04,68.8,78.2,73.1
1957-07-05,63.0,72.7,67.8
1957-07-06,60.4,76.6,68.9
1957-07-07,60.2,83.2,72.3
1957-07-08,71.9,76.0,73.4
1957-07-09,61.4,77.1,71.2
1957-07-10,54.7,73.7,64.5
1957-07-11,60.3,79.7,69.5
1957-07-12,63.6,84.1,73.1
1957-07-13,67.2,79.7,73.3
1957-07-14,60.9,83.9,73.7
1957-07-15,60.8,74.5,68.5
1957-07-16,53.5,75.6,65.7
1957-07-17,60.3,76.7,68.8
1957-07-18,60.0,81.1,70.6
1957-07-19,59.5,85.0,73.6
1957-07-20,64.6,89.1,78.1
1957-07-21,73.5,88.3,80.4
1957-07-22,65.4,84.4,74.9
1957-07-23,61.5,70.7,66.4
1957-07-24,57.1,74.0,65.5
1957-07-25,52.8,75.5,65.4
1957-07-26,60.3,77.8,69.7
1957-07-27,61.9,80.8,71.9
1957-07-28,61.8,83.3,74.6
1957-07-29,67.0,85.2,76.5
1957-07-30,68.4,84.9,76.6
1957-07-31,65.6,82.7,74.4
1957-08-01,61.1,82.8,72.9
1957-08-02,64.0,86.2,76.3
1957-08-03,73.1,80.9,76.4
1957-08-04,63.4,74.0,69.0
1957-08-05,56.1,69.0,62.4
1957-08-06,53.7,74.8,65.1
1957-08-07,58.5,79.3,69.6
1957-08-08,59.1,82.5,72.0
1957-08-09,67.7,85.6,75.7
1957-08-10,66.5,82.1,73.8
1957-08-11,62.8,85.7,75.1
1957-08-12,60.4,74.7,69.4
1957-08-13,53.9,75.4,65.2
1957-08-14,66.2,81.7,73.2
1957-08-15,64.0,84.3,73.4
1957-08-16,60.7,75.0,68.3
1957-08-17,56.8,73.4,66.7
1957-08-18,59.5,73.2,66.8
1957-08-19,57.3,74.8,67.0
1957-08-20,60.8,78.1,69.4
1957-08-21,58.5,77.4,67.3
1957-08-22,56.6,73.7,65.0
1957-08-23,51.7,80.9,67.2
1957-08-24,62.7,67.4,65.0
1957-08-25,59.9,71.4,65.6
1957-08-26,55.2,79.4,67.9
1957-08-27,57.7,69.4,64.3
1957-08-28,56.3,66.2,60.3
1957-08-29,60.7,76.6,68.1
1957-08-30,61.9,72.2,66.9
1957-08-31,63.0,78.4,70.1
1957-09-01,64.4,84.3,73.4
1957-09-02,68.9,83.0,74.0
1957-09-03,65.1,78.1,71.7
1957-09-04,57.7,68.9,62.8
1957-09-05,49.2,66.2,58.0
1957-09-06,47.0,69.6,60.3
1957-09-07,53.0,68.5,60.2
1957-09-08,50.7,68.2,59.2
1957-09-09,50.9,70.5,61.4
1957-09-10,61.9,67.1,64.4
1957-09-11,58.0,75.9,67.4
1957-09-12,64.5,76.9,69.0
1957-09-13,60.1,73.1,66.2
1957-09-14,52.7,72.3,63.2
1957-09-15,64.0,74.2,67.5
1957-09-16,56.8,69.8,62.9
1957-09-17,48.3,66.7,58.2
1957-09-18,51.2,73.1,61.8
1957-09-19,61.7,79.0,70.4
1957-09-20,67.4,71.5,69.2
1957-09-21,67.6,77.8,71.9
1957-09-22,56.4,67.7,61.4
1957-09-23,48.7,62.3,55.4
1957-09-24,42.0,62.3,52.9
1957-09-25,52.8,69.8,60.2
1957-09-26,44.1,55.5,50.9
1957-09-27,38.8,54.9,46.6
1957-09-28,36.0,57.8,47.0
1957-09-29,39.0,63.4,50.6
1957-09-30,40.9,70.0,55.7
1957-10-01,49.2,64.9,57.3
1957-10-02,45.6,66.5,54.8
1957-10-03,43.2,58.1,49.9
1957-10-04,43.0,59.5,50.6
1957-10-05,44.2,60.9,52.2
1957-10-06,47.4,62.6,54.6
1957-10-07,50.0,66.9,57.2
1957-10-08,46.4,67.7,56.5
1957-10-09,49.2,64.8,56.2
1957-10-10,43.4,55.5,49.3
1957-10-11,38.8,52.9,46.1
1957-10-12,38.7,54.0,45.3
1957-10-13,34.2,57.5,45.1
1957-10-14,38.2,61.7,49.3
1957-10-15,46.0,66.8,55.6
1957-10-16,53.2,60.6,56.9
1957-10-17,49.6,63.7,58.0
1957-10-18,44.5,48.9,46.9
1957-10-19,39.4,52.2,45.5
1957-10-20,39.2,59.2,47.4
1957-10-21,39.2,58.1,48.8
1957-10-22,49.5,59.8,53.2
1957-10-23,54.0,58.1,56.5
1957-10-24,41.3,59.7,47.6
1957-10-25,33.2,42.3,37.5
1957-10-26,30.5,39.6,34.3
1957-10-27,29.0,38.0,33.2
1957-10-28,31.6,53.1,41.1
1957-10-29,35.3,51.4,43.7
1957-10-30,42.0,51.1,46.0
1957-10-31,39.7,53.4,46.3
1957-11-01,40.7,57.5,47.9
1957-11-02,40.1,55.5,46.9
1957-11-03,41.3,55.1,47.3
1957-11-04,42.6,50.0,46.6
1957-11-05,37.8,45.9,41.7
1957-11-06,31.9,47.9,39.5
1957-11-07,36.2,50.6,42.9
1957-11-08,32.5,54.2,43.6
1957-11-09,27.3,34.5,30.3
1957-11-10,23.5,34.9,28.3
1957-11-11,24.3,42.7,31.9
1957-11-12,27.5,46.9,36.3
1957-11-13,35.5,48.8,41.8
1957-11-14,48.8,56.6,51.5
1957-11-15,45.0,52.5,48.2
1957-11-16,43.2,57.4,50.1
1957-11-17,38.5,44.0,41.2
1957-11-18,39.2,62.2,45.3
1957-11-19,34.4,62.1,38.9
1957-11-20,30.4,41.5,35.0
1957-11-21,28.9,37.2,32.5
1957-11-22,26.9,32.4,29.3
1957-11-23,25.2,39.1,31.8
1957-11-24,27.3,37.8,34.8
1957-11-25,23.1,32.2,27.5
1957-11-26,26.3,36.1,30.0
1957-11-27,29.2,56.6,43.4
1957-11-28,40.6,49.5,45.8
1957-11-29,29.8,41.0,37.2
1957-11-30,24.5,32.8,29.5
1957-12-01,21.4,39.3,30.3
1957-12-02,24.8,33.7,30.6
1957-12-03,24.7,28.9,26.7
1957-12-04,22.5,34.2,27.2
1957-12-05,21.8,36.0,28.3
1957-12-06,37.1,52.3,45.9
1957-12-07,19.6,43.5,32.2
1957-12-08,15.4,32.3,25.0
1957-12-09,15.8,30.5,24.7
1957-12-10,17.4,33.6,27.1
1957-12-11,9.2,16.3,13.4
1957-12-12,9.1,21.6,14.6
1957-12-13,13.9,35.5,25.5
1957-12-14,28.0,37.9,33.1
1957-12-15,16.1,43.3,31.9
1957-12-16,26.5,39.4,33.8
1957-12-17,23.5,34.6,29.2
1957-12-18,32.2,50.0,42.0
1957-12-19,39.4,52.4,46.2
1957-12-20,42.5,53.2,48.8
1957-12-21,32.3,46.8,38.7
1957-12-22,25.9,50.9,38.1
1957-12-23,41.8,52.0,46.7
1957-12-24,24.2,40.0,32.8
1957-12-25,24.5,45.0,34.0
1957-12-26,30.7,42.8,35.3
1957-12-27,23.5,35.4,30.6
1957-12-28,25.9,37.7,32.5
1957-12-29,25.2,36.0,29.2
1957-12-30,27.4,40.6,31.8
1957-12-31,27.1,37.8,32.0
1958-01-01,17.4,32.5,21.5
1958-01-02,11.0,19.4,14.9
1958-01-03,7.8,18.9,12.4
1958-01-04,-2.1,21.0,10.5
1958-01-05,5.8,27.9,17.4
1958-01-06,25.8,35.8,30.1
1958-01-07,6.3,26.0,16.6
1958-01-08,0.2,17.1,6.7
1958-01-09,-1.3,29.7,15.6
1958-01-10,25.0,38.9,31.0
1958-01-11,15.6,28.7,21.9
1958-01-12,13.5,33.1,21.5
1958-01-13,17.5,37.4,26.7
1958-01-14,26.8,36.1,30.9
1958-01-15,23.9,33.0,28.5
1958-01-16,19.0,30.3,24.6
1958-01-17,17.5,29.3,23.6
1958-01-18,11.7,21.1,16.2
1958-01-19,11.6,28.3,20.5
1958-01-20,27.0,36.6,30.8
1958-01-21,27.1,32.7,30.5
1958-01-22,24.1,33.5,31.2
1958-01-23,9.9,30.8,20.8
1958-01-24,16.9,31.0,25.7
1958-01-25,29.7,33.8,32.0
1958-01-26,14.7,33.3,26.9
1958-01-27,28.9,34.8,31.6
1958-01-28,26.8,35.0,31.2
1958-01-29,21.6,27.3,24.0
1958-01-30,21.2,29.4,24.8
1958-01-31,21.8,29.0,24.5
1958-02-01,12.8,26.4,20.1
1958-02-02,13.6,25.2,19.8
1958-02-03,9.0,23.3,15.1
1958-02-04,14.2,31.1,20.9
1958-02-05,12.1,33.0,24.6
1958-02-06,27.2,32.8,30.0
1958-02-07,11.6,28.7,17.9
1958-02-08,0.9,12.4,6.9
1958-02-09,-2.9,11.5,2.9
1958-02-10,-1.8,15.2,5.9
1958-02-11,-2.5,12.2,4.2
1958-02-12,-2.9,15.4,6.6
1958-02-13,-4.5,18.0,7.4
1958-02-14,0.3,21.8,11.7
1958-02-15,12.6,25.5,19.0
1958-02-16,-9.0,11.2,3.7
1958-02-17,-12.6,3.6,-5.8
1958-02-18,-6.3,9.6,0.7
1958-02-19,2.5,23.9,12.5
1958-02-20,-1.8,26.8,12.5
1958-02-21,12.3,34.1,25.2
1958-02-22,21.7,33.9,28.0
1958-02-23,22.1,42.4,31.8
1958-02-24,21.1,48.7,35.2
1958-02-25,28.0,44.6,34.9
1958-02-26,27.8,47.3,37.3
1958-02-27,33.1,40.5,36.3
1958-02-28,33.1,42.2,36.4
1958-03-01,30.8,38.3,33.7
1958-03-02,31.2,40.0,34.6
1958-03-03,27.9,37.9,32.0
1958-03-04,27.4,37.5,32.9
1958-03-05,29.8,40.1,34.7
1958-03-06,30.4,41.4,35.7
1958-03-07,26.1,39.1,30.8
1958-03-08,22.3,38.8,29.3
1958-03-09,21.4,32.9,25.1
1958-03-10,22.4,37.8,29.8
1958-03-11,27.0,36.8,31.8
1958-03-12,26.0,42.3,33.2
1958-03-13,25.9,39.7,32.3
1958-03-14,26.3,39.3,32.7
1958-03-15,28.1,37.0,32.1
1958-03-16,27.0,38.9,32.0
1958-03-17,27.6,41.5,34.5
1958-03-18,26.3,42.1,34.0
1958-03-19,28.4,42.8,35.2
1958-03-20,26.9,42.8,34.5
1958-03-21,28.6,41.6,34.3
1958-03-22,29.2,46.8,37.1
1958-03-23,25.9,48.0,36.1
1958-03-24,29.8,42.9,35.5
1958-03-25,30.1,42.9,34.9
1958-03-26,29.2,47.3,37.1
1958-03-27,34.4,48.8,40.0
1958-03-28,33.5,49.1,40.6
1958-03-29,29.3,53.6,41.2
1958-03-30,34.4,52.7,42.1
1958-03-31,31.8,52.3,41.3
1958-04-01,26.8,52.7,39.6
1958-04-02,31.5,50.5,40.1
1958-04-03,29.2,52.0,40.9
1958-04-04,35.1,54.1,44.3
1958-04-05,40.5,54.1,47.6
1958-04-06,38.6,59.7,51.5
1958-04-07,32.5,48.1,39.4
1958-04-08,31.6,47.8,38.9
1958-04-09,24.0,44.2,33.8
1958-04-10,28.5,45.5,36.8
1958-04-11,33.7,40.0,35.8
1958-04-12,33.9,53.2,42.9
1958-04-13,33.3,61.0,47.2
1958-04-14,39.0,63.2,51.6
1958-04-15,38.4,67.7,53.4
1958-04-16,41.2,71.1,56.9
1958-04-17,42.3,75.7,60.5
1958-04-18,52.6,71.6,62.0
1958-04-19,45.8,77.1,61.2
1958-04-20,49.7,66.7,57.8
1958-04-21,44.6,63.1,53.6
1958-04-22,46.1,65.2,53.7
1958-04-23,38.8,56.2,48.6
1958-04-24,40.0,68.4,51.8
1958-04-25,34.5,55.5,44.2
1958-04-26,31.2,50.2,40.2
1958-04-27,34.7,54.3,44.3
1958-04-28,44.2,61.6,52.0
1958-04-29,34.4,52.4,43.8
1958-04-30,30.3,57.4,44.3
1958-05-01,43.2,65.8,53.9
1958-05-02,36.7,56.8,47.1
1958-05-03,49.0,67.9,59.8
1958-05-04,38.7,58.5,46.6
1958-05-05,34.4,53.9,43.9
1958-05-06,39.4,52.7,44.9
1958-05-07,38.5,61.5,49.9
1958-05-08,34.9,63.5,50.6
1958-05-09,37.8,55.5,47.1
1958-05-10,37.9,74.8,57.5
1958-05-11,51.8,78.6,64.7
1958-05-12,47.5,67.6,57.8
1958-05-13,42.3,71.4,57.8
1958-05-14,48.7,77.8,64.5
1958-05-15,60.3,78.3,68.9
1958-05-16,48.5,76.3,64.4
1958-05-17,52.3,79.8,67.5
1958-05-18,62.1,77.8,70.0
1958-05-19,54.9,68.3,62.0
1958-05-20,51.7,65.7,58.9
1958-05-21,46.7,68.4,57.9
1958-05-22,49.4,68.5,58.5
1958-05-23,41.2,63.0,52.3
1958-05-24,40.7,71.0,58.5
1958-05-25,52.5,69.3,62.3
1958-05-26,40.2,65.8,54.0
1958-05-27,48.8,78.5,64.7
1958-05-28,52.9,65.2,58.7
1958-05-29,43.3,71.6,59.0
1958-05-30,59.5,82.5,70.9
1958-05-31,61.8,79.1,69.1
1958-06-01,55.8,71.6,65.4
1958-06-02,50.6,65.9,57.7
1958-06-03,45.2,69.7,58.9
1958-06-04,52.0,79.7,66.9
1958-06-05,56.9,78.4,69.1
1958-06-06,47.8,67.6,57.3
1958-06-07,45.5,73.9,62.0
1958-06-08,60.0,77.4,68.9
1958-06-09,53.4,66.8,61.4
1958-06-10,62.2,78.3,71.7
1958-06-11,58.5,70.5,66.5
1958-06-12,53.6,75.7,65.1
1958-06-13,60.9,72.2,66.7
1958-06-14,49.0,65.2,58.0
1958-06-15,49.5,66.1,57.4
1958-06-16,50.2,69.3,60.0
1958-06-17,48.4,70.4,60.3
1958-06-18,51.0,69.1,60.8
1958-06-19,54.8,72.9,63.1
1958-06-20,55.8,74.9,64.2
1958-06-21,50.4,66.3,59.6
1958-06-22,46.3,71.3,61.1
1958-06-23,53.8,69.7,61.6
1958-06-24,51.8,70.2,62.4
1958-06-25,54.6,71.1,62.2
1958-06-26,52.1,68.4,60.6
1958-06-27,55.8,73.3,65.4
1958-06-28,50.4,77.6,66.5
1958-06-29,59.6,81.5,71.7
1958-06-30,68.4,85.7,76.8
1958-07-01,68.4,84.7,77.2
1958-07-02,69.6,85.2,75.9
1958-07-03,62.5,69.9,67.7
1958-07-04,62.5,82.8,71.8
1958-07-05,68.4,82.7,74.4
1958-07-06,63.4,79.7,72.9
1958-07-07,66.4,76.9,71.9
1958-07-08,62.0,74.0,68.3
1958-07-09,56.4,81.2,70.0
1958-07-10,65.8,81.6,72.2
1958-07-11,61.7,76.6,69.7
1958-07-12,62.7,78.7,71.3
1958-07-13,63.3,78.3,72.0
1958-07-14,67.3,77.5,72.0
1958-07-15,69.1,83.5,74.7
1958-07-16,66.5,76.0,71.3
1958-07-17,60.0,71.6,66.5
1958-07-18,61.2,78.1,69.4
1958-07-19,62.1,73.8,68.0
1958-07-20,56.2,69.9,63.0
1958-07-21,54.3,75.7,65.7
1958-07-22,62.8,75.6,69.0
1958-07-23,60.7,80.3,71.8
1958-07-24,61.9,82.4,73.3
1958-07-25,63.4,79.1,71.7
1958-07-26,60.1,82.1,72.4
1958-07-27,62.0,82.2,73.5
1958-07-28,69.3,79.8,74.1
1958-07-29,64.9,82.3,71.9
1958-07-30,63.4,80.1,70.6
1958-07-31,61.2,72.1,66.1
1958-08-01,55.2,77.5,66.9
1958-08-02,58.4,80.3,70.4
1958-08-03,60.8,86.4,72.7
1958-08-04,62.6,81.3,72.2
1958-08-05,60.4,84.0,73.8
1958-08-06,69.3,81.1,74.0
1958-08-07,66.9,80.9,71.8
1958-08-08,63.0,77.7,70.4
1958-08-09,59.5,81.9,71.2
1958-08-10,66.4,84.8,75.1
1958-08-11,67.9,79.4,73.1
1958-08-12,65.0,85.2,75.3
1958-08-13,66.1,78.7,72.0
1958-08-14,61.9,84.0,73.7
1958-08-15,65.8,79.8,70.9
1958-08-16,60.3,74.4,66.5
1958-08-17,57.8,76.5,67.4
1958-08-18,52.3,69.3,60.9
1958-08-19,50.7,76.5,64.1
1958-08-20,64.6,83.8,72.6
1958-08-21,65.0,73.8,68.9
1958-08-22,57.0,70.4,64.1
1958-08-23,51.3,73.6,63.2
1958-08-24,58.5,73.8,64.2
1958-08-25,53.5,64.6,58.9
1958-08-26,49.0,70.8,60.5
1958-08-27,51.8,73.9,63.9
1958-08-28,57.4,80.8,69.0
1958-08-29,64.2,82.6,74.0
1958-08-30,70.7,88.1,79.0
1958-08-31,60.3,78.8,70.6
1958-09-01,52.3,63.1,59.6
1958-09-02,46.5,69.1,58.7
1958-09-03,59.7,76.2,67.7
1958-09-04,66.9,81.6,73.4
1958-09-05,62.5,75.7,68.4
1958-09-06,67.8,82.4,73.1
1958-09-07,60.0,69.7,65.1
1958-09-08,53.4,66.7,60.0
1958-09-09,50.3,75.0,60.7
1958-09-10,52.2,62.4,57.1
1958-09-11,46.6,63.1,54.9
1958-09-12,44.5,68.0,57.1
1958-09-13,50.6,75.1,62.8
1958-09-14,58.1,78.9,67.9
1958-09-15,67.7,80.0,71.6
1958-09-16,64.0,76.3,68.4
1958-09-17,60.3,64.5,62.7
1958-09-18,56.2,65.2,59.9
1958-09-19,50.5,66.2,59.7
1958-09-20,58.3,69.2,63.0
1958-09-21,57.1,72.2,63.9
1958-09-22,49.0,71.2,60.4
1958-09-23,49.9,74.1,62.8
1958-09-24,64.4,79.7,71.4
1958-09-25,67.2,80.3,74.8
1958-09-26,59.6,70.8,64.8
1958-09-27,56.1,66.4,60.5
1958-09-28,46.1,59.8,53.2
1958-09-29,41.7,62.6,53.5
1958-09-30,45.6,57.7,52.8
1958-10-01,40.3,54.3,46.3
1958-10-02,35.3,58.5,47.0
1958-10-03,39.1,60.8,50.6
1958-10-04,47.8,70.4,58.9
1958-10-05,41.0,61.3,49.5
1958-10-06,36.7,59.8,48.3
1958-10-07,50.2,74.5,61.6
1958-10-08,60.0,72.9,65.9
1958-10-09,63.6,69.7,65.6
1958-10-10,49.8,63.0,55.5
1958-10-11,43.8,50.4,48.2
1958-10-12,35.8,55.4,46.6
1958-10-13,47.9,67.1,56.6
1958-10-14,49.9,74.7,61.6
1958-10-15,54.2,74.8,64.3
1958-10-16,59.9,75.0,66.4
1958-10-17,52.5,64.7,58.5
1958-10-18,41.5,57.4,49.4
1958-10-19,40.3,58.3,48.8
1958-10-20,39.7,64.4,51.5
1958-10-21,47.2,64.7,55.1
1958-10-22,50.5,61.0,55.5
1958-10-23,52.6,62.9,57.1
1958-10-24,47.7,53.0,50.7
1958-10-25,46.0,56.3,50.0
1958-10-26,44.6,52.4,48.4
1958-10-27,42.7,51.5,46.4
1958-10-28,40.4,53.4,45.6
1958-10-29,37.0,53.9,44.3
1958-10-30,38.8,56.8,46.6
1958-10-31,42.4,61.5,50.0
1958-11-01,38.3,50.4,44.4
1958-11-02,38.0,50.5,43.4
1958-11-03,35.8,56.0,45.1
1958-11-04,42.4,61.9,50.2
1958-11-05,45.8,61.9,51.8
1958-11-06,36.2,48.4,42.4
1958-11-07,31.5,46.8,38.7
1958-11-08,38.9,51.1,43.4
1958-11-09,38.5,50.3,43.0
1958-11-10,39.2,47.6,42.7
1958-11-11,33.8,56.8,44.4
1958-11-12,33.4,51.3,43.1
1958-11-13,41.7,59.3,50.0
1958-11-14,54.0,65.8,58.8
1958-11-15,51.8,58.7,55.7
1958-11-16,48.2,52.0,50.3
1958-11-17,52.6,65.6,60.1
1958-11-18,40.6,68.4,56.8
1958-11-19,37.5,47.3,41.1
1958-11-20,38.7,53.7,44.1
1958-11-21,33.7,40.4,37.1
1958-11-22,29.3,40.5,34.2
1958-11-23,32.1,53.0,40.8
1958-11-24,30.4,42.3,36.2
1958-11-25,29.5,49.7,38.4
1958-11-26,24.4,48.6,30.9
1958-11-27,20.6,29.7,25.1
1958-11-28,20.8,25.6,23.6
1958-11-29,5.6,24.1,16.6
1958-11-30,3.1,17.8,10.0
1958-12-01,11.8,30.1,21.9
1958-12-02,17.3,31.8,25.9
1958-12-03,25.2,36.0,30.9
1958-12-04,29.8,39.4,34.3
1958-12-05,19.1,29.2,25.1
1958-12-06,10.4,21.9,16.2
1958-12-07,12.2,20.8,16.5
1958-12-08,11.0,19.4,15.3
1958-12-09,3.2,14.4,8.3
1958-12-10,4.5,17.3,10.0
1958-12-11,1.6,17.1,9.9
1958-12-12,-4.1,18.4,7.4
1958-12-13,1.4,22.7,11.0
1958-12-14,1.0,17.9,9.5
1958-12-15,8.0,12.5,9.6
1958-12-16,2.1,24.4,13.4
1958-12-17,11.7,32.5,26.0
1958-12-18,10.0,30.7,22.3
1958-12-19,11.9,37.3,28.6
1958-12-20,0.5,17.8,10.1
1958-12-21,0.6,18.6,11.2
1958-12-22,1.0,35.9,19.8
1958-12-23,28.9,36.2,33.7
1958-12-24,18.0,27.3,23.3
1958-12-25,5.4,22.9,13.7
1958-12-26,5.5,30.8,17.8
1958-12-27,22.8,37.0,31.7
1958-12-28,23.3,39.0,29.2
1958-12-29,23.0,42.2,31.0
1958-12-30,18.5,32.5,25.1
1958-12-31,16.6,26.1,21.3
1959-01-01,27.0,41.5,34.7
1959-01-02,27.7,36.4,31.1
1959-01-03,19.6,34.8,29.8
1959-01-04,0.3,18.1,9.6
1959-01-05,-1.8,12.2,3.6
1959-01-06,-0.8,17.0,6.9
1959-01-07,3.5,20.8,13.0
1959-01-08,5.8,21.6,12.6
1959-01-09,1.6,18.3,8.9
1959-01-10,0.5,20.4,8.8
1959-01-11,1.9,27.0,11.8
1959-01-12,8.4,36.6,22.4
1959-01-13,15.1,31.8,23.9
1959-01-14,15.5,40.9,31.0
1959-01-15,24.4,36.7,30.3
1959-01-16,3.7,23.0,15.0
1959-01-17,-4.8,10.9,1.8
1959-01-18,-4.4,14.3,5.0
1959-01-19,7.6,32.5,22.8
1959-01-20,-2.8,24.9,14.0
1959-01-21,23.5,37.6,30.0
1959-01-22,3.6,18.8,8.3
1959-01-23,-5.2,4.5,0.2
1959-01-24,-4.9,33.6,13.6
1959-01-25,7.5,29.7,18.3
1959-01-26,-2.5,14.8,7.0
1959-01-27,-0.8,19.2,8.6
1959-01-28,6.5,28.3,16.6
1959-01-29,10.1,35.9,23.7
1959-01-30,15.9,40.5,28.5
1959-01-31,-0.3,14.4,8.8
1959-02-01,-7.2,10.3,1.0
1959-02-02,-21.0,12.7,-2.4
1959-02-03,4.9,33.7,22.8
1959-02-04,20.7,31.1,24.7
1959-02-05,12.6,27.5,19.9
1959-02-06,2.0,12.6,7.2
1959-02-07,1.9,36.5,24.3
1959-02-08,8.6,30.7,16.0
1959-02-09,11.3,39.1,27.3
1959-02-10,16.6,35.8,29.1
1959-02-11,6.9,21.3,13.3
1959-02-12,5.6,41.1,24.6
1959-02-13,25.5,40.1,35.0
1959-02-14,24.4,41.9,32.7
1959-02-15,19.1,33.3,25.1
1959-02-16,23.3,37.0,30.4
1959-02-17,23.8,32.7,27.9
1959-02-18,9.3,26.8,18.4
1959-02-19,-2.4,9.0,3.8
1959-02-20,-10.1,14.5,4.1
1959-02-21,14.7,28.6,20.2
1959-02-22,6.4,40.8,25.6
1959-02-23,29.0,38.3,34.3
1959-02-24,15.6,27.5,23.1
1959-02-25,1.1,36.8,20.3
1959-02-26,21.8,39.2,29.9
1959-02-27,19.4,36.3,28.4
1959-02-28,30.1,38.5,34.7
1959-03-01,23.1,37.7,31.5
1959-03-02,18.6,46.0,32.6
1959-03-03,28.4,39.7,34.2
1959-03-04,24.6,33.5,29.1
1959-03-05,22.6,39.2,31.8
1959-03-06,22.8,43.4,34.4
1959-03-07,13.5,28.0,20.2
1959-03-08,18.7,37.1,28.0
1959-03-09,19.5,33.0,27.6
1959-03-10,14.7,34.3,23.2
1959-03-11,17.4,31.9,24.2
1959-03-12,18.1,34.6,25.4
1959-03-13,20.2,37.8,27.3
1959-03-14,20.6,42.1,31.7
1959-03-15,28.1,50.8,38.9
1959-03-16,23.5,33.5,27.7
1959-03-17,19.0,29.5,25.5
1959-03-18,13.9,36.1,25.2
1959-03-19,30.2,59.5,45.1
1959-03-20,36.3,58.5,46.3
1959-03-21,14.5,36.7,29.7
1959-03-22,11.3,30.5,20.0
1959-03-23,22.0,56.4,38.1
1959-03-24,32.3,64.0,46.2
1959-03-25,31.5,50.6,40.5
1959-03-26,33.0,40.2,35.7
1959-03-27,23.7,40.0,32.2
1959-03-28,20.7,37.6,28.0
1959-03-29,23.4,40.5,31.5
1959-03-30,33.8,46.2,38.9
1959-03-31,35.7,57.2,44.8
1959-04-01,30.9,56.4,43.7
1959-04-02,34.7,50.4,40.9
1959-04-03,35.4,49.5,41.9
1959-04-04,31.0,50.8,40.6
1959-04-05,41.0,61.8,49.9
1959-04-06,34.2,51.9,42.0
1959-04-07,31.0,69.5,49.9
1959-04-08,41.6,55.7,48.9
1959-04-09,35.9,46.3,40.6
1959-04-10,33.9,40.3,37.1
1959-04-11,29.1,44.3,35.9
1959-04-12,28.1,45.2,36.1
1959-04-13,26.4,50.5,38.4
1959-04-14,30.5,60.8,45.6
1959-04-15,38.9,64.9,52.2
1959-04-16,47.3,68.7,57.3
1959-04-17,46.6,71.4,59.5
1959-04-18,47.7,64.9,59.3
1959-04-19,34.5,51.6,42.3
1959-04-20,33.7,46.9,39.1
1959-04-21,28.4,50.8,39.7
1959-04-22,28.0,56.6,42.9
1959-04-23,31.1,62.2,48.2
1959-04-24,38.9,62.8,50.7
1959-04-25,46.8,69.7,58.5
1959-04-26,38.3,54.0,45.7
1959-04-27,37.3,54.0,45.6
1959-04-28,42.7,61.6,50.4
1959-04-29,46.4,67.9,53.5
1959-04-30,39.1,57.1,48.7
1959-05-01,32.9,59.1,47.2
1959-05-02,45.3,80.2,64.2
1959-05-03,54.8,72.5,63.7
1959-05-04,52.2,69.8,60.3
1959-05-05,50.3,74.9,62.0
1959-05-06,52.2,84.2,69.0
1959-05-07,50.5,67.6,58.4
1959-05-08,42.1,59.0,50.4
1959-05-09,39.2,62.5,53.1
1959-05-10,55.8,74.1,64.9
1959-05-11,57.5,72.0,63.9
1959-05-12,54.2,73.2,63.2
1959-05-13,46.8,66.4,57.2
1959-05-14,40.3,50.6,46.0
1959-05-15,40.1,49.6,44.2
1959-05-16,37.0,57.2,46.8
1959-05-17,39.3,64.7,52.3
1959-05-18,46.2,70.0,59.3
1959-05-19,60.3,79.5,70.8
1959-05-20,66.3,81.6,73.3
1959-05-21,66.0,79.3,71.0
1959-05-22,50.5,72.6,65.2
1959-05-23,48.7,57.1,53.4
1959-05-24,49.5,67.0,58.2
1959-05-25,45.6,69.3,60.0
1959-05-26,59.2,74.4,66.1
1959-05-27,65.3,79.2,71.7
1959-05-28,57.4,79.1,68.4
1959-05-29,63.4,81.8,71.6
1959-05-30,62.0,74.8,67.9
1959-05-31,58.8,80.1,70.0
1959-06-01,56.9,72.2,67.5
1959-06-02,50.3,68.0,58.9
1959-06-03,46.8,75.9,63.2
1959-06-04,52.9,77.6,66.9
1959-06-05,55.8,78.3,68.8
1959-06-06,56.6,77.3,67.6
1959-06-07,54.8,81.7,69.4
1959-06-08,62.2,86.0,75.1
1959-06-09,61.8,85.7,75.4
1959-06-10,66.9,83.8,75.8
1959-06-11,67.2,82.2,73.4
1959-06-12,67.2,82.7,74.2
1959-06-13,55.0,67.1,61.3
1959-06-14,47.6,68.4,59.1
1959-06-15,50.3,69.7,61.1
1959-06-16,55.0,70.9,61.6
1959-06-17,50.6,67.9,60.3
1959-06-18,51.6,68.4,61.0
1959-06-19,50.9,76.3,65.3
1959-06-20,60.4,78.3,69.1
1959-06-21,58.2,80.7,70.1
1959-06-22,59.7,69.4,65.3
1959-06-23,53.3,72.5,63.2
1959-06-24,57.2,76.4,67.5
1959-06-25,65.4,83.3,73.3
1959-06-26,70.1,84.7,76.9
1959-06-27,72.1,87.3,80.1
1959-06-28,75.2,87.2,81.4
1959-06-29,75.4,86.8,80.3
1959-06-30,62.1,73.3,66.0
1959-07-01,62.2,86.6,70.8
1959-07-02,54.8,76.5,65.9
1959-07-03,58.9,80.8,71.0
1959-07-04,61.2,81.2,72.9
1959-07-05,65.3,81.9,73.0
1959-07-06,63.1,74.8,69.2
1959-07-07,54.6,78.6,68.1
1959-07-08,61.2,84.7,74.1
1959-07-09,66.7,79.6,73.9
1959-07-10,56.9,81.8,71.1
1959-07-11,62.7,74.3,68.6
1959-07-12,56.9,75.6,66.9
1959-07-13,55.3,78.6,68.8
1959-07-14,59.6,80.4,71.5
1959-07-15,61.3,81.1,72.2
1959-07-16,64.6,85.5,75.7
1959-07-17,65.7,84.6,75.7
1959-07-18,68.1,82.0,72.3
1959-07-19,63.2,81.0,72.3
1959-07-20,64.8,77.4,71.5
1959-07-21,59.9,81.9,72.9
1959-07-22,64.2,85.6,76.1
1959-07-23,70.0,77.4,73.1
1959-07-24,65.4,77.3,72.5
1959-07-25,58.0,72.1,66.1
1959-07-26,57.7,80.0,69.7
1959-07-27,59.8,82.4,72.3
1959-07-28,65.7,81.9,74.2
1959-07-29,70.2,84.4,77.0
1959-07-30,73.1,86.5,78.9
1959-07-31,70.5,82.8,76.2
1959-08-01,62.0,77.4,70.0
1959-08-02,53.5,72.9,64.2
1959-08-03,55.4,77.8,65.8
1959-08-04,62.7,79.6,71.2
1959-08-05,62.1,82.6,73.5
1959-08-06,63.0,82.6,73.5
1959-08-07,65.8,77.2,69.7
1959-08-08,62.7,76.6,69.0
1959-08-09,63.9,75.2,68.5
1959-08-10,61.0,75.4,68.6
1959-08-11,58.8,80.4,69.9
1959-08-12,65.0,86.2,76.5
1959-08-13,72.8,87.0,79.6
1959-08-14,69.3,87.2,78.5
1959-08-15,72.3,84.1,77.1
1959-08-16,69.8,80.3,73.8
1959-08-17,70.2,79.5,73.3
1959-08-18,65.5,81.9,73.5
1959-08-19,64.2,83.3,73.7
1959-08-20,64.8,86.5,76.7
1959-08-21,73.0,89.4,79.9
1959-08-22,73.6,87.3,79.1
1959-08-23,72.3,88.5,80.2
1959-08-24,73.4,87.3,80.2
1959-08-25,70.5,87.8,79.5
1959-08-26,73.9,89.0,80.7
1959-08-27,72.8,85.6,78.9
1959-08-28,72.4,84.6,78.0
1959-08-29,69.3,82.9,75.7
1959-08-30,69.7,81.1,74.5
1959-08-31,67.1,80.8,73.5
1959-09-01,64.3,79.6,72.0
1959-09-02,64.8,77.1,71.1
1959-09-03,60.8,75.9,68.7
1959-09-04,60.8,80.9,70.4
1959-09-05,58.1,82.8,71.1
1959-09-06,66.2,85.3,75.8
1959-09-07,70.2,87.9,78.6
1959-09-08,70.3,88.7,79.6
1959-09-09,72.7,89.2,79.9
1959-09-10,57.8,75.3,65.5
1959-09-11,51.9,65.6,58.1
1959-09-12,46.9,70.3,58.8
1959-09-13,51.4,72.4,61.9
1959-09-14,50.0,73.3,61.8
1959-09-15,48.9,59.9,56.1
1959-09-16,43.9,52.4,48.9
1959-09-17,37.8,55.9,47.6
1959-09-18,43.7,63.1,53.3
1959-09-19,43.9,64.9,54.4
1959-09-20,54.7,79.2,66.8
1959-09-21,65.8,81.9,73.5
1959-09-22,65.9,81.1,72.5
1959-09-23,69.1,81.9,74.4
1959-09-24,61.8,72.1,66.8
1959-09-25,57.3,72.8,64.5
1959-09-26,64.5,76.8,69.2
1959-09-27,65.1,73.8,68.6
1959-09-28,67.9,79.6,71.4
1959-09-29,56.6,72.8,67.5
1959-09-30,54.1,70.0,61.0
1959-10-01,55.3,69.3,61.4
1959-10-02,52.4,69.3,60.6
1959-10-03,62.3,79.3,68.0
1959-10-04,58.9,71.3,62.9
1959-10-05,59.5,74.9,66.7
1959-10-06,61.6,67.3,64.2
1959-10-07,56.3,67.8,62.4
1959-10-08,53.5,70.5,62.6
1959-10-09,46.1,64.9,53.4
1959-10-10,40.7,62.5,53.7
1959-10-11,44.4,62.6,51.8
1959-10-12,43.3,49.7,46.1
1959-10-13,40.7,47.8,44.3
1959-10-14,39.4,47.3,43.3
1959-10-15,40.3,52.7,47.3
1959-10-16,46.5,65.5,55.4
1959-10-17,40.0,52.1,46.5
1959-10-18,37.7,55.4,44.7
1959-10-19,33.8,55.3,44.3
1959-10-20,41.1,58.8,49.9
1959-10-21,35.7,49.0,42.2
1959-10-22,39.9,63.8,51.8
1959-10-23,54.6,62.6,58.1
1959-10-24,45.3,56.4,50.6
1959-10-25,42.1,50.5,44.9
1959-10-26,40.3,45.1,42.1
1959-10-27,35.6,40.7,38.4
1959-10-28,30.6,42.7,36.4
1959-10-29,31.5,49.9,40.0
1959-10-30,35.5,55.4,45.6
1959-10-31,44.8,49.0,47.7
1959-11-01,44.7,53.3,47.9
1959-11-02,28.9,45.2,38.1
1959-11-03,27.9,46.0,38.3
1959-11-04,43.5,58.9,51.7
1959-11-05,51.1,66.7,59.8
1959-11-06,30.1,46.4,36.4
1959-11-07,25.2,36.0,29.9
1959-11-08,28.4,40.5,33.6
1959-11-09,27.5,44.8,35.9
1959-11-10,34.0,57.1,45.4
1959-11-11,34.8,51.1,44.5
1959-11-12,27.4,35.5,31.9
1959-11-13,30.7,38.1,34.0
1959-11-14,19.0,34.5,31.0
1959-11-15,15.9,32.4,24.4
1959-11-16,29.3,40.1,34.8
1959-11-17,7.3,29.8,15.4
1959-11-18,6.1,26.7,15.4
1959-11-19,20.6,33.3,26.9
1959-11-20,19.6,34.0,27.3
1959-11-21,30.1,39.7,33.5
1959-11-22,26.1,50.1,37.8
1959-11-23,37.5,53.4,46.1
1959-11-24,32.7,43.1,37.2
1959-11-25,26.7,33.7,30.5
1959-11-26,23.4,33.3,28.4
1959-11-27,27.8,35.2,30.0
1959-11-28,24.3,33.5,28.5
1959-11-29,21.3,29.5,25.1
1959-11-30,24.2,36.6,29.5
1959-12-01,28.9,38.9,32.9
1959-12-02,25.0,42.4,33.4
1959-12-03,31.3,44.2,36.3
1959-12-04,32.3,47.4,38.7
1959-12-05,33.7,41.3,38.3
1959-12-06,29.0,35.2,32.9
1959-12-07,25.7,33.3,28.4
1959-12-08,28.6,39.0,32.8
1959-12-09,29.4,39.0,33.5
1959-12-10,28.0,42.5,34.0
1959-12-11,34.9,44.3,38.1
1959-12-12,32.0,42.8,38.8
1959-12-13,26.7,37.8,31.6
1959-12-14,26.1,39.7,31.8
1959-12-15,30.8,44.9,37.8
1959-12-16,34.7,50.5,41.7
1959-12-17,30.1,43.2,36.9
1959-12-18,27.5,34.8,30.7
1959-12-19,23.9,32.3,27.8
1959-12-20,22.8,30.7,26.0
1959-12-21,22.5,30.6,26.6
1959-12-22,15.4,24.4,19.9
1959-12-23,19.9,27.4,24.2
1959-12-24,26.1,32.3,29.4
1959-12-25,30.2,37.3,33.8
1959-12-26,35.7,46.8,42.0
1959-12-27,43.6,51.4,46.8
1959-12-28,27.3,47.1,38.2
1959-12-29,25.4,31.1,27.9
1959-12-30,22.4,31.4,26.1
1959-12-31,19.8,31.5,24.6
1960-01-01,21.0,32.1,25.8
1960-01-02,25.9,37.8,33.6
1960-01-03,25.6,36.3,30.7
1960-01-04,16.0,25.0,21.3
1960-01-05,13.5,20.2,18.2
1960-01-06,11.5,29.8,21.6
1960-01-07,23.6,39.1,30.8
1960-01-08,20.0,35.9,30.2
1960-01-09,19.0,37.8,26.9
1960-01-10,29.1,40.3,35.9
1960-01-11,23.8,31.4,27.1
1960-01-12,26.2,54.1,38.3
1960-01-13,32.5,54.1,39.7
1960-01-14,31.8,36.0,33.2
1960-01-15,19.7,33.4,28.3
1960-01-16,19.5,31.8,25.3
1960-01-17,23.0,31.9,26.4
1960-01-18,26.4,34.1,29.4
1960-01-19,21.4,27.1,23.8
1960-01-20,18.0,24.4,21.4
1960-01-21,11.5,22.5,17.1
1960-01-22,12.0,24.5,18.3
1960-01-23,14.3,25.0,19.6
1960-01-24,10.5,23.5,16.0
1960-01-25,8.3,31.1,20.6
1960-01-26,18.2,28.0,23.2
1960-01-27,26.4,34.4,31.5
1960-01-28,31.5,36.6,33.2
1960-01-29,26.4,35.9,32.1
1960-01-30,19.4,32.4,26.7
1960-01-31,17.4,34.2,25.9
1960-02-01,22.0,31.3,27.7
1960-02-02,14.4,22.9,18.7
1960-02-03,14.2,28.8,20.1
1960-02-04,17.1,37.5,26.2
1960-02-05,29.2,43.4,35.6
1960-02-06,31.0,36.9,33.8
1960-02-07,22.8,30.5,27.7
1960-02-08,22.5,40.4,31.8
1960-02-09,29.7,35.7,32.4
1960-02-10,28.5,51.2,40.0
1960-02-11,11.8,41.6,25.6
1960-02-12,9.6,24.3,15.2
1960-02-13,9.5,26.2,16.5
1960-02-14,11.8,22.5,17.0
1960-02-15,14.3,32.5,24.3
1960-02-16,29.5,40.5,33.7
1960-02-17,27.0,38.8,33.2
1960-02-18,24.2,32.1,27.5
1960-02-19,19.7,28.2,22.8
1960-02-20,15.3,31.5,22.9
1960-02-21,23.4,31.6,27.1
1960-02-22,21.7,31.8,26.8
1960-02-23,18.1,29.0,23.0
1960-02-24,7.5,29.7,19.7
1960-02-25,16.2,27.2,22.3
1960-02-26,21.0,28.0,24.0
1960-02-27,17.8,27.1,21.8
1960-02-28,11.1,26.2,19.3
1960-02-29,7.8,25.2,16.8
1960-03-01,5.7,24.1,14.4
1960-03-02,-3.0,24.2,12.0
1960-03-03,11.5,18.3,16.1
1960-03-04,8.8,19.9,13.9
1960-03-05,8.7,20.4,13.6
1960-03-06,0.6,22.6,11.5
1960-03-07,7.6,24.3,16.3
1960-03-08,-8.0,26.0,9.5
1960-03-09,-1.4,22.3,12.9
1960-03-10,10.7,28.6,19.6
1960-03-11,1.9,23.2,12.9
1960-03-12,4.9,25.8,14.4
1960-03-13,-4.5,31.0,15.2
1960-03-14,15.6,31.5,23.3
1960-03-15,0.5,32.4,18.9
1960-03-16,18.1,32.0,24.6
1960-03-17,25.6,32.4,29.5
1960-03-18,22.9,33.5,27.8
1960-03-19,16.2,36.3,26.4
1960-03-20,18.7,32.6,25.5
1960-03-21,16.3,28.9,22.3
1960-03-22,16.6,31.3,26.0
1960-03-23,2.6,25.4,17.1
1960-03-24,13.1,26.8,21.7
1960-03-25,1.1,22.5,13.1
1960-03-26,15.0,33.5,24.1
1960-03-27,20.4,48.5,35.2
1960-03-28,32.6,45.7,38.8
1960-03-29,32.4,64.0,46.6
1960-03-30,48.2,64.6,56.4
1960-03-31,35.8,45.3,39.1
1960-04-01,35.1,46.0,39.4
1960-04-02,36.8,63.9,49.6
1960-04-03,36.6,55.9,47.2
1960-04-04,37.0,46.8,41.1
1960-04-05,28.8,36.8,32.9
1960-04-06,24.6,39.7,32.2
1960-04-07,31.2,50.3,38.5
1960-04-08,28.9,44.7,36.0
1960-04-09,27.7,40.9,32.6
1960-04-10,23.6,42.3,32.4
1960-04-11,31.0,52.6,43.2
1960-04-12,44.2,61.6,52.6
1960-04-13,43.2,74.0,57.4
1960-04-14,53.8,62.6,59.6
1960-04-15,51.1,67.6,56.7
1960-04-16,52.5,66.4,58.8
1960-04-17,46.2,68.6,61.1
1960-04-18,34.1,47.7,39.9
1960-04-19,29.4,53.2,41.8
1960-04-20,37.2,68.3,53.6
1960-04-21,50.7,65.7,60.6
1960-04-22,45.0,76.3,61.3
1960-04-23,58.6,81.2,69.7
1960-04-24,61.6,81.3,70.8
1960-04-25,52.8,72.6,64.1
1960-04-26,45.3,64.9,52.9
1960-04-27,42.0,60.7,50.6
1960-04-28,37.9,56.5,47.3
1960-04-29,41.5,56.2,49.7
1960-04-30,41.1,63.9,55.7
1960-05-01,38.1,52.5,45.2
1960-05-02,39.7,65.5,52.4
1960-05-03,47.4,69.4,59.0
1960-05-04,46.0,74.3,61.9
1960-05-05,52.9,75.6,65.1
1960-05-06,59.1,72.8,64.1
1960-05-07,44.0,62.1,53.9
1960-05-08,37.8,50.9,45.3
1960-05-09,39.0,49.6,44.3
1960-05-10,34.6,49.8,41.1
1960-05-11,40.5,45.4,42.4
1960-05-12,41.1,50.8,45.4
1960-05-13,41.3,54.7,47.4
1960-05-14,45.7,61.7,53.3
1960-05-15,42.4,77.7,61.6
1960-05-16,49.6,74.2,62.7
1960-05-17,54.0,69.6,61.9
1960-05-18,50.5,72.0,60.8
1960-05-19,55.7,73.1,64.0
1960-05-20,64.0,78.8,69.8
1960-05-21,56.8,70.1,65.9
1960-05-22,54.3,63.1,58.6
1960-05-23,53.0,66.9,60.1
1960-05-24,47.8,66.8,57.4
1960-05-25,51.3,69.3,60.3
1960-05-26,54.9,70.1,62.9
1960-05-27,60.9,71.1,64.3
1960-05-28,56.4,70.4,63.0
1960-05-29,55.1,69.6,63.0
1960-05-30,58.5,68.9,62.9
1960-05-31,57.9,74.2,65.2
1960-06-01,54.0,77.0,66.9
1960-06-02,58.0,71.7,65.0
1960-06-03,55.6,75.4,65.9
1960-06-04,55.9,82.5,70.4
1960-06-05,59.5,74.5,66.5
1960-06-06,50.7,66.1,59.1
1960-06-07,52.6,66.8,60.0
1960-06-08,47.8,69.9,60.2
1960-06-09,48.1,70.4,60.5
1960-06-10,49.5,75.4,64.3
1960-06-11,61.0,82.9,69.3
1960-06-12,59.2,69.6,63.6
1960-06-13,56.8,63.0,60.1
1960-06-14,60.3,70.1,63.2
1960-06-15,58.2,75.9,66.4
1960-06-16,63.9,80.4,71.1
1960-06-17,58.3,68.0,63.1
1960-06-18,48.6,69.1,60.2
1960-06-19,56.9,76.8,66.7
1960-06-20,51.3,70.3,62.4
1960-06-21,59.9,72.1,65.4
1960-06-22,59.2,76.6,68.0
1960-06-23,62.9,76.8,68.5
1960-06-24,60.7,66.7,64.4
1960-06-25,53.1,75.8,65.0
1960-06-26,54.0,77.3,67.2
1960-06-27,55.7,81.1,70.2
1960-06-28,67.2,80.0,72.7
1960-06-29,65.1,81.5,72.2
1960-06-30,63.7,80.5,70.8
1960-07-01,60.9,75.4,67.4
1960-07-02,55.3,79.6,68.9
1960-07-03,60.1,73.5,68.6
1960-07-04,51.1,68.4,61.3
1960-07-05,55.5,71.6,63.8
1960-07-06,54.8,71.0,64.1
1960-07-07,55.4,73.9,65.4
1960-07-08,55.0,80.2,68.6
1960-07-09,59.4,81.6,71.3
1960-07-10,62.6,77.8,69.4
1960-07-11,57.7,82.7,71.7
1960-07-12,62.7,81.9,73.7
1960-07-13,64.4,72.1,69.3
1960-07-14,56.8,71.2,65.0
1960-07-15,48.8,75.3,64.6
1960-07-16,53.2,78.0,67.6
1960-07-17,59.2,79.8,69.7
1960-07-18,64.0,79.9,70.9
1960-07-19,60.4,79.3,70.5
1960-07-20,57.7,73.8,66.3
1960-07-21,55.0,79.5,68.5
1960-07-22,66.3,85.6,75.8
1960-07-23,65.3,82.2,73.5
1960-07-24,58.8,80.1,70.6
1960-07-25,59.5,81.7,71.6
1960-07-26,64.1,83.6,72.9
1960-07-27,62.3,81.4,71.3
1960-07-28,60.7,83.2,72.9
1960-07-29,64.1,84.1,75.0
1960-07-30,65.7,81.9,73.1
1960-07-31,55.4,73.3,65.1
1960-08-01,56.3,78.3,68.4
1960-08-02,65.6,81.1,74.0
1960-08-03,68.6,82.1,74.4
1960-08-04,62.2,76.6,69.7
1960-08-05,61.1,78.3,70.3
1960-08-06,61.1,78.1,70.0
1960-08-07,64.9,82.0,72.3
1960-08-08,66.6,79.7,72.7
1960-08-09,61.9,78.8,70.4
1960-08-10,63.1,72.7,67.1
1960-08-11,56.1,75.7,66.3
1960-08-12,55.0,78.0,67.6
1960-08-13,58.7,77.4,69.1
1960-08-14,64.3,81.1,71.1
1960-08-15,61.2,72.9,67.1
1960-08-16,55.2,74.7,65.3
1960-08-17,59.7,80.1,70.0
1960-08-18,68.2,81.7,73.9
1960-08-19,67.6,81.6,73.8
1960-08-20,65.0,78.7,71.2
1960-08-21,64.0,74.3,68.4
1960-08-22,62.7,78.4,70.3
1960-08-23,63.0,80.4,70.9
1960-08-24,58.2,76.5,67.2
1960-08-25,58.5,76.9,68.0
1960-08-26,61.1,85.3,73.6
1960-08-27,63.3,82.2,73.5
1960-08-28,68.4,83.9,76.3
1960-08-29,70.8,84.3,75.9
1960-08-30,66.9,80.5,73.0
1960-08-31,65.7,85.3,74.9
1960-09-01,71.2,87.7,76.6
1960-09-02,65.8,79.5,72.1
1960-09-03,57.7,81.2,70.4
1960-09-04,70.8,83.5,76.2
1960-09-05,65.0,78.5,71.3
1960-09-06,58.7,82.9,70.8
1960-09-07,61.3,88.2,74.8
1960-09-08,64.3,89.1,77.5
1960-09-09,64.6,77.0,72.5
1960-09-10,54.9,69.1,62.7
1960-09-11,52.8,72.7,63.3
1960-09-12,53.4,72.0,61.4
1960-09-13,52.1,62.2,57.2
1960-09-14,42.4,69.5,57.4
1960-09-15,59.4,73.8,65.7
1960-09-16,54.1,72.3,62.6
1960-09-17,59.6,77.7,66.9
1960-09-18,58.9,70.8,64.4
1960-09-19,58.5,66.5,62.6
1960-09-20,60.3,68.4,63.8
1960-09-21,53.7,72.0,63.2
1960-09-22,59.8,75.8,68.0
1960-09-23,61.2,74.3,68.0
1960-09-24,62.8,80.2,71.2
1960-09-25,64.8,78.1,70.2
1960-09-26,61.2,70.2,64.9
1960-09-27,54.6,72.9,63.8
1960-09-28,53.9,68.2,60.3
1960-09-29,46.9,72.2,59.6
1960-09-30,44.9,58.2,53.5
1960-10-01,38.0,57.9,49.2
1960-10-02,50.4,67.3,58.5
1960-10-03,44.4,60.0,53.4
1960-10-04,47.4,62.8,54.8
1960-10-05,48.3,72.5,59.3
1960-10-06,50.2,66.8,58.8
1960-10-07,43.6,61.4,51.8
1960-10-08,42.1,64.8,53.3
1960-10-09,47.5,69.8,57.4
1960-10-10,46.7,73.7,59.1
1960-10-11,56.5,74.3,63.4
1960-10-12,46.0,69.9,58.5
1960-10-13,55.0,77.4,65.0
1960-10-14,56.0,76.1,65.8
1960-10-15,58.0,63.0,60.9
1960-10-16,51.3,63.2,57.0
1960-10-17,48.9,67.3,56.3
1960-10-18,40.8,57.6,49.9
1960-10-19,41.4,50.3,46.8
1960-10-20,33.9,47.8,40.6
1960-10-21,32.1,46.7,41.0
1960-10-22,34.7,57.6,46.7
1960-10-23,40.8,55.8,50.4
1960-10-24,32.3,41.5,36.5
1960-10-25,27.4,46.0,36.1
1960-10-26,37.6,50.5,45.0
1960-10-27,46.3,53.2,49.1
1960-10-28,47.4,58.5,51.8
1960-10-29,43.2,56.8,48.6
1960-10-30,43.3,60.9,50.4
1960-10-31,47.9,55.4,51.8
1960-11-01,41.5,47.0,45.1
1960-11-02,40.7,46.0,43.0
1960-11-03,39.0,48.3,43.1
1960-11-04,39.7,53.2,45.9
1960-11-05,33.7,44.2,39.7
1960-11-06,30.5,40.3,34.9
1960-11-07,26.5,38.9,32.0
1960-11-08,29.9,43.3,37.3
1960-11-09,33.3,44.2,41.6
1960-11-10,27.5,39.8,33.3
1960-11-11,24.7,38.9,31.2
1960-11-12,27.2,45.9,35.9
1960-11-13,36.0,54.9,43.4
1960-11-14,37.8,58.5,49.4
1960-11-15,56.6,61.6,59.2
1960-11-16,42.7,57.5,51.1
1960-11-17,37.1,46.2,40.9
1960-11-18,35.4,44.3,40.1
1960-11-19,37.6,44.5,40.3
1960-11-20,36.6,50.9,42.4
1960-11-21,35.0,50.5,41.4
1960-11-22,38.8,57.5,46.3
1960-11-23,31.0,44.9,37.6
1960-11-24,29.2,47.6,37.0
1960-11-25,33.5,50.4,40.8
1960-11-26,40.1,58.8,48.6
1960-11-27,49.2,55.8,52.7
1960-11-28,52.4,63.3,57.5
1960-11-29,25.7,45.4,31.2
1960-11-30,25.2,32.7,28.2
1960-12-01,22.9,32.1,26.3
1960-12-02,21.6,36.7,28.1
1960-12-03,26.6,42.5,33.3
1960-12-04,33.7,48.2,40.9
1960-12-05,39.4,51.0,45.7
1960-12-06,31.5,49.6,43.6
1960-12-07,27.7,32.3,29.9
1960-12-08,18.5,28.2,24.1
1960-12-09,14.2,27.8,20.9
1960-12-10,23.9,34.1,27.3
1960-12-11,18.8,24.4,21.6
1960-12-12,9.7,21.7,15.6
1960-12-13,7.8,23.3,15.1
1960-12-14,18.8,35.5,26.1
1960-12-15,26.1,37.0,31.2
1960-12-16,19.0,30.2,24.6
1960-12-17,19.0,27.5,23.0
1960-12-18,19.1,32.4,25.4
1960-12-19,19.0,26.8,22.8
1960-12-20,19.0,24.3,21.4
1960-12-21,9.6,19.4,14.7
1960-12-22,2.7,9.9,5.7
1960-12-23,-8.0,3.9,-2.0
1960-12-24,-8.4,18.1,6.6
1960-12-25,14.8,36.2,25.4
1960-12-26,17.1,36.9,31.3
1960-12-27,1.3,19.8,12.7
1960-12-28,5.3,24.8,14.6
1960-12-29,16.8,30.8,22.6
1960-12-30,23.0,30.8,26.3
1960-12-31,23.5,34.1,28.1
1961-01-01,18.0,27.3,21.9
1961-01-02,20.8,26.2,23.0
1961-01-03,11.3,26.3,21.5
1961-01-04,3.4,21.5,13.4
1961-01-05,13.0,35.1,25.0
1961-01-06,26.6,40.3,31.9
1961-01-07,28.2,39.9,34.1
1961-01-08,16.0,28.0,21.4
1961-01-09,9.1,25.2,17.5
1961-01-10,16.7,37.3,25.9
1961-01-11,26.2,41.2,31.5
1961-01-12,22.0,41.8,30.9
1961-01-13,29.4,50.0,37.7
1961-01-14,32.0,39.7,35.2
1961-01-15,28.9,34.2,31.2
1961-01-16,24.6,40.0,30.4
1961-01-17,26.7,41.9,33.9
1961-01-18,26.5,33.2,29.9
1961-01-19,18.0,26.2,22.7
1961-01-20,13.4,23.1,18.1
1961-01-21,9.3,20.1,15.4
1961-01-22,6.4,14.5,9.5
1961-01-23,3.5,17.3,10.7
1961-01-24,-3.9,15.7,6.6
1961-01-25,-6.5,13.7,2.9
1961-01-26,7.8,13.4,9.8
1961-01-27,-2.3,15.7,6.6
1961-01-28,-1.3,17.4,7.9
1961-01-29,3.6,16.5,10.0
1961-01-30,-0.6,19.3,9.6
1961-01-31,13.0,22.5,16.9
1961-02-01,2.2,17.3,11.0
1961-02-02,-6.4,7.1,1.0
1961-02-03,4.3,17.2,11.4
1961-02-04,10.1,23.6,15.3
1961-02-05,-0.7,29.8,14.3
1961-02-06,8.5,34.1,21.9
1961-02-07,4.4,31.9,17.8
1961-02-08,15.4,39.0,25.9
1961-02-09,24.8,38.8,30.1
1961-02-10,26.3,36.2,30.5
1961-02-11,20.7,30.3,26.1
1961-02-12,25.2,34.3,29.2
1961-02-13,26.1,49.0,35.6
1961-02-14,26.4,40.2,34.4
1961-02-15,25.8,44.0,32.6
1961-02-16,22.3,32.4,26.2
1961-02-17,27.9,47.9,39.3
1961-02-18,36.5,54.2,44.9
1961-02-19,24.2,46.9,30.3
1961-02-20,21.8,37.5,28.2
1961-02-21,22.6,44.8,31.9
1961-02-22,26.4,47.3,37.5
1961-02-23,43.4,49.0,46.0
1961-02-24,34.1,54.6,43.5
1961-02-25,30.0,37.8,32.5
1961-02-26,23.9,40.7,31.9
1961-02-27,30.5,43.8,36.3
1961-02-28,25.9,41.3,32.9
1961-03-01,27.0,43.1,33.5
1961-03-02,29.9,49.9,39.6
1961-03-03,36.0,53.4,45.3
1961-03-04,35.6,57.1,40.0
1961-03-05,35.4,58.7,45.4
1961-03-06,34.1,62.1,46.0
1961-03-07,27.2,40.9,34.5
1961-03-08,26.2,38.4,31.3
1961-03-09,24.1,34.9,29.0
1961-03-10,19.0,32.7,25.7
1961-03-11,27.1,41.7,33.8
1961-03-12,28.9,44.9,35.9
1961-03-13,31.7,36.4,34.0
1961-03-14,32.9,37.6,35.9
1961-03-15,28.1,41.5,35.2
1961-03-16,19.3,30.2,24.4
1961-03-17,15.5,28.4,21.2
1961-03-18,20.4,40.2,29.1
1961-03-19,27.7,43.7,34.5
1961-03-20,23.5,44.9,34.1
1961-03-21,31.5,40.4,36.4
1961-03-22,37.8,46.8,41.5
1961-03-23,35.3,44.4,39.0
1961-03-24,33.3,48.0,39.5
1961-03-25,27.2,54.1,40.9
1961-03-26,33.8,60.8,47.3
1961-03-27,44.7,67.3,55.4
1961-03-28,38.7,51.4,43.7
1961-03-29,28.7,42.8,35.6
1961-03-30,25.3,42.3,32.8
1961-03-31,24.7,42.4,33.6
1961-04-01,28.0,42.4,34.5
1961-04-02,24.7,36.0,30.2
1961-04-03,28.0,39.1,33.1
1961-04-04,28.0,44.0,35.6
1961-04-05,28.0,50.6,38.7
1961-04-06,34.6,48.7,39.8
1961-04-07,28.9,43.2,36.1
1961-04-08,26.1,42.0,33.7
1961-04-09,28.9,40.9,33.6
1961-04-10,32.5,40.8,35.7
1961-04-11,27.6,49.0,38.3
1961-04-12,34.2,40.8,37.5
1961-04-13,33.9,49.6,40.8
1961-04-14,29.3,56.2,43.6
1961-04-15,42.8,62.2,51.2
1961-04-16,32.0,52.3,38.8
1961-04-17,31.1,40.3,34.7
1961-04-18,28.5,47.8,37.3
1961-04-19,29.8,52.2,41.5
1961-04-20,30.4,55.5,43.5
1961-04-21,46.5,65.8,55.3
1961-04-22,37.2,47.4,45.1
1961-04-23,33.3,63.9,49.7
1961-04-24,46.6,69.3,57.0
1961-04-25,42.0,52.7,45.0
1961-04-26,38.9,52.3,44.9
1961-04-27,35.8,57.8,47.4
1961-04-28,37.4,46.9,41.4
1961-04-29,31.5,50.9,41.3
1961-04-30,31.5,57.0,45.1
1961-05-01,37.2,50.9,43.4
1961-05-02,31.5,47.7,40.6
1961-05-03,38.3,54.8,45.4
1961-05-04,31.6,57.3,46.0
1961-05-05,34.4,56.2,46.8
1961-05-06,49.6,64.8,55.9
1961-05-07,54.9,68.6,61.8
1961-05-08,54.9,66.2,60.0
1961-05-09,46.7,57.5,53.5
1961-05-10,35.5,55.1,45.7
1961-05-11,39.3,66.0,53.1
1961-05-12,53.8,72.9,62.9
1961-05-13,55.0,77.2,66.3
1961-05-14,58.5,80.0,69.9
1961-05-15,58.4,72.7,66.7
1961-05-16,44.7,60.0,53.5
1961-05-17,42.6,57.5,50.2
1961-05-18,47.4,60.9,53.5
1961-05-19,42.6,62.6,52.8
1961-05-20,43.3,64.4,54.4
1961-05-21,46.0,58.5,52.9
1961-05-22,38.4,59.5,49.7
1961-05-23,40.5,64.1,53.4
1961-05-24,41.4,73.8,59.2
1961-05-25,41.8,72.5,59.2
1961-05-26,39.6,48.7,43.8
1961-05-27,34.5,62.6,48.6
1961-05-28,50.3,70.2,60.0
1961-05-29,50.6,62.5,57.1
1961-05-30,41.4,66.5,54.4
1961-05-31,47.9,70.3,59.2
1961-06-01,60.9,80.1,67.9
1961-06-02,62.3,76.2,68.8
1961-06-03,53.2,67.2,60.0
1961-06-04,52.5,75.0,64.4
1961-06-05,55.9,79.4,68.4
1961-06-06,55.0,77.4,66.4
1961-06-07,53.9,76.6,65.2
1961-06-08,63.5,71.5,66.6
1961-06-09,60.3,72.4,66.4
1961-06-10,58.1,81.8,69.2
1961-06-11,62.3,82.8,72.9
1961-06-12,67.4,86.6,76.9
1961-06-13,69.0,85.6,75.7
1961-06-14,51.0,68.9,60.6
1961-06-15,48.4,63.7,55.5
1961-06-16,43.6,68.2,58.3
1961-06-17,47.9,73.3,62.7
1961-06-18,53.5,76.8,66.3
1961-06-19,55.8,77.2,68.0
1961-06-20,53.4,63.5,57.3
1961-06-21,47.2,69.6,59.2
1961-06-22,49.6,71.9,61.3
1961-06-23,52.7,63.0,57.8
1961-06-24,49.3,68.6,59.3
1961-06-25,54.9,64.8,59.3
1961-06-26,50.9,73.5,63.8
1961-06-27,55.5,77.2,67.3
1961-06-28,61.7,82.7,72.5
1961-06-29,69.2,87.7,77.5
1961-06-30,68.7,88.5,78.6
1961-07-01,64.9,86.0,77.7
1961-07-02,67.9,78.9,72.6
1961-07-03,60.3,72.6,66.9
1961-07-04,52.2,70.2,61.7
1961-07-05,53.3,76.9,66.1
1961-07-06,58.3,76.6,68.4
1961-07-07,59.5,73.9,66.4
1961-07-08,54.8,71.0,63.5
1961-07-09,50.2,74.1,63.7
1961-07-10,54.8,80.0,68.6
1961-07-11,63.2,81.1,73.0
1961-07-12,62.0,82.5,73.0
1961-07-13,60.3,75.3,69.1
1961-07-14,61.9,80.6,70.9
1961-07-15,63.6,81.6,72.5
1961-07-16,64.1,77.6,70.0
1961-07-17,59.8,78.3,69.3
1961-07-18,61.6,80.3,72.0
1961-07-19,65.8,81.1,72.7
1961-07-20,65.2,82.4,74.0
1961-07-21,62.4,83.6,74.4
1961-07-22,69.7,84.7,75.9
1961-07-23,70.6,86.4,77.1
1961-07-24,68.0,81.0,72.6
1961-07-25,67.2,76.1,71.3
1961-07-26,62.9,79.5,72.3
1961-07-27,64.3,80.0,73.2
1961-07-28,64.0,81.5,72.3
1961-07-29,65.7,84.1,74.7
1961-07-30,64.3,87.0,77.6
1961-07-31,70.4,79.9,74.6
1961-08-01,63.6,75.9,70.4
1961-08-02,68.4,79.7,72.8
1961-08-03,63.2,80.4,72.4
1961-08-04,62.5,80.8,71.4
1961-08-05,63.7,74.6,68.4
1961-08-06,62.2,73.3,67.1
1961-08-07,57.3,76.2,67.9
1961-08-08,62.3,80.7,71.6
1961-08-09,67.0,83.6,75.0
1961-08-10,66.7,80.6,73.2
1961-08-11,67.4,81.5,73.5
1961-08-12,62.6,77.9,69.5
1961-08-13,53.4,70.9,63.3
1961-08-14,57.1,80.3,69.5
1961-08-15,65.7,82.6,74.0
1961-08-16,62.4,78.3,70.4
1961-08-17,54.7,77.5,67.0
1961-08-18,58.4,81.6,70.1
1961-08-19,62.0,82.8,70.8
1961-08-20,60.3,71.0,65.4
1961-08-21,57.9,73.2,64.9
1961-08-22,53.7,74.3,65.2
1961-08-23,62.9,71.2,65.7
1961-08-24,61.7,76.2,68.3
1961-08-25,62.7,76.5,69.0
1961-08-26,60.9,77.2,69.0
1961-08-27,62.1,81.8,71.5
1961-08-28,67.2,83.4,74.2
1961-08-29,65.8,80.3,72.2
1961-08-30,62.1,84.4,73.5
1961-08-31,65.5,84.7,75.6
1961-09-01,69.9,76.7,73.0
1961-09-02,70.9,83.1,76.9
1961-09-03,72.6,85.0,78.2
1961-09-04,70.2,80.9,74.4
1961-09-05,67.8,79.9,73.7
1961-09-06,67.6,83.5,74.5
1961-09-07,62.7,81.8,72.7
1961-09-08,65.7,81.1,73.0
1961-09-09,62.6,84.1,74.1
1961-09-10,68.4,86.2,77.2
1961-09-11,72.1,85.7,77.9
1961-09-12,67.9,72.6,69.5
1961-09-13,69.2,84.2,76.8
1961-09-14,58.9,77.0,69.0
1961-09-15,51.3,61.9,56.7
1961-09-16,53.3,68.0,59.9
1961-09-17,49.7,70.2,59.9
1961-09-18,50.3,70.3,60.0
1961-09-19,51.7,72.1,61.9
1961-09-20,59.3,70.3,64.5
1961-09-21,61.3,77.7,69.5
1961-09-22,66.7,80.9,73.9
1961-09-23,64.5,74.8,69.5
1961-09-24,64.4,82.1,72.4
1961-09-25,55.5,70.9,63.7
1961-09-26,51.3,63.8,56.8
1961-09-27,45.0,68.4,57.3
1961-09-28,44.7,55.1,50.6
1961-09-29,37.7,57.7,48.6
1961-09-30,52.2,77.6,65.7
1961-10-01,50.8,67.0,55.0
1961-10-02,44.0,52.5,48.4
1961-10-03,41.9,54.3,47.8
1961-10-04,39.0,57.6,49.3
1961-10-05,48.5,69.1,58.6
1961-10-06,53.4,72.0,61.9
1961-10-07,51.8,71.5,61.1
1961-10-08,49.5,71.4,59.5
1961-10-09,48.0,73.8,61.4
1961-10-10,62.9,77.3,68.6
1961-10-11,58.1,70.3,65.2
1961-10-12,55.5,73.4,63.5
1961-10-13,50.0,65.8,56.7
1961-10-14,40.9,48.8,44.8
1961-10-15,36.9,59.2,47.8
1961-10-16,42.5,55.5,48.3
1961-10-17,44.1,71.7,57.7
1961-10-18,56.8,71.2,62.6
1961-10-19,45.0,66.4,54.5
1961-10-20,45.3,59.5,53.6
1961-10-21,47.8,55.6,50.9
1961-10-22,44.1,58.6,50.5
1961-10-23,43.3,61.1,51.2
1961-10-24,49.1,59.4,53.0
1961-10-25,45.3,57.5,52.8
1961-10-26,41.5,50.2,45.6
1961-10-27,35.8,49.8,42.9
1961-10-28,42.9,54.2,49.0
1961-10-29,50.7,60.9,56.4
1961-10-30,48.1,61.3,57.5
1961-10-31,47.1,56.8,50.9
1961-11-01,43.5,49.7,46.5
1961-11-02,45.0,71.4,60.2
1961-11-03,36.7,70.3,57.9
1961-11-04,30.7,46.8,38.5
1961-11-05,39.2,51.4,44.2
1961-11-06,34.1,41.5,37.9
1961-11-07,32.5,42.4,37.5
1961-11-08,30.1,37.8,34.4
1961-11-09,29.2,41.7,34.8
1961-11-10,26.4,41.5,34.1
1961-11-11,29.9,56.5,41.8
1961-11-12,45.6,54.5,49.8
1961-11-13,46.4,60.6,53.0
1961-11-14,38.1,49.2,43.2
1961-11-15,33.3,48.0,41.5
1961-11-16,41.8,59.5,49.6
1961-11-17,30.5,40.8,37.6
1961-11-18,27.2,36.3,31.2
1961-11-19,24.6,34.1,29.9
1961-11-20,27.1,36.6,31.4
1961-11-21,25.1,39.2,32.1
1961-11-22,31.2,40.3,35.7
1961-11-23,39.1,43.0,41.2
1961-11-24,32.7,44.0,39.0
1961-11-25,27.0,49.7,38.2
1961-11-26,38.6,53.5,45.6
1961-11-27,28.9,46.7,34.6
1961-11-28,25.4,30.9,28.1
1961-11-29,24.4,37.7,29.8
1961-11-30,29.5,40.1,33.9
1961-12-01,29.0,43.9,35.3
1961-12-02,30.8,48.5,38.8
1961-12-03,29.5,48.7,39.8
1961-12-04,45.6,56.8,53.3
1961-12-05,29.6,42.7,33.8
1961-12-06,27.7,40.8,33.9
1961-12-07,24.7,32.9,29.6
1961-12-08,21.9,29.3,24.9
1961-12-09,21.7,31.3,26.9
1961-12-10,28.9,38.0,33.2
1961-12-11,25.2,31.7,28.9
1961-12-12,17.8,42.4,31.1
1961-12-13,13.0,22.3,18.6
1961-12-14,11.9,30.4,20.3
1961-12-15,12.2,25.0,19.3
1961-12-16,17.7,30.7,24.3
1961-12-17,31.1,37.1,33.7
1961-12-18,29.6,34.2,31.7
1961-12-19,28.9,33.8,30.8
1961-12-20,24.5,29.8,27.7
1961-12-21,22.8,28.9,25.9
1961-12-22,20.9,28.9,25.7
1961-12-23,22.1,25.9,24.3
1961-12-24,16.4,24.9,22.3
1961-12-25,15.4,29.5,20.3
1961-12-26,17.6,32.9,27.0
1961-12-27,17.1,30.4,24.8
1961-12-28,1.2,17.9,12.7
1961-12-29,-7.1,12.5,2.9
1961-12-30,4.6,13.3,9.1
1961-12-31,9.8,21.6,15.1
1962-01-01,6.4,23.5,16.5
1962-01-02,12.3,26.4,20.3
1962-01-03,22.2,37.9,32.7
1962-01-04,20.7,32.9,27.2
1962-01-05,22.0,41.1,33.0
1962-01-06,27.3,37.0,31.8
1962-01-07,19.9,35.0,23.8
1962-01-08,14.3,22.9,17.9
1962-01-09,-10.4,13.0,1.2
1962-01-10,-11.3,8.7,-2.9
1962-01-11,-5.7,8.1,1.5
1962-01-12,2.5,17.0,9.0
1962-01-13,8.7,29.5,20.8
1962-01-14,24.6,34.3,29.4
1962-01-15,18.2,33.1,29.2
1962-01-16,8.7,20.1,15.1
1962-01-17,-3.7,10.1,6.0
1962-01-18,-6.7,14.3,1.7
1962-01-19,-9.4,12.0,2.6
1962-01-20,-0.8,19.1,8.9
1962-01-21,6.0,32.0,20.9
1962-01-22,11.8,31.9,24.5
1962-01-23,6.0,17.1,10.5
1962-01-24,5.8,29.1,20.9
1962-01-25,19.1,35.2,25.9
1962-01-26,20.3,38.4,30.9
1962-01-27,7.1,28.4,18.0
1962-01-28,8.4,18.8,12.2
1962-01-29,5.7,26.2,19.0
1962-01-30,-4.4,31.8,11.5
1962-01-31,-8.0,11.1,2.6
1962-02-01,-3.4,12.9,5.8
1962-02-02,-8.4,19.2,4.2
1962-02-03,21.0,37.6,29.2
1962-02-04,27.6,46.9,36.7
1962-02-05,5.7,45.0,26.3
1962-02-06,-1.9,13.0,5.2
1962-02-07,-6.2,14.5,4.2
1962-02-08,5.2,22.7,13.9
1962-02-09,1.6,23.7,15.5
1962-02-10,-8.5,13.1,0.8
1962-02-11,-7.9,18.2,8.9
1962-02-12,9.0,26.6,18.4
1962-02-13,12.0,31.7,19.9
1962-02-14,23.1,35.3,27.1
1962-02-15,14.5,28.8,22.6
1962-02-16,22.1,33.7,28.0
1962-02-17,17.6,28.9,24.5
1962-02-18,11.9,22.5,16.2
1962-02-19,15.0,34.3,27.1
1962-02-20,11.3,28.5,19.0
1962-02-21,15.8,28.4,22.0
1962-02-22,20.3,35.2,29.1
1962-02-23,7.0,24.0,17.4
1962-02-24,14.5,25.8,18.9
1962-02-25,13.2,29.9,21.9
1962-02-26,24.6,42.4,34.8
1962-02-27,23.4,29.9,26.9
1962-02-28,5.3,25.4,20.4
1962-03-01,-6.5,10.3,1.3
1962-03-02,-12.8,11.9,-0.0
1962-03-03,2.4,19.1,10.3
1962-03-04,3.6,21.0,12.6
1962-03-05,15.0,28.1,20.5
1962-03-06,21.9,37.7,30.6
1962-03-07,21.6,35.1,28.9
1962-03-08,14.6,32.5,25.1
1962-03-09,28.9,35.2,32.0
1962-03-10,28.5,34.5,31.1
1962-03-11,30.1,38.1,34.1
1962-03-12,33.6,42.2,37.6
1962-03-13,32.2,38.3,34.2
1962-03-14,28.1,36.1,32.5
1962-03-15,23.8,32.9,28.1
1962-03-16,23.1,37.2,29.7
1962-03-17,22.4,40.5,30.7
1962-03-18,18.3,41.7,30.6
1962-03-19,23.5,36.0,31.9
1962-03-20,31.5,45.0,37.3
1962-03-21,32.4,41.9,35.6
1962-03-22,32.2,39.6,35.0
1962-03-23,30.5,41.6,35.2
1962-03-24,25.0,46.3,34.2
1962-03-25,24.7,47.8,35.5
1962-03-26,28.2,52.2,38.5
1962-03-27,25.6,53.4,39.2
1962-03-28,28.6,61.0,46.0
1962-03-29,49.5,69.6,58.3
1962-03-30,34.2,55.3,41.8
1962-03-31,30.1,45.5,35.9
1962-04-01,26.5,43.0,32.8
1962-04-02,25.5,39.4,32.3
1962-04-03,23.8,43.8,34.6
1962-04-04,26.2,48.0,38.0
1962-04-05,29.7,54.0,42.4
1962-04-06,42.3,52.4,46.7
1962-04-07,33.1,54.2,42.8
1962-04-08,28.4,53.8,39.9
1962-04-09,34.3,45.8,41.0
1962-04-10,34.2,50.1,41.3
1962-04-11,32.1,51.3,40.4
1962-04-12,31.6,52.1,40.7
1962-04-13,33.6,38.8,36.0
1962-04-14,27.6,42.8,34.7
1962-04-15,26.0,37.2,31.7
1962-04-16,25.7,43.3,33.1
1962-04-17,26.6,47.2,37.5
1962-04-18,35.0,53.2,43.6
1962-04-19,29.6,46.7,38.5
1962-04-20,29.8,55.0,42.6
1962-04-21,31.2,60.9,48.9
1962-04-22,48.4,72.7,61.1
1962-04-23,42.2,55.8,47.8
1962-04-24,36.8,63.7,51.5
1962-04-25,55.2,76.2,64.4
1962-04-26,54.6,78.0,66.2
1962-04-27,56.9,78.3,68.3
1962-04-28,62.7,74.8,67.4
1962-04-29,57.3,74.4,64.5
1962-04-30,53.0,80.1,66.2
1962-05-01,55.4,66.6,61.6
1962-05-02,45.2,55.8,50.7
1962-05-03,45.5,66.8,55.6
1962-05-04,44.0,71.9,59.1
1962-05-05,49.8,77.1,65.0
1962-05-06,49.9,69.6,62.7
1962-05-07,40.3,56.2,48.2
1962-05-08,42.3,55.2,48.0
1962-05-09,38.1,54.8,46.5
1962-05-10,42.2,56.9,49.0
1962-05-11,48.7,64.2,55.4
1962-05-12,45.2,62.2,53.5
1962-05-13,51.7,80.7,65.1
1962-05-14,65.8,84.1,74.1
1962-05-15,66.3,85.4,75.3
1962-05-16,63.5,85.1,75.1
1962-05-17,62.2,86.0,75.4
1962-05-18,64.1,87.6,76.3
1962-05-19,64.0,85.5,74.8
1962-05-20,66.2,84.3,74.1
1962-05-21,58.3,69.6,64.1
1962-05-22,53.4,73.5,64.0
1962-05-23,62.5,83.1,72.4
1962-05-24,59.5,67.6,64.6
1962-05-25,52.3,74.5,63.6
1962-05-26,51.1,63.6,58.0
1962-05-27,49.0,68.3,58.5
1962-05-28,54.5,75.3,64.5
1962-05-29,62.0,84.9,72.0
1962-05-30,67.7,78.5,72.2
1962-05-31,64.8,81.8,73.1
1962-06-01,59.2,71.5,65.7
1962-06-02,49.5,64.8,58.0
1962-06-03,48.2,71.3,60.7
1962-06-04,58.5,79.8,68.0
1962-06-05,63.7,75.1,68.2
1962-06-06,59.3,74.8,67.2
1962-06-07,53.5,75.8,65.5
1962-06-08,54.8,77.8,67.3
1962-06-09,62.1,82.5,72.1
1962-06-10,67.6,75.2,70.9
1962-06-11,57.7,77.9,68.5
1962-06-12,57.4,66.8,61.2
1962-06-13,54.9,70.6,62.0
1962-06-14,56.9,73.6,65.0
1962-06-15,51.7,79.3,67.7
1962-06-16,56.4,81.8,71.3
1962-06-17,64.8,86.4,75.9
1962-06-18,67.2,84.4,76.4
1962-06-19,63.5,73.0,67.4
1962-06-20,59.9,73.8,66.5
1962-06-21,54.7,75.1,66.8
1962-06-22,62.8,81.5,72.6
1962-06-23,61.5,84.1,72.8
1962-06-24,66.4,79.7,72.7
1962-06-25,58.8,81.6,71.6
1962-06-26,60.8,77.0,68.4
1962-06-27,55.5,78.0,67.7
1962-06-28,54.3,84.9,71.6
1962-06-29,66.3,86.7,77.0
1962-06-30,69.7,85.3,76.5
1962-07-01,62.9,79.2,71.1
1962-07-02,61.1,72.2,66.2
1962-07-03,61.7,72.8,66.5
1962-07-04,61.2,77.3,69.6
1962-07-05,63.0,81.3,72.5
1962-07-06,66.2,82.0,74.0
1962-07-07,65.2,85.7,76.9
1962-07-08,68.1,87.1,76.6
1962-07-09,60.8,72.9,66.9
1962-07-10,53.2,78.6,67.7
1962-07-11,63.5,84.9,72.8
1962-07-12,67.0,81.4,73.2
1962-07-13,57.5,79.5,70.2
1962-07-14,63.1,78.0,70.6
1962-07-15,59.0,76.3,67.4
1962-07-16,59.0,76.7,68.1
1962-07-17,61.5,77.8,69.9
1962-07-18,60.8,79.0,70.6
1962-07-19,59.1,81.1,71.5
1962-07-20,67.1,80.8,71.7
1962-07-21,66.4,75.6,70.7
1962-07-22,60.3,77.5,68.8
1962-07-23,59.8,69.5,65.7
1962-07-24,53.3,73.2,64.4
1962-07-25,63.4,77.1,69.5
1962-07-26,54.3,66.8,61.2
1962-07-27,53.6,76.2,65.4
1962-07-28,58.5,75.8,66.2
1962-07-29,62.3,76.3,68.5
1962-07-30,62.2,78.4,71.3
1962-07-31,59.7,73.4,67.6
1962-08-01,56.5,76.3,66.9
1962-08-02,54.0,77.1,66.9
1962-08-03,57.1,81.3,71.0
1962-08-04,65.0,82.7,73.6
1962-08-05,63.7,81.8,73.1
1962-08-06,61.3,71.5,66.7
1962-08-07,59.6,84.8,72.5
1962-08-08,64.9,81.1,71.9
1962-08-09,60.9,72.6,66.2
1962-08-10,55.0,74.0,64.9
1962-08-11,55.8,75.9,66.3
1962-08-12,61.9,76.0,69.1
1962-08-13,63.0,69.9,66.3
1962-08-14,57.5,71.3,64.3
1962-08-15,53.0,74.8,64.6
1962-08-16,59.4,75.6,66.4
1962-08-17,55.8,70.3,63.0
1962-08-18,54.0,75.3,64.7
1962-08-19,58.4,84.9,72.0
1962-08-20,66.9,84.3,75.1
1962-08-21,61.5,81.9,71.8
1962-08-22,58.3,76.8,67.4
1962-08-23,58.4,83.8,70.7
1962-08-24,62.3,88.9,76.3
1962-08-25,68.5,84.8,75.2
1962-08-26,62.0,70.4,66.6
1962-08-27,59.8,74.2,66.2
1962-08-28,57.6,81.9,70.1
1962-08-29,61.1,84.1,73.4
1962-08-30,62.0,84.9,74.0
1962-08-31,68.7,75.2,72.3
1962-09-01,65.8,78.0,72.7
1962-09-02,61.0,77.2,68.5
1962-09-03,60.2,77.4,68.8
1962-09-04,66.1,76.0,70.3
1962-09-05,52.8,67.4,58.5
1962-09-06,45.6,63.4,54.8
1962-09-07,45.9,68.4,57.3
1962-09-08,50.2,72.9,62.4
1962-09-09,64.3,73.8,69.2
1962-09-10,60.5,71.7,67.4
1962-09-11,55.9,67.3,62.1
1962-09-12,52.4,80.2,66.7
1962-09-13,65.5,83.5,73.3
1962-09-14,62.3,75.1,68.7
1962-09-15,56.7,73.0,64.2
1962-09-16,57.6,73.2,64.8
1962-09-17,57.3,67.6,63.8
1962-09-18,53.1,66.1,59.3
1962-09-19,48.7,59.5,54.0
1962-09-20,41.6,54.6,48.1
1962-09-21,44.0,58.2,50.8
1962-09-22,47.5,62.2,53.9
1962-09-23,46.1,61.9,53.9
1962-09-24,46.5,68.0,58.2
1962-09-25,55.0,63.5,57.4
1962-09-26,51.5,56.8,54.2
1962-09-27,49.8,60.7,54.7
1962-09-28,47.9,56.8,52.3
1962-09-29,47.6,58.9,51.9
1962-09-30,39.1,65.8,53.2
1962-10-01,48.9,68.7,58.4
1962-10-02,51.2,67.4,58.4
1962-10-03,57.0,63.4,60.3
1962-10-04,55.0,67.3,60.0
1962-10-05,51.1,68.1,57.7
1962-10-06,47.8,67.9,58.2
1962-10-07,51.7,68.6,60.6
1962-10-08,57.2,65.2,60.8
1962-10-09,53.2,65.5,57.9
1962-10-10,50.3,70.1,60.1
1962-10-11,63.4,78.9,70.4
1962-10-12,52.7,70.4,65.7
1962-10-13,45.3,62.5,53.4
1962-10-14,48.9,74.1,60.5
1962-10-15,59.2,76.8,67.9
1962-10-16,51.8,75.9,65.3
1962-10-17,45.6,59.4,51.7
1962-10-18,45.4,64.1,54.4
1962-10-19,46.6,68.5,56.4
1962-10-20,48.7,57.7,54.1
1962-10-21,43.9,55.1,49.5
1962-10-22,41.0,57.3,48.5
1962-10-23,37.4,44.4,41.6
1962-10-24,31.9,42.3,36.6
1962-10-25,29.5,39.7,33.1
1962-10-26,26.5,39.5,32.0
1962-10-27,26.1,48.0,36.7
1962-10-28,39.4,59.6,49.7
1962-10-29,32.1,44.1,38.5
1962-10-30,37.4,48.7,41.7
1962-10-31,34.7,43.8,40.4
1962-11-01,28.8,46.0,37.3
1962-11-02,35.2,46.3,40.6
1962-11-03,37.4,45.5,40.4
1962-11-04,29.8,44.8,37.2
1962-11-05,28.0,42.7,37.0
1962-11-06,24.4,43.3,34.5
1962-11-07,37.8,50.5,43.7
1962-11-08,34.0,43.8,39.7
1962-11-09,35.7,45.3,40.8
1962-11-10,39.7,46.0,43.4
1962-11-11,36.4,43.8,39.7
1962-11-12,31.9,42.3,37.3
1962-11-13,32.2,49.3,40.4
1962-11-14,30.6,46.3,37.6
1962-11-15,36.6,54.7,44.0
1962-11-16,37.8,44.4,41.3
1962-11-17,33.7,39.6,35.5
1962-11-18,26.7,37.1,34.0
1962-11-19,26.1,38.6,32.1
1962-11-20,28.3,41.2,35.4
1962-11-21,38.6,49.4,43.0
1962-11-22,29.8,39.5,34.3
1962-11-23,25.7,44.2,33.0
1962-11-24,29.3,40.5,34.0
1962-11-25,27.8,43.1,34.3
1962-11-26,26.0,43.2,32.1
1962-11-27,26.4,43.8,33.7
1962-11-28,30.3,46.4,36.4
1962-11-29,29.2,51.3,37.7
1962-11-30,29.9,51.8,37.9
1962-12-01,31.9,53.4,39.5
1962-12-02,29.5,52.6,38.5
1962-12-03,33.4,54.4,41.1
1962-12-04,28.8,53.0,39.9
1962-12-05,33.1,45.7,39.0
1962-12-06,29.3,33.1,30.6
1962-12-07,29.3,33.0,31.2
1962-12-08,19.0,29.9,26.0
1962-12-09,15.0,25.4,18.8
1962-12-10,13.5,23.2,17.2
1962-12-11,1.8,14.3,8.2
1962-12-12,-1.3,14.7,6.1
1962-12-13,-2.1,9.7,4.5
1962-12-14,9.3,21.9,15.6
1962-12-15,12.8,28.5,21.4
1962-12-16,16.0,29.4,22.9
1962-12-17,23.5,38.1,29.6
1962-12-18,21.2,33.5,26.6
1962-12-19,29.4,39.7,34.4
1962-12-20,10.0,28.9,19.8
1962-12-21,9.9,24.4,19.5
1962-12-22,15.6,28.4,23.0
1962-12-23,14.1,32.5,25.0
1962-12-24,-1.2,17.5,9.4
1962-12-25,7.7,27.6,18.4
1962-12-26,3.7,25.1,14.7
1962-12-27,-2.5,23.9,10.2
1962-12-28,13.6,24.0,19.3
1962-12-29,10.1,33.2,22.8
1962-12-30,-2.7,11.7,6.1
1962-12-31,-5.3,12.1,1.5
1963-01-01,-2.4,19.9,6.6
1963-01-02,1.2,26.5,12.3
1963-01-03,10.9,30.4,22.3
1963-01-04,26.1,33.0,29.8
1963-01-05,21.2,31.5,26.6
1963-01-06,26.8,33.3,29.8
1963-01-07,24.9,30.6,27.3
1963-01-08,22.8,34.1,28.7
1963-01-09,29.4,39.2,33.4
1963-01-10,28.1,33.6,30.7
1963-01-11,20.3,28.8,23.3
1963-01-12,7.6,28.0,20.0
1963-01-13,-2.9,8.1,2.5
1963-01-14,0.1,12.6,7.9
1963-01-15,-8.9,6.4,-1.7
1963-01-16,-13.4,9.1,-1.7
1963-01-17,-2.2,19.6,9.2
1963-01-18,11.2,32.5,21.0
1963-01-19,7.1,20.9,14.2
1963-01-20,0.9,15.7,7.9
1963-01-21,-10.0,2.3,-4.6
1963-01-22,-6.3,21.8,12.4
1963-01-23,-13.1,5.7,-3.1
1963-01-24,-14.0,0.7,-6.9
1963-01-25,-6.2,9.4,1.8
1963-01-26,-2.1,16.6,8.1
1963-01-27,-1.3,10.0,6.0
1963-01-28,-9.2,8.0,-2.4
1963-01-29,-9.3,14.0,1.8
1963-01-30,4.1,16.7,10.1
1963-01-31,-9.0,12.8,2.1
1963-02-01,3.2,34.5,17.3
1963-02-02,8.0,37.3,30.3
1963-02-03,-5.9,9.2,1.1
1963-02-04,-4.5,31.0,17.9
1963-02-05,14.3,36.3,25.8
1963-02-06,24.8,38.9,30.7
1963-02-07,3.0,30.0,20.7
1963-02-08,-9.9,11.2,0.2
1963-02-09,-8.4,21.0,7.2
1963-02-10,7.0,27.2,18.6
1963-02-11,11.8,24.7,19.9
1963-02-12,0.2,21.0,10.9
1963-02-13,7.2,21.5,14.4
1963-02-14,2.9,19.0,14.9
1963-02-15,-5.1,10.7,1.8
1963-02-16,-13.0,16.0,3.2
1963-02-17,12.6,34.4,26.2
1963-02-18,27.6,39.5,33.1
1963-02-19,15.9,39.3,29.8
1963-02-20,1.0,29.6,20.4
1963-02-21,-8.8,4.8,-1.7
1963-02-22,-11.7,8.3,-1.5
1963-02-23,1.8,24.0,13.5
1963-02-24,10.0,22.4,17.4
1963-02-25,-2.8,14.1,10.1
1963-02-26,-14.3,12.3,-0.8
1963-02-27,-9.8,18.0,5.1
1963-02-28,5.0,25.6,17.0
1963-03-01,-0.1,25.5,12.4
1963-03-02,4.3,35.5,19.7
1963-03-03,20.9,38.0,29.2
1963-03-04,30.1,38.7,33.6
1963-03-05,29.0,35.5,32.4
1963-03-06,28.8,35.1,32.0
1963-03-07,23.1,35.6,29.0
1963-03-08,26.9,35.5,32.0
1963-03-09,15.5,29.8,22.9
1963-03-10,14.8,28.9,23.8
1963-03-11,8.6,34.5,24.6
1963-03-12,33.1,41.5,36.7
1963-03-13,16.9,33.7,28.3
1963-03-14,15.3,33.8,24.5
1963-03-15,9.0,33.3,23.2
1963-03-16,21.3,42.3,32.9
1963-03-17,33.7,51.4,45.2
1963-03-18,25.5,39.1,31.4
1963-03-19,23.4,45.2,30.9
1963-03-20,26.1,36.0,29.9
1963-03-21,23.5,33.3,29.2
1963-03-22,18.7,37.2,26.9
1963-03-23,23.3,54.6,38.5
1963-03-24,40.6,64.6,52.2
1963-03-25,49.7,65.2,56.9
1963-03-26,37.7,54.4,49.7
1963-03-27,33.4,60.5,46.5
1963-03-28,33.0,52.1,41.8
1963-03-29,34.9,73.4,54.2
1963-03-30,48.6,68.5,58.3
1963-03-31,36.9,54.6,44.5
1963-04-01,42.1,65.9,54.3
1963-04-02,55.2,76.5,64.6
1963-04-03,51.3,67.0,62.4
1963-04-04,32.2,50.1,39.1
1963-04-05,26.3,51.8,38.7
1963-04-06,36.5,61.7,48.6
1963-04-07,35.2,53.0,43.8
1963-04-08,33.3,42.7,38.3
1963-04-09,32.4,44.3,37.5
1963-04-10,26.7,47.7,36.6
1963-04-11,30.0,48.3,39.6
1963-04-12,30.8,53.1,43.0
1963-04-13,33.8,52.7,43.0
1963-04-14,34.0,52.2,42.8
1963-04-15,28.7,56.9,44.6
1963-04-16,39.1,61.9,51.3
1963-04-17,50.7,73.4,60.9
1963-04-18,40.5,57.7,49.6
1963-04-19,41.8,71.0,58.2
1963-04-20,46.1,56.7,51.6
1963-04-21,43.0,62.0,52.4
1963-04-22,33.6,44.9,39.6
1963-04-23,34.6,45.9,39.0
1963-04-24,31.0,49.0,40.7
1963-04-25,32.1,56.2,44.9
1963-04-26,34.5,58.4,47.8
1963-04-27,36.9,62.9,51.3
1963-04-28,38.8,62.2,51.5
1963-04-29,46.9,59.7,54.3
1963-04-30,33.6,57.8,45.0
1963-05-01,29.4,50.4,40.3
1963-05-02,29.9,61.2,47.9
1963-05-03,43.2,69.3,56.1
1963-05-04,53.3,75.0,63.7
1963-05-05,45.2,62.8,52.9
1963-05-06,39.7,64.4,52.7
1963-05-07,44.7,69.6,59.2
1963-05-08,61.5,81.3,71.4
1963-05-09,57.4,80.0,70.7
1963-05-10,39.3,70.8,54.4
1963-05-11,37.0,54.9,45.2
1963-05-12,39.7,56.9,48.0
1963-05-13,48.1,69.7,57.9
1963-05-14,49.8,63.8,57.4
1963-05-15,40.9,59.4,51.8
1963-05-16,42.0,66.7,56.1
1963-05-17,46.9,66.0,56.2
1963-05-18,48.4,67.9,58.0
1963-05-19,50.6,65.5,57.9
1963-05-20,47.9,59.5,53.2
1963-05-21,46.0,58.2,51.1
1963-05-22,40.1,52.2,45.4
1963-05-23,33.6,55.8,44.4
1963-05-24,35.9,60.7,49.7
1963-05-25,43.6,65.3,55.8
1963-05-26,42.8,67.6,56.5
1963-05-27,50.5,70.3,60.2
1963-05-28,59.5,72.3,64.4
1963-05-29,55.8,68.4,61.6
1963-05-30,48.8,69.4,59.2
1963-05-31,47.8,75.0,63.2
1963-06-01,51.9,77.2,66.0
1963-06-02,57.2,82.3,70.3
1963-06-03,59.4,81.9,71.9
1963-06-04,58.9,82.1,72.3
1963-06-05,60.8,82.3,73.2
1963-06-06,66.8,87.6,76.5
1963-06-07,66.4,79.3,73.1
1963-06-08,63.5,86.6,74.9
1963-06-09,68.5,84.2,75.2
1963-06-10,69.1,88.3,75.9
1963-06-11,52.1,70.0,59.4
1963-06-12,50.1,63.5,56.8
1963-06-13,50.0,71.5,61.5
1963-06-14,52.9,69.6,62.1
1963-06-15,51.9,71.5,62.4
1963-06-16,53.6,73.8,65.1
1963-06-17,55.3,73.5,65.5
1963-06-18,55.9,76.6,67.3
1963-06-19,60.6,79.7,70.5
1963-06-20,54.1,69.5,63.7
1963-06-21,46.0,63.0,55.5
1963-06-22,44.5,72.3,60.1
1963-06-23,55.8,78.3,67.3
1963-06-24,53.2,82.5,70.3
1963-06-25,56.2,85.8,73.3
1963-06-26,60.9,89.0,76.7
1963-06-27,64.3,89.9,78.7
1963-06-28,71.2,90.5,80.0
1963-06-29,70.0,87.2,78.3
1963-06-30,68.4,88.5,79.5
1963-07-01,68.4,89.5,80.7
1963-07-02,70.2,89.2,79.8
1963-07-03,56.9,73.0,65.7
1963-07-04,51.9,75.8,65.5
1963-07-05,55.6,81.1,69.0
1963-07-06,58.5,84.5,73.6
1963-07-07,63.5,77.9,70.4
1963-07-08,56.7,71.7,64.8
1963-07-09,51.5,69.5,61.9
1963-07-10,50.5,73.7,64.5
1963-07-11,54.9,81.1,69.3
1963-07-12,60.3,85.4,74.3
1963-07-13,63.7,83.8,73.9
1963-07-14,64.0,72.6,68.3
1963-07-15,60.8,75.2,68.4
1963-07-16,60.3,77.5,69.0
1963-07-17,65.4,87.1,76.4
1963-07-18,71.2,88.7,79.8
1963-07-19,71.4,82.9,75.3
1963-07-20,67.3,76.2,72.3
1963-07-21,62.9,81.6,71.1
1963-07-22,64.6,81.4,72.0
1963-07-23,63.9,79.6,71.6
1963-07-24,64.3,84.1,74.9
1963-07-25,64.7,83.8,75.8
1963-07-26,66.5,84.3,76.9
1963-07-27,70.1,84.7,77.9
1963-07-28,70.5,82.9,75.4
1963-07-29,69.0,81.3,74.3
1963-07-30,58.4,79.2,69.8
1963-07-31,63.6,81.5,72.8
1963-08-01,67.1,76.6,71.6
1963-08-02,58.6,78.8,71.2
1963-08-03,68.6,83.1,75.9
1963-08-04,64.8,78.5,71.0
1963-08-05,58.8,80.3,70.3
1963-08-06,63.7,81.7,72.6
1963-08-07,66.2,84.0,75.1
1963-08-08,63.1,81.9,72.7
1963-08-09,62.3,75.3,68.4
1963-08-10,54.5,76.6,66.7
1963-08-11,56.3,78.9,68.8
1963-08-12,58.6,78.0,70.1
1963-08-13,61.3,72.4,67.2
1963-08-14,55.0,66.6,61.4
1963-08-15,55.0,72.4,64.3
1963-08-16,54.0,75.3,65.9
1963-08-17,56.4,67.6,62.6
1963-08-18,50.5,67.2,59.3
1963-08-19,54.8,68.4,60.6
1963-08-20,50.7,79.2,65.8
1963-08-21,57.1,82.0,70.9
1963-08-22,64.9,82.7,74.0
1963-08-23,64.8,83.6,74.6
1963-08-24,61.1,71.9,66.9
1963-08-25,58.7,70.2,63.7
1963-08-26,53.4,73.2,63.5
1963-08-27,52.2,75.8,65.2
1963-08-28,61.9,71.9,66.4
1963-08-29,61.5,74.5,67.9
1963-08-30,60.1,74.0,67.1
1963-08-31,55.7,70.4,62.7
1963-09-01,50.6,73.1,63.5
1963-09-02,57.6,72.1,65.7
1963-09-03,60.6,78.3,69.6
1963-09-04,55.4,66.3,60.3
1963-09-05,53.7,70.1,61.0
1963-09-06,49.0,73.6,61.9
1963-09-07,54.7,72.9,63.6
1963-09-08,57.4,75.0,65.4
1963-09-09,53.0,79.2,65.7
1963-09-10,54.9,72.8,63.4
1963-09-11,53.9,84.3,67.5
1963-09-12,50.8,68.1,60.3
1963-09-13,45.3,58.9,50.7
1963-09-14,44.0,66.0,54.3
1963-09-15,50.2,71.8,59.9
1963-09-16,48.1,75.7,62.1
1963-09-17,51.5,76.5,64.2
1963-09-18,53.5,80.8,67.7
1963-09-19,62.5,81.9,70.6
1963-09-20,52.2,61.2,57.2
1963-09-21,47.8,63.1,55.2
1963-09-22,49.6,61.2,54.7
1963-09-23,43.3,57.9,50.5
1963-09-24,44.8,64.8,53.8
1963-09-25,49.4,73.3,60.6
1963-09-26,55.5,75.9,64.7
1963-09-27,53.9,76.7,65.9
1963-09-28,53.3,64.8,58.6
1963-09-29,49.5,58.8,53.3
1963-09-30,43.9,68.4,55.8
1963-10-01,50.5,72.2,60.3
1963-10-02,55.2,77.1,64.8
1963-10-03,52.9,63.7,58.5
1963-10-04,42.4,62.7,52.8
1963-10-05,42.2,73.6,57.6
1963-10-06,57.4,83.2,69.0
1963-10-07,62.7,81.9,71.1
1963-10-08,49.7,65.0,58.4
1963-10-09,44.9,69.6,58.0
1963-10-10,46.8,75.8,60.9
1963-10-11,53.1,73.5,62.4
1963-10-12,49.3,64.0,54.9
1963-10-13,39.7,65.7,51.8
1963-10-14,39.1,69.9,53.5
1963-10-15,44.0,75.4,58.1
1963-10-16,47.6,79.2,62.5
1963-10-17,56.6,78.1,65.0
1963-10-18,53.2,78.4,64.1
1963-10-19,54.7,73.7,62.9
1963-10-20,53.0,71.2,61.7
1963-10-21,53.8,67.0,59.0
1963-10-22,49.6,77.5,62.5
1963-10-23,56.3,80.2,67.1
1963-10-24,55.9,79.1,66.6
1963-10-25,59.4,77.9,68.1
1963-10-26,56.8,78.2,67.4
1963-10-27,50.5,66.3,60.3
1963-10-28,42.9,58.7,51.0
1963-10-29,38.7,50.2,44.7
1963-10-30,34.1,52.2,43.6
1963-10-31,46.1,47.8,46.7
1963-11-01,38.2,49.2,44.1
1963-11-02,35.3,44.8,39.1
1963-11-03,30.3,51.0,40.5
1963-11-04,42.5,49.7,45.1
1963-11-05,42.9,47.7,45.4
1963-11-06,46.8,53.0,49.1
1963-11-07,45.8,55.8,49.3
1963-11-08,41.3,55.5,47.1
1963-11-09,35.3,57.6,46.1
1963-11-10,43.7,59.0,50.6
1963-11-11,36.8,46.6,42.0
1963-11-12,35.4,42.1,37.6
1963-11-13,36.0,39.7,37.5
1963-11-14,36.2,43.6,39.0
1963-11-15,35.2,46.8,41.3
1963-11-16,45.8,58.4,50.8
1963-11-17,51.5,63.7,58.5
1963-11-18,48.6,60.4,54.0
1963-11-19,36.7,53.4,44.8
1963-11-20,38.4,54.4,46.7
1963-11-21,46.6,55.8,52.3
1963-11-22,46.6,59.0,53.8
1963-11-23,35.1,59.1,43.4
1963-11-24,29.0,39.2,33.7
1963-11-25,26.8,40.4,33.6
1963-11-26,34.0,52.8,42.2
1963-11-27,35.8,49.2,42.0
1963-11-28,34.4,54.5,43.5
1963-11-29,32.4,43.8,36.9
1963-11-30,27.0,35.2,31.1
1963-12-01,22.8,30.4,26.4
1963-12-02,24.5,31.6,27.3
1963-12-03,20.8,32.5,25.5
1963-12-04,19.6,31.4,24.2
1963-12-05,19.0,33.5,25.9
1963-12-06,24.7,38.2,29.8
1963-12-07,27.8,49.1,36.5
1963-12-08,28.7,41.5,35.6
1963-12-09,26.2,36.2,30.2
1963-12-10,25.2,31.9,27.8
1963-12-11,26.1,31.4,27.9
1963-12-12,21.6,31.5,27.0
1963-12-13,8.8,21.6,17.1
1963-12-14,2.2,13.5,7.8
1963-12-15,9.8,21.9,14.9
1963-12-16,-4.2,20.9,8.4
1963-12-17,5.5,17.4,11.3
1963-12-18,7.0,20.7,16.2
1963-12-19,4.6,14.7,9.1
1963-12-20,0.9,18.7,8.7
1963-12-21,1.5,23.5,13.1
1963-12-22,13.3,29.5,20.6
1963-12-23,14.0,29.6,21.5
1963-12-24,15.3,33.5,21.5
1963-12-25,23.0,35.2,31.3
1963-12-26,22.4,37.5,30.2
1963-12-27,21.3,29.0,24.1
1963-12-28,9.0,22.2,17.9
1963-12-29,4.0,15.2,10.6
1963-12-30,-5.7,16.9,5.8
1963-12-31,-10.8,16.2,2.6
1964-01-01,-3.8,27.5,12.9
1964-01-02,20.2,37.3,29.2
1964-01-03,32.9,39.9,36.6
1964-01-04,27.8,35.3,30.9
1964-01-05,26.9,38.8,31.9
1964-01-06,29.4,39.3,33.7
1964-01-07,24.7,33.3,28.9
1964-01-08,26.2,34.5,29.7
1964-01-09,24.3,36.2,33.5
1964-01-10,10.9,22.7,15.7
1964-01-11,5.9,21.7,14.6
1964-01-12,3.9,14.1,9.8
1964-01-13,7.4,20.6,15.7
1964-01-14,-5.7,21.6,8.4
1964-01-15,2.0,24.5,13.0
1964-01-16,16.5,31.5,24.0
1964-01-17,21.2,28.7,24.1
1964-01-18,23.1,37.2,30.1
1964-01-19,19.6,42.5,32.8
1964-01-20,29.2,44.4,39.1
1964-01-21,28.5,48.9,36.2
1964-01-22,27.7,51.8,37.8
1964-01-23,40.5,50.9,44.9
1964-01-24,36.7,53.0,44.6
1964-01-25,20.9,53.8,29.8
1964-01-26,19.6,27.6,24.0
1964-01-27,19.2,31.5,25.3
1964-01-28,11.7,24.3,18.0
1964-01-29,17.2,33.7,25.0
1964-01-30,24.1,34.2,28.2
1964-01-31,25.6,39.0,34.2
1964-02-01,31.6,40.0,35.5
1964-02-02,18.9,31.4,27.3
1964-02-03,17.1,33.0,24.1
1964-02-04,20.1,44.1,30.6
1964-02-05,30.6,47.2,37.5
1964-02-06,30.1,39.7,34.7
1964-02-07,23.4,34.4,29.7
1964-02-08,18.2,25.3,21.7
1964-02-09,18.9,26.1,22.1
1964-02-10,16.2,28.6,21.8
1964-02-11,15.8,37.0,25.3
1964-02-12,24.2,39.5,30.6
1964-02-13,27.3,37.8,32.5
1964-02-14,23.8,33.8,28.4
1964-02-15,23.5,36.5,28.9
1964-02-16,12.6,29.2,24.1
1964-02-17,7.9,33.0,21.8
1964-02-18,24.9,38.8,31.6
1964-02-19,26.3,33.6,30.0
1964-02-20,21.4,28.4,24.8
1964-02-21,15.0,26.3,19.8
1964-02-22,15.0,27.2,20.6
1964-02-23,15.1,30.9,22.5
1964-02-24,11.9,23.5,17.9
1964-02-25,13.3,42.1,27.5
1964-02-26,15.6,30.6,24.6
1964-02-27,7.5,23.5,16.5
1964-02-28,13.0,34.2,23.5
1964-02-29,10.0,42.6,28.0
1964-03-01,33.5,46.0,38.0
1964-03-02,29.7,54.2,41.4
1964-03-03,37.3,50.4,43.5
1964-03-04,38.8,55.8,46.2
1964-03-05,25.2,56.0,37.2
1964-03-06,22.6,44.0,33.6
1964-03-07,36.0,46.1,41.5
1964-03-08,28.6,38.9,33.7
1964-03-09,28.1,41.4,33.8
1964-03-10,13.2,28.4,24.6
1964-03-11,7.5,33.0,20.9
1964-03-12,17.5,40.1,29.9
1964-03-13,11.9,38.8,27.3
1964-03-14,38.0,57.3,45.8
1964-03-15,29.7,45.7,37.0
1964-03-16,23.9,57.8,38.6
1964-03-17,16.8,31.7,26.6
1964-03-18,14.2,34.2,22.8
1964-03-19,19.9,37.7,26.9
1964-03-20,22.9,32.9,29.0
1964-03-21,30.1,45.7,36.0
1964-03-22,26.2,42.7,33.3
1964-03-23,22.4,44.6,32.5
1964-03-24,31.7,63.2,46.0
1964-03-25,33.6,42.5,38.3
1964-03-26,21.7,39.7,29.4
1964-03-27,21.9,35.4,28.4
1964-03-28,21.8,39.0,31.4
1964-03-29,17.7,33.3,24.7
1964-03-30,18.0,27.3,22.2
1964-03-31,16.5,33.0,23.8
1964-04-01,8.8,33.0,24.6
1964-04-02,26.6,40.5,34.3
1964-04-03,9.8,35.2,24.7
1964-04-04,-0.0,31.5,16.2
1964-04-05,11.8,40.5,28.4
1964-04-06,40.3,62.6,52.0
1964-04-07,42.9,64.0,53.1
1964-04-08,27.5,41.4,33.0
1964-04-09,27.0,49.4,37.2
1964-04-10,34.3,52.7,42.5
1964-04-11,29.2,62.6,46.1
1964-04-12,42.3,66.0,54.7
1964-04-13,53.0,62.7,57.5
1964-04-14,44.5,59.6,51.8
1964-04-15,37.2,53.5,45.5
1964-04-16,38.0,66.5,52.5
1964-04-17,57.2,76.6,66.3
1964-04-18,39.9,64.2,49.9
1964-04-19,38.3,45.7,42.0
1964-04-20,42.9,54.5,46.8
1964-04-21,41.1,70.6,52.9
1964-04-22,45.6,62.2,54.2
1964-04-23,35.5,59.1,48.8
1964-04-24,33.3,53.6,43.6
1964-04-25,33.0,55.8,44.8
1964-04-26,39.7,63.8,52.3
1964-04-27,52.5,54.8,53.9
1964-04-28,52.1,69.1,59.9
1964-04-29,50.1,63.3,55.9
1964-04-30,46.8,51.6,49.9
1964-05-01,46.3,60.8,53.5
1964-05-02,46.4,64.8,55.3
1964-05-03,48.7,67.6,57.4
1964-05-04,43.3,73.1,59.3
1964-05-05,53.5,77.8,66.2
1964-05-06,59.7,78.9,69.4
1964-05-07,62.4,78.5,70.5
1964-05-08,67.6,76.1,71.4
1964-05-09,56.6,71.2,63.1
1964-05-10,52.6,64.3,57.5
1964-05-11,43.7,69.4,58.6
1964-05-12,53.7,63.3,59.0
1964-05-13,46.0,56.8,52.4
1964-05-14,43.5,62.4,51.6
1964-05-15,38.3,70.3,56.3
1964-05-16,56.7,69.7,62.2
1964-05-17,49.5,73.8,62.4
1964-05-18,51.5,75.0,64.4
1964-05-19,61.2,79.5,71.4
1964-05-20,44.2,62.3,53.6
1964-05-21,38.7,72.0,57.0
1964-05-22,56.2,83.9,70.7
1964-05-23,66.2,84.9,75.3
1964-05-24,62.8,79.4,72.5
1964-05-25,54.2,73.2,64.3
1964-05-26,59.1,78.6,67.7
1964-05-27,52.3,68.4,61.7
1964-05-28,45.6,59.5,52.5
1964-05-29,41.5,59.8,50.9
1964-05-30,43.5,64.4,55.0
1964-05-31,48.6,64.3,56.9
1964-06-01,45.6,65.5,56.5
1964-06-02,45.8,66.3,56.1
1964-06-03,48.0,64.0,55.6
1964-06-04,45.9,64.8,56.1
1964-06-05,48.5,69.4,59.2
1964-06-06,53.3,70.6,63.2
1964-06-07,60.0,74.8,66.3
1964-06-08,57.9,80.2,69.2
1964-06-09,69.3,88.2,79.2
1964-06-10,58.4,75.8,68.4
1964-06-11,47.4,70.6,59.2
1964-06-12,56.6,81.0,69.2
1964-06-13,67.4,86.7,76.0
1964-06-14,60.7,82.0,73.0
1964-06-15,60.1,73.5,68.1
1964-06-16,51.3,65.2,57.9
1964-06-17,47.0,72.0,61.8
1964-06-18,59.8,81.5,71.1
1964-06-19,69.1,89.8,79.2
1964-06-20,71.2,86.0,78.1
1964-06-21,68.0,82.8,74.0
1964-06-22,67.9,80.6,74.0
1964-06-23,70.8,88.0,78.8
1964-06-24,60.3,71.2,64.9
1964-06-25,51.5,81.1,67.6
1964-06-26,65.0,91.3,78.4
1964-06-27,68.4,84.1,76.0
1964-06-28,63.3,88.9,77.0
1964-06-29,67.6,93.3,81.9
1964-06-30,70.3,91.9,81.5
1964-07-01,69.4,89.1,77.5
1964-07-02,69.2,86.0,76.5
1964-07-03,66.7,84.6,75.1
1964-07-04,61.1,74.8,67.6
1964-07-05,53.1,78.4,67.7
1964-07-06,57.4,82.4,71.1
1964-07-07,64.8,82.8,70.3
1964-07-08,64.9,71.0,67.3
1964-07-09,61.6,77.5,69.6
1964-07-10,60.2,82.9,72.3
1964-07-11,59.5,82.8,71.7
1964-07-12,61.9,67.1,64.9
1964-07-13,55.1,66.7,61.3
1964-07-14,57.6,69.0,62.2
1964-07-15,55.8,77.4,67.2
1964-07-16,60.8,83.8,73.1
1964-07-17,67.6,86.8,77.6
1964-07-18,68.8,84.9,76.0
1964-07-19,67.7,87.7,78.0
1964-07-20,70.7,88.7,79.3
1964-07-21,69.4,86.1,77.5
1964-07-22,70.6,88.8,78.9
1964-07-23,66.7,86.6,76.8
1964-07-24,65.5,87.3,77.7
1964-07-25,67.8,87.1,77.0
1964-07-26,68.2,85.1,75.7
1964-07-27,64.2,89.8,77.9
1964-07-28,69.2,90.0,80.8
1964-07-29,68.4,78.6,75.2
1964-07-30,58.6,72.9,65.6
1964-07-31,56.3,74.2,65.5
1964-08-01,61.2,85.6,72.3
1964-08-02,72.1,92.8,81.6
1964-08-03,73.8,88.6,81.4
1964-08-04,69.6,84.5,75.8
1964-08-05,60.6,76.4,69.7
1964-08-06,53.8,78.5,66.5
1964-08-07,62.7,87.7,75.2
1964-08-08,60.0,71.2,65.7
1964-08-09,52.1,67.0,60.1
1964-08-10,53.5,75.6,65.5
1964-08-11,64.6,84.4,71.4
1964-08-12,58.8,65.4,61.6
1964-08-13,51.6,63.8,57.6
1964-08-14,48.1,68.3,59.0
1964-08-15,48.8,71.2,61.6
1964-08-16,50.1,76.7,64.9
1964-08-17,59.8,78.5,68.5
1964-08-18,57.1,71.2,64.1
1964-08-19,50.5,70.2,61.6
1964-08-20,59.5,69.5,63.3
1964-08-21,58.5,74.8,66.2
1964-08-22,60.8,70.2,66.0
1964-08-23,59.4,71.0,65.0
1964-08-24,55.6,71.0,63.7
1964-08-25,59.5,74.1,66.8
1964-08-26,51.8,71.3,62.4
1964-08-27,55.5,76.6,66.3
1964-08-28,67.3,85.3,73.9
1964-08-29,61.7,79.7,71.2
1964-08-30,64.4,85.2,75.0
1964-08-31,62.0,75.8,69.1
1964-09-01,59.8,68.5,65.1
1964-09-02,51.3,73.3,63.5
1964-09-03,58.6,85.3,71.7
1964-09-04,65.4,82.8,73.8
1964-09-05,59.5,72.3,65.0
1964-09-06,52.4,74.1,63.5
1964-09-07,63.4,85.3,72.8
1964-09-08,67.6,88.2,77.5
1964-09-09,65.7,85.5,75.9
1964-09-10,67.6,87.3,77.9
1964-09-11,56.2,71.0,63.9
1964-09-12,47.3,60.3,53.8
1964-09-13,41.4,64.6,54.0
1964-09-14,43.3,72.1,58.7
1964-09-15,48.8,58.7,53.0
1964-09-16,45.4,66.7,55.4
1964-09-17,49.3,80.0,64.4
1964-09-18,61.4,68.4,64.6
1964-09-19,58.9,66.8,63.2
1964-09-20,59.1,73.2,65.8
1964-09-21,64.0,81.9,71.8
1964-09-22,65.9,77.2,70.7
1964-09-23,60.2,69.9,65.2
1964-09-24,49.6,61.2,56.0
1964-09-25,47.9,63.0,54.9
1964-09-26,56.2,75.7,65.1
1964-09-27,48.3,66.4,57.6
1964-09-28,44.3,56.2,49.8
1964-09-29,39.5,62.3,51.4
1964-09-30,41.2,62.3,52.0
1964-10-01,46.1,68.8,57.3
1964-10-02,52.9,71.4,60.4
1964-10-03,47.8,67.9,58.1
1964-10-04,44.0,60.5,53.0
1964-10-05,36.9,51.2,44.5
1964-10-06,35.0,47.0,41.1
1964-10-07,30.8,55.2,43.2
1964-10-08,47.0,53.5,49.5
1964-10-09,38.8,46.6,43.0
1964-10-10,32.3,42.8,37.3
1964-10-11,30.6,48.1,38.5
1964-10-12,33.7,54.2,42.4
1964-10-13,38.1,62.4,50.1
1964-10-14,42.9,66.5,53.4
1964-10-15,41.3,70.1,54.6
1964-10-16,42.8,71.6,57.2
1964-10-17,44.1,74.1,58.6
1964-10-18,45.8,59.0,52.2
1964-10-19,38.5,50.1,43.4
1964-10-20,30.5,46.6,39.3
1964-10-21,38.4,52.4,43.9
1964-10-22,38.6,49.6,42.4
1964-10-23,31.3,45.5,37.9
1964-10-24,33.5,54.0,43.2
1964-10-25,41.6,69.3,53.8
1964-10-26,47.8,70.6,57.5
1964-10-27,45.9,67.2,55.4
1964-10-28,52.0,65.8,58.0
1964-10-29,43.8,53.1,47.7
1964-10-30,33.5,54.0,44.2
1964-10-31,36.5,56.7,44.9
1964-11-01,37.2,63.2,48.8
1964-11-02,47.6,67.8,56.4
1964-11-03,50.1,67.9,57.0
1964-11-04,47.8,69.7,57.0
1964-11-05,43.5,56.7,51.4
1964-11-06,34.8,55.6,45.1
1964-11-07,47.0,54.8,50.5
1964-11-08,45.7,57.7,51.4
1964-11-09,41.7,62.5,51.7
1964-11-10,52.8,63.5,56.9
1964-11-11,53.8,67.8,59.4
1964-11-12,56.0,67.8,60.6
1964-11-13,43.9,55.0,50.4
1964-11-14,36.6,58.5,46.5
1964-11-15,41.5,58.9,50.9
1964-11-16,44.6,58.4,54.4
1964-11-17,36.2,49.6,42.8
1964-11-18,35.6,42.2,39.5
1964-11-19,29.6,35.2,33.0
1964-11-20,22.3,30.0,26.6
1964-11-21,14.2,26.8,20.7
1964-11-22,15.4,22.0,17.7
1964-11-23,18.8,37.7,26.7
1964-11-24,15.8,38.5,25.7
1964-11-25,22.0,43.4,35.2
1964-11-26,31.5,46.8,38.5
1964-11-27,30.9,47.1,36.9
1964-11-28,34.2,50.2,44.2
1964-11-29,22.4,32.7,26.3
1964-11-30,16.3,25.2,20.4
1964-12-01,13.6,26.4,20.0
1964-12-02,22.3,27.1,24.4
1964-12-03,22.7,29.9,26.2
1964-12-04,26.5,29.8,27.9
1964-12-05,15.6,28.0,24.0
1964-12-06,2.0,19.5,11.6
1964-12-07,5.6,23.1,15.3
1964-12-08,7.9,27.4,20.7
1964-12-09,-4.7,23.5,9.1
1964-12-10,17.7,35.5,26.0
1964-12-11,36.5,41.5,39.2
1964-12-12,32.7,40.3,36.7
1964-12-13,26.0,41.5,34.9
1964-12-14,16.4,32.2,25.0
1964-12-15,12.5,24.2,18.5
1964-12-16,21.3,42.0,31.7
1964-12-17,13.1,37.3,24.9
1964-12-18,10.9,22.8,16.2
1964-12-19,11.3,24.4,17.6
1964-12-20,23.0,30.9,26.6
1964-12-21,22.4,34.2,28.1
1964-12-22,29.1,36.0,32.5
1964-12-23,34.2,46.0,40.5
1964-12-24,38.9,53.2,48.3
1964-12-25,34.1,38.8,36.0
1964-12-26,31.7,35.8,34.2
1964-12-27,25.0,31.7,27.8
1964-12-28,22.0,30.0,25.7
1964-12-29,27.7,44.2,36.3
1964-12-30,33.1,44.5,40.2
1964-12-31,27.1,35.7,31.7
1965-01-01,29.0,32.6,31.0
1965-01-02,26.2,35.2,32.3
1965-01-03,21.9,32.5,26.3
1965-01-04,21.4,37.1,28.2
1965-01-05,28.2,39.4,32.8
1965-01-06,26.7,39.4,31.0
1965-01-07,28.4,45.6,37.3
1965-01-08,41.0,59.3,54.7
1965-01-09,22.0,37.8,28.7
1965-01-10,18.4,28.0,22.7
1965-01-11,23.4,34.1,27.8
1965-01-12,26.1,34.0,29.7
1965-01-13,13.9,26.9,22.8
1965-01-14,5.3,13.6,10.6
1965-01-15,9.4,18.8,13.0
1965-01-16,5.7,15.2,9.3
1965-01-17,6.1,18.4,13.1
1965-01-18,5.5,16.7,10.3
1965-01-19,5.5,26.1,15.0
1965-01-20,19.9,28.5,25.3
1965-01-21,17.3,34.8,24.6
1965-01-22,24.5,38.4,32.5
1965-01-23,16.8,29.4,22.6
1965-01-24,23.4,43.1,33.9
1965-01-25,22.4,34.9,27.6
1965-01-26,25.9,47.8,35.3
1965-01-27,14.5,25.4,19.8
1965-01-28,-1.5,26.2,12.0
1965-01-29,-6.4,6.6,-0.7
1965-01-30,-10.4,15.0,2.4
1965-01-31,4.9,15.6,9.3
1965-02-01,8.0,24.1,16.2
1965-02-02,-2.9,14.4,4.9
1965-02-03,-4.0,11.3,2.9
1965-02-04,-1.5,9.7,3.4
1965-02-05,5.0,37.1,23.0
1965-02-06,36.9,48.2,40.2
1965-02-07,37.8,44.3,40.6
1965-02-08,23.9,43.0,33.5
1965-02-09,22.5,40.8,29.5
1965-02-10,31.9,56.5,48.0
1965-02-11,27.9,40.0,33.2
1965-02-12,21.5,46.1,32.7
1965-02-13,19.3,27.6,23.0
1965-02-14,16.5,35.0,25.0
1965-02-15,24.1,44.2,32.6
1965-02-16,27.1,35.7,31.4
1965-02-17,26.7,40.6,32.7
1965-02-18,22.0,34.7,27.8
1965-02-19,12.1,20.6,17.0
1965-02-20,14.5,39.0,25.7
1965-02-21,10.2,40.9,28.2
1965-02-22,0.4,12.0,6.3
1965-02-23,-0.6,18.4,9.0
1965-02-24,13.6,25.7,18.8
1965-02-25,5.6,22.0,16.5
1965-02-26,-1.0,16.4,6.5
1965-02-27,3.9,38.6,21.4
1965-02-28,19.7,32.8,26.4
1965-03-01,23.8,35.9,28.5
1965-03-02,21.9,39.3,30.4
1965-03-03,33.1,38.1,34.8
1965-03-04,32.8,42.4,37.5
1965-03-05,25.0,35.2,29.4
1965-03-06,32.4,39.9,35.8
1965-03-07,29.6,37.8,33.0
1965-03-08,26.6,38.6,32.0
1965-03-09,24.4,38.9,31.5
1965-03-10,20.1,31.4,25.3
1965-03-11,16.9,30.3,24.5
1965-03-12,20.3,33.1,27.3
1965-03-13,18.6,35.8,26.6
1965-03-14,20.0,35.9,28.6
1965-03-15,24.0,36.7,31.3
1965-03-16,25.4,34.7,30.1
1965-03-17,16.2,43.0,30.1
1965-03-18,11.7,33.3,22.6
1965-03-19,2.9,17.8,10.4
1965-03-20,3.8,18.9,11.3
1965-03-21,0.1,18.5,9.1
1965-03-22,3.5,38.8,24.4
1965-03-23,14.6,29.6,24.9
1965-03-24,5.5,26.1,16.4
1965-03-25,11.3,32.5,21.0
1965-03-26,18.1,31.3,24.0
1965-03-27,8.4,30.3,21.0
1965-03-28,9.2,37.3,27.2
1965-03-29,31.3,41.2,35.2
1965-03-30,17.1,32.5,26.5
1965-03-31,11.0,32.8,22.4
1965-04-01,19.9,33.1,28.2
1965-04-02,17.7,35.2,27.0
1965-04-03,5.5,36.7,22.8
1965-04-04,16.4,39.1,29.2
1965-04-05,31.5,44.2,37.1
1965-04-06,36.8,67.6,47.8
1965-04-07,36.1,55.9,46.3
1965-04-08,28.5,53.0,40.3
1965-04-09,32.1,52.0,41.3
1965-04-10,29.2,52.1,41.1
1965-04-11,39.5,70.4,54.2
1965-04-12,40.4,57.4,49.4
1965-04-13,33.4,50.4,41.3
1965-04-14,26.4,51.1,39.8
1965-04-15,40.6,49.6,44.0
1965-04-16,34.3,42.5,37.7
1965-04-17,26.7,43.7,34.2
1965-04-18,24.6,45.1,33.6
1965-04-19,26.4,53.0,39.8
1965-04-20,35.1,54.0,44.2
1965-04-21,38.8,67.0,50.0
1965-04-22,35.0,58.3,45.7
1965-04-23,37.7,62.6,48.2
1965-04-24,36.6,48.1,41.4
1965-04-25,37.3,50.8,44.0
1965-04-26,42.1,54.4,44.7
1965-04-27,38.5,57.3,46.7
1965-04-28,33.3,57.9,46.4
1965-04-29,36.0,62.2,49.4
1965-04-30,49.6,70.5,58.2
1965-05-01,42.2,67.7,54.6
1965-05-02,46.3,78.5,62.1
1965-05-03,57.8,76.9,67.4
1965-05-04,48.5,64.8,55.9
1965-05-05,45.1,66.4,55.4
1965-05-06,50.5,75.3,62.3
1965-05-07,56.9,79.2,68.5
1965-05-08,59.5,81.9,71.0
1965-05-09,62.2,80.4,71.2
1965-05-10,57.1,75.4,67.0
1965-05-11,50.5,64.3,57.5
1965-05-12,49.2,73.4,61.3
1965-05-13,46.2,65.5,55.9
1965-05-14,42.3,70.2,57.6
1965-05-15,51.9,77.9,64.3
1965-05-16,61.1,77.2,68.6
1965-05-17,53.4,61.7,57.6
1965-05-18,46.8,75.1,62.2
1965-05-19,56.1,69.9,63.4
1965-05-20,46.8,67.7,57.7
1965-05-21,47.5,77.9,64.3
1965-05-22,55.6,74.8,67.0
1965-05-23,49.9,63.7,57.0
1965-05-24,53.3,75.7,64.6
1965-05-25,62.9,83.9,73.1
1965-05-26,65.7,84.5,73.4
1965-05-27,54.6,71.2,66.8
1965-05-28,45.8,62.2,53.0
1965-05-29,40.5,53.1,47.4
1965-05-30,41.6,65.4,54.4
1965-05-31,46.5,71.8,58.9
1965-06-01,55.8,80.6,68.1
1965-06-02,52.8,63.8,60.9
1965-06-03,48.4,64.0,55.8
1965-06-04,50.0,66.4,57.8
1965-06-05,50.5,79.8,66.3
1965-06-06,67.0,84.4,74.7
1965-06-07,62.9,73.8,68.3
1965-06-08,58.9,79.5,70.1
1965-06-09,63.0,76.6,69.8
1965-06-10,58.9,77.9,68.5
1965-06-11,54.0,77.5,66.4
1965-06-12,55.8,80.3,67.7
1965-06-13,50.0,68.7,59.2
1965-06-14,49.8,65.6,57.4
1965-06-15,50.6,68.4,58.7
1965-06-16,53.1,69.0,60.3
1965-06-17,52.0,69.7,61.0
1965-06-18,53.0,73.3,64.2
1965-06-19,56.1,78.6,68.1
1965-06-20,60.0,84.0,72.7
1965-06-21,63.9,77.8,70.1
1965-06-22,52.9,84.7,71.5
1965-06-23,67.1,80.2,71.7
1965-06-24,57.3,70.5,64.6
1965-06-25,50.7,70.4,61.0
1965-06-26,51.8,75.1,64.8
1965-06-27,62.4,86.6,75.4
1965-06-28,72.9,88.2,79.6
1965-06-29,66.5,82.4,74.1
1965-06-30,58.4,71.4,65.0
1965-07-01,48.6,75.0,63.5
1965-07-02,59.2,74.5,66.3
1965-07-03,61.7,77.5,69.5
1965-07-04,55.1,80.8,69.5
1965-07-05,59.5,79.9,68.2
1965-07-06,50.4,73.6,62.5
1965-07-07,63.7,75.3,69.6
1965-07-08,60.9,82.8,72.5
1965-07-09,66.7,82.8,74.3
1965-07-10,59.0,75.7,68.2
1965-07-11,57.9,76.5,67.4
1965-07-12,55.5,79.7,68.8
1965-07-13,62.7,87.5,75.5
1965-07-14,70.2,83.0,76.6
1965-07-15,61.2,77.7,70.8
1965-07-16,57.0,81.4,69.4
1965-07-17,62.2,79.9,70.8
1965-07-18,60.7,77.0,68.5
1965-07-19,57.8,69.9,63.4
1965-07-20,51.0,71.4,61.7
1965-07-21,50.7,77.1,65.5
1965-07-22,63.1,86.7,74.7
1965-07-23,67.9,88.6,78.5
1965-07-24,70.2,90.5,77.9
1965-07-25,66.6,81.2,73.5
1965-07-26,62.8,80.9,72.4
1965-07-27,67.0,79.4,72.7
1965-07-28,58.8,73.5,65.3
1965-07-29,54.0,66.1,60.2
1965-07-30,49.6,73.1,62.8
1965-07-31,56.2,78.3,67.5
1965-08-01,61.3,74.9,66.2
1965-08-02,55.1,61.2,57.8
1965-08-03,53.9,72.4,63.8
1965-08-04,59.6,70.6,64.9
1965-08-05,55.3,84.0,70.0
1965-08-06,68.8,89.4,78.5
1965-08-07,69.7,84.6,75.6
1965-08-08,66.2,80.6,72.2
1965-08-09,65.9,74.8,69.0
1965-08-10,54.9,67.3,63.1
1965-08-11,50.5,76.0,63.7
1965-08-12,58.5,83.3,71.2
1965-08-13,69.6,85.6,77.6
1965-08-14,64.8,92.1,79.5
1965-08-15,71.7,90.1,80.9
1965-08-16,67.7,87.9,77.6
1965-08-17,70.4,84.5,76.2
1965-08-18,66.4,83.9,73.2
1965-08-19,61.2,73.5,67.0
1965-08-20,52.9,69.6,62.6
1965-08-21,58.1,69.7,63.8
1965-08-22,59.5,75.9,67.4
1965-08-23,58.5,71.9,65.0
1965-08-24,50.9,73.7,63.6
1965-08-25,55.2,72.4,64.2
1965-08-26,62.7,79.1,70.4
1965-08-27,62.6,79.4,70.9
1965-08-28,51.1,65.6,58.7
1965-08-29,46.2,66.0,56.5
1965-08-30,50.5,65.2,56.9
1965-08-31,56.4,72.4,63.7
1965-09-01,55.7,67.2,61.6
1965-09-02,47.0,68.3,59.4
1965-09-03,52.5,72.9,63.7
1965-09-04,62.5,78.0,69.7
1965-09-05,65.2,78.5,71.0
1965-09-06,61.9,71.2,65.6
1965-09-07,55.5,77.2,67.6
1965-09-08,62.4,68.9,66.2
1965-09-09,63.2,83.9,73.7
1965-09-10,61.2,78.1,71.4
1965-09-11,53.5,63.1,58.1
1965-09-12,52.2,72.6,61.7
1965-09-13,57.2,74.4,65.4
1965-09-14,57.7,75.0,66.5
1965-09-15,56.9,68.1,65.0
1965-09-16,54.0,61.2,56.4
1965-09-17,55.2,83.8,69.6
1965-09-18,68.3,84.9,75.5
1965-09-19,67.2,84.7,75.5
1965-09-20,68.4,81.3,74.4
1965-09-21,71.1,82.4,75.9
1965-09-22,63.4,81.1,71.7
1965-09-23,56.8,69.4,63.6
1965-09-24,48.2,55.4,52.3
1965-09-25,44.4,59.4,51.3
1965-09-26,43.9,56.3,48.4
1965-09-27,39.9,51.5,45.4
1965-09-28,44.8,65.2,54.6
1965-09-29,47.8,72.6,60.3
1965-09-30,57.5,69.0,63.2
1965-10-01,53.6,66.3,57.8
1965-10-02,46.1,64.3,56.0
1965-10-03,44.0,58.5,50.7
1965-10-04,36.3,45.6,41.3
1965-10-05,30.2,50.5,40.6
1965-10-06,40.0,61.6,49.7
1965-10-07,49.1,61.4,53.1
1965-10-08,47.2,53.0,49.7
1965-10-09,48.6,58.1,51.7
1965-10-10,45.0,53.9,49.5
1965-10-11,45.8,57.5,51.1
1965-10-12,43.2,51.6,46.5
1965-10-13,37.3,58.2,47.0
1965-10-14,37.1,62.2,50.5
1965-10-15,51.1,68.0,59.9
1965-10-16,45.9,60.3,51.5
1965-10-17,47.6,67.8,55.9
1965-10-18,54.4,74.2,62.2
1965-10-19,46.7,66.2,56.5
1965-10-20,54.2,62.8,58.1
1965-10-21,49.0,57.8,54.6
1965-10-22,49.5,54.2,51.1
1965-10-23,37.6,49.3,46.0
1965-10-24,33.9,41.2,37.1
1965-10-25,34.0,54.7,44.1
1965-10-26,39.0,51.4,45.7
1965-10-27,38.3,51.3,43.9
1965-10-28,29.0,39.7,35.2
1965-10-29,23.9,43.3,33.4
1965-10-30,36.7,60.3,48.1
1965-10-31,42.3,55.3,50.6
1965-11-01,36.6,51.8,43.2
1965-11-02,35.7,57.0,45.5
1965-11-03,48.4,66.3,57.6
1965-11-04,34.9,60.5,45.2
1965-11-05,32.1,56.9,43.8
1965-11-06,49.2,63.5,55.2
1965-11-07,47.1,57.1,52.0
1965-11-08,40.6,56.9,50.2
1965-11-09,31.1,39.1,34.4
1965-11-10,27.1,40.5,33.5
1965-11-11,30.5,46.0,38.7
1965-11-12,38.7,58.5,48.0
1965-11-13,34.8,45.6,40.6
1965-11-14,25.8,36.2,31.6
1965-11-15,25.2,53.0,38.7
1965-11-16,34.2,56.4,49.0
1965-11-17,29.6,35.6,32.5
1965-11-18,28.2,40.3,32.9
1965-11-19,32.8,40.7,37.0
1965-11-20,31.1,50.5,39.5
1965-11-21,36.4,42.3,39.0
1965-11-22,32.1,45.0,38.9
1965-11-23,37.4,41.5,39.5
1965-11-24,28.8,40.7,35.8
1965-11-25,36.2,45.4,40.2
1965-11-26,39.1,58.5,45.4
1965-11-27,29.9,58.7,36.6
1965-11-28,24.8,29.6,26.8
1965-11-29,22.0,33.9,27.2
1965-11-30,21.5,34.2,26.9
1965-12-01,24.2,39.1,30.5
1965-12-02,32.3,43.0,36.8
1965-12-03,34.6,45.0,39.7
1965-12-04,30.6,36.4,33.5
1965-12-05,29.8,41.6,34.5
1965-12-06,24.1,32.9,29.9
1965-12-07,20.6,34.6,27.6
1965-12-08,29.5,40.0,34.2
1965-12-09,30.1,47.8,37.0
1965-12-10,30.6,41.6,35.8
1965-12-11,38.1,48.6,43.7
1965-12-12,44.2,50.7,47.4
1965-12-13,37.1,51.2,42.4
1965-12-14,33.2,36.9,34.7
1965-12-15,31.4,35.2,32.8
1965-12-16,28.5,34.2,30.9
1965-12-17,27.6,33.6,29.9
1965-12-18,27.5,31.5,29.5
1965-12-19,22.7,28.9,25.8
1965-12-20,21.9,29.5,25.3
1965-12-21,21.5,33.7,27.8
1965-12-22,28.1,44.3,33.7
1965-12-23,30.0,49.8,40.8
1965-12-24,39.2,51.2,45.9
1965-12-25,21.9,37.3,29.2
1965-12-26,20.7,29.3,24.2
1965-12-27,23.0,31.9,26.8
1965-12-28,23.1,30.1,26.1
1965-12-29,26.0,40.0,33.5
1965-12-30,38.4,52.6,45.7
1965-12-31,43.3,59.0,54.2
1966-01-01,29.9,42.0,36.2
1966-01-02,29.9,47.1,37.3
1966-01-03,25.0,37.1,30.8
1966-01-04,23.7,40.9,30.6
1966-01-05,23.1,43.1,31.9
1966-01-06,30.1,36.4,32.4
1966-01-07,14.5,30.2,26.4
1966-01-08,5.8,21.1,13.8
1966-01-09,15.7,39.0,27.0
1966-01-10,14.8,39.7,27.1
1966-01-11,10.0,19.7,14.3
1966-01-12,9.1,24.7,17.0
1966-01-13,24.3,32.8,27.7
1966-01-14,22.0,28.1,24.5
1966-01-15,3.4,22.5,14.4
1966-01-16,-2.2,19.3,8.8
1966-01-17,14.8,23.5,18.4
1966-01-18,13.1,21.0,16.7
1966-01-19,10.9,26.1,18.5
1966-01-20,20.7,26.3,23.0
1966-01-21,18.7,28.1,22.4
1966-01-22,17.8,29.9,23.9
1966-01-23,12.9,25.7,20.9
1966-01-24,1.0,17.0,9.5
1966-01-25,4.2,19.2,10.6
1966-01-26,-3.1,21.0,9.6
1966-01-27,-7.8,17.7,5.8
1966-01-28,-12.7,3.5,-6.1
1966-01-29,-20.3,5.2,-6.8
1966-01-30,-2.4,10.9,3.1
1966-01-31,5.8,20.0,13.8
1966-02-01,0.4,22.7,12.1
1966-02-02,10.7,25.8,17.5
1966-02-03,10.9,27.3,18.7
1966-02-04,16.0,27.0,19.7
1966-02-05,10.0,22.5,15.5
1966-02-06,4.3,27.7,17.3
1966-02-07,19.9,36.8,26.9
1966-02-08,24.4,38.8,31.1
1966-02-09,36.4,54.4,44.6
1966-02-10,42.1,52.3,48.9
1966-02-11,29.5,41.0,35.8
1966-02-12,26.8,43.0,33.9
1966-02-13,30.2,45.6,36.8
1966-02-14,26.8,32.9,30.1
1966-02-15,22.3,36.0,28.9
1966-02-16,21.5,39.6,28.7
1966-02-17,10.9,22.4,16.9
1966-02-18,2.0,21.3,14.4
1966-02-19,-5.7,11.7,1.8
1966-02-20,-8.5,17.4,3.0
1966-02-21,3.4,20.0,10.1
1966-02-22,1.6,27.5,15.0
1966-02-23,13.8,34.8,23.6
1966-02-24,16.8,37.3,26.3
1966-02-25,23.5,34.5,28.5
1966-02-26,19.0,34.2,27.7
1966-02-27,16.4,39.4,27.9
1966-02-28,30.6,41.9,34.7
1966-03-01,27.6,35.9,33.0
1966-03-02,19.9,42.3,31.2
1966-03-03,33.6,47.8,39.5
1966-03-04,32.0,52.8,46.4
1966-03-05,21.7,34.4,29.1
1966-03-06,21.4,29.4,25.4
1966-03-07,16.2,26.1,20.4
1966-03-08,12.1,34.4,22.5
1966-03-09,27.3,46.5,35.3
1966-03-10,31.7,45.5,38.2
1966-03-11,38.2,53.3,44.1
1966-03-12,42.7,53.6,48.0
1966-03-13,28.9,48.0,39.1
1966-03-14,27.4,53.2,39.1
1966-03-15,28.6,44.0,35.4
1966-03-16,26.7,45.0,34.0
1966-03-17,28.8,64.8,45.9
1966-03-18,42.1,61.3,50.7
1966-03-19,35.2,43.2,39.3
1966-03-20,27.2,45.5,35.9
1966-03-21,33.3,59.9,45.1
1966-03-22,43.6,64.2,53.5
1966-03-23,36.0,60.6,49.6
1966-03-24,21.8,34.1,29.2
1966-03-25,18.6,31.8,24.9
1966-03-26,23.5,34.8,27.7
1966-03-27,20.5,33.9,26.2
1966-03-28,20.5,37.0,27.7
1966-03-29,23.9,46.7,33.7
1966-03-30,28.0,44.0,34.8
1966-03-31,24.1,43.1,34.2
1966-04-01,32.4,42.3,38.3
1966-04-02,28.7,43.8,34.9
1966-04-03,28.0,41.7,34.2
1966-04-04,26.6,39.7,32.8
1966-04-05,29.6,42.1,35.2
1966-04-06,29.4,41.3,34.7
1966-04-07,31.5,43.2,35.9
1966-04-08,28.0,44.4,36.3
1966-04-09,28.3,45.4,36.9
1966-04-10,28.3,49.0,38.2
1966-04-11,27.3,47.9,38.0
1966-04-12,29.9,47.1,38.4
1966-04-13,32.2,55.4,42.7
1966-04-14,29.6,54.6,42.7
1966-04-15,29.1,52.6,42.1
1966-04-16,32.5,54.3,44.1
1966-04-17,30.5,59.1,46.4
1966-04-18,43.2,69.1,52.3
1966-04-19,49.5,62.4,56.7
1966-04-20,58.8,73.6,66.0
1966-04-21,43.2,64.5,53.5
1966-04-22,38.5,56.8,47.3
1966-04-23,42.1,59.1,49.1
1966-04-24,51.5,64.0,56.7
1966-04-25,44.0,63.7,54.1
1966-04-26,37.5,53.8,43.8
1966-04-27,34.8,43.8,38.2
1966-04-28,42.6,58.0,50.5
1966-04-29,33.8,55.9,46.4
1966-04-30,45.6,57.6,52.2
1966-05-01,37.8,51.3,44.5
1966-05-02,30.4,51.6,41.7
1966-05-03,37.5,50.1,43.8
1966-05-04,29.0,51.5,40.9
1966-05-05,42.2,74.9,59.9
1966-05-06,43.1,59.5,52.2
1966-05-07,35.3,61.7,48.6
1966-05-08,35.7,47.3,42.8
1966-05-09,30.7,41.5,36.5
1966-05-10,28.0,49.1,38.5
1966-05-11,35.7,42.9,39.1
1966-05-12,39.7,45.6,43.1
1966-05-13,34.6,53.3,45.1
1966-05-14,42.6,62.5,52.2
1966-05-15,38.8,65.8,54.2
1966-05-16,53.2,69.6,60.6
1966-05-17,47.0,67.9,57.6
1966-05-18,54.7,71.2,62.0
1966-05-19,49.6,65.3,57.8
1966-05-20,50.0,68.3,59.2
1966-05-21,50.2,66.0,58.1
1966-05-22,45.8,69.6,59.1
1966-05-23,48.1,75.7,64.0
1966-05-24,54.5,69.1,62.9
1966-05-25,45.3,74.0,61.6
1966-05-26,49.5,77.7,65.2
1966-05-27,60.0,82.2,69.9
1966-05-28,48.9,67.6,58.2
1966-05-29,38.8,61.8,50.1
1966-05-30,41.3,58.1,50.4
1966-05-31,41.6,58.3,50.7
1966-06-01,38.8,63.0,52.0
1966-06-02,39.9,70.7,57.0
1966-06-03,53.1,73.4,62.7
1966-06-04,59.2,81.2,70.5
1966-06-05,64.3,80.6,72.6
1966-06-06,63.8,79.6,70.7
1966-06-07,56.8,77.4,67.9
1966-06-08,58.7,76.8,68.0
1966-06-09,52.7,71.7,58.5
1966-06-10,48.7,65.8,57.1
1966-06-11,41.6,68.9,57.6
1966-06-12,54.8,80.4,68.3
1966-06-13,63.9,79.5,69.9
1966-06-14,60.6,73.6,67.0
1966-06-15,55.4,70.9,62.9
1966-06-16,55.0,69.1,61.7
1966-06-17,50.2,72.4,63.3
1966-06-18,52.2,75.3,64.9
1966-06-19,55.0,78.0,67.7
1966-06-20,61.1,81.3,71.6
1966-06-21,60.6,82.4,72.1
1966-06-22,66.7,85.2,76.4
1966-06-23,64.1,86.5,77.2
1966-06-24,63.5,87.7,77.7
1966-06-25,65.2,89.4,78.6
1966-06-26,68.6,89.7,79.2
1966-06-27,68.4,83.0,75.9
1966-06-28,65.4,82.9,72.7
1966-06-29,64.3,88.0,75.9
1966-06-30,66.2,85.3,75.7
1966-07-01,61.3,86.6,75.1
1966-07-02,65.4,91.5,80.1
1966-07-03,68.4,91.1,80.8
1966-07-04,68.0,79.8,73.7
1966-07-05,62.0,83.8,73.3
1966-07-06,71.5,87.2,77.5
1966-07-07,62.7,79.3,71.6
1966-07-08,57.9,81.9,71.8
1966-07-09,59.9,86.0,75.8
1966-07-10,71.4,89.9,81.1
1966-07-11,71.2,86.8,78.0
1966-07-12,70.0,87.3,77.9
1966-07-13,71.6,89.7,79.6
1966-07-14,63.3,72.6,66.0
1966-07-15,60.6,74.5,66.8
1966-07-16,56.7,75.6,66.4
1966-07-17,53.9,81.9,70.0
1966-07-18,65.6,87.2,77.1
1966-07-19,62.9,77.4,72.4
1966-07-20,55.8,73.0,64.2
1966-07-21,51.5,76.6,65.8
1966-07-22,55.5,79.5,69.4
1966-07-23,60.6,82.1,72.1
1966-07-24,64.0,85.1,74.9
1966-07-25,65.1,88.7,77.9
1966-07-26,69.2,89.1,79.6
1966-07-27,70.1,80.2,74.8
1966-07-28,70.0,84.7,76.1
1966-07-29,61.9,72.2,67.6
1966-07-30,56.1,77.4,66.6
1966-07-31,55.1,81.2,69.6
1966-08-01,60.5,81.3,72.0
1966-08-02,60.5,72.3,68.0
1966-08-03,51.4,73.2,63.9
1966-08-04,52.7,78.3,66.7
1966-08-05,55.7,82.1,70.3
1966-08-06,61.3,83.0,73.5
1966-08-07,60.4,85.1,74.7
1966-08-08,66.6,82.9,75.1
1966-08-09,66.0,78.3,71.8
1966-08-10,59.6,75.0,65.3
1966-08-11,59.2,71.5,64.4
1966-08-12,56.3,69.9,63.1
1966-08-13,56.2,71.2,63.7
1966-08-14,59.6,73.3,66.2
1966-08-15,64.8,79.2,72.1
1966-08-16,67.1,77.2,71.9
1966-08-17,59.2,81.2,71.1
1966-08-18,66.0,85.4,74.2
1966-08-19,60.1,73.4,67.0
1966-08-20,54.5,74.9,65.0
1966-08-21,61.5,79.4,70.3
1966-08-22,64.8,77.0,71.3
1966-08-23,59.0,67.6,63.8
1966-08-24,53.6,69.3,61.5
1966-08-25,54.7,71.9,64.0
1966-08-26,54.7,78.7,67.9
1966-08-27,61.5,81.7,71.5
1966-08-28,60.3,81.4,72.0
1966-08-29,65.9,81.5,73.5
1966-08-30,64.1,83.2,73.6
1966-08-31,62.9,81.9,72.9
1966-09-01,64.8,83.4,74.1
1966-09-02,65.7,84.3,75.0
1966-09-03,69.2,81.9,73.9
1966-09-04,63.0,77.2,70.5
1966-09-05,57.1,69.6,62.8
1966-09-06,53.1,66.7,60.0
1966-09-07,50.4,69.4,59.5
1966-09-08,48.8,72.4,60.5
1966-09-09,49.9,75.5,63.3
1966-09-10,53.6,76.6,66.1
1966-09-11,54.9,77.2,65.7
1966-09-12,58.0,74.8,65.7
1966-09-13,59.5,78.3,68.1
1966-09-14,56.0,72.2,63.6
1966-09-15,50.7,59.6,55.1
1966-09-16,40.8,66.6,54.2
1966-09-17,46.8,69.3,58.0
1966-09-18,47.8,73.6,60.9
1966-09-19,55.5,72.6,64.1
1966-09-20,56.8,61.6,59.1
1966-09-21,56.3,63.1,59.6
1966-09-22,55.0,66.2,60.6
1966-09-23,50.4,60.9,55.2
1966-09-24,45.1,62.3,53.7
1966-09-25,47.2,60.3,53.7
1966-09-26,43.0,59.8,51.4
1966-09-27,45.8,63.0,54.0
1966-09-28,43.5,62.8,54.0
1966-09-29,50.2,56.6,53.8
1966-09-30,46.7,54.6,50.3
1966-10-01,37.7,56.8,47.7
1966-10-02,36.3,58.7,48.1
1966-10-03,44.8,66.3,55.7
1966-10-04,51.4,63.2,58.6
1966-10-05,45.9,53.9,49.2
1966-10-06,36.7,57.2,47.4
1966-10-07,44.4,67.9,54.8
1966-10-08,49.6,72.2,59.8
1966-10-09,51.9,71.9,61.5
1966-10-10,49.7,61.0,55.1
1966-10-11,46.9,56.0,51.1
1966-10-12,37.7,57.5,48.1
1966-10-13,47.6,62.5,54.3
1966-10-14,56.3,70.8,62.9
1966-10-15,49.5,66.7,59.8
1966-10-16,45.3,49.6,47.2
1966-10-17,42.5,50.7,45.5
1966-10-18,38.8,44.2,41.8
1966-10-19,39.7,48.2,43.4
1966-10-20,35.8,53.3,44.3
1966-10-21,40.0,60.1,49.5
1966-10-22,49.7,61.6,54.5
1966-10-23,41.1,55.6,47.9
1966-10-24,37.6,59.1,47.2
1966-10-25,33.4,53.2,42.9
1966-10-26,33.3,53.3,42.6
1966-10-27,35.3,60.8,46.7
1966-10-28,45.1,67.6,54.4
1966-10-29,38.4,50.6,45.0
1966-10-30,27.9,44.2,37.9
1966-10-31,42.0,57.9,47.7
1966-11-01,35.3,42.1,39.4
1966-11-02,27.1,36.8,31.8
1966-11-03,27.0,34.2,30.3
1966-11-04,19.1,33.6,27.5
1966-11-05,24.1,34.6,29.2
1966-11-06,27.7,35.7,31.0
1966-11-07,30.7,49.7,41.2
1966-11-08,51.3,58.3,55.2
1966-11-09,48.1,61.2,56.3
1966-11-10,40.9,59.7,51.6
1966-11-11,38.2,41.7,39.6
1966-11-12,33.3,43.3,38.2
1966-11-13,30.6,42.7,35.8
1966-11-14,30.3,45.0,37.3
1966-11-15,26.1,43.2,34.1
1966-11-16,35.9,55.5,45.4
1966-11-17,46.1,55.4,50.8
1966-11-18,35.5,55.2,45.2
1966-11-19,27.0,36.0,32.5
1966-11-20,25.2,37.4,30.8
1966-11-21,26.5,45.4,34.5
1966-11-22,36.0,51.9,43.4
1966-11-23,44.9,57.6,50.5
1966-11-24,52.4,58.2,54.6
1966-11-25,45.0,56.6,51.4
1966-11-26,39.1,48.0,43.4
1966-11-27,37.6,56.7,50.4
1966-11-28,26.6,36.2,31.7
1966-11-29,24.8,34.0,29.7
1966-11-30,25.2,35.7,31.0
1966-12-01,9.6,30.2,19.9
1966-12-02,4.0,17.5,9.9
1966-12-03,-2.2,21.5,10.6
1966-12-04,3.4,28.7,16.5
1966-12-05,30.4,35.7,34.2
1966-12-06,33.3,50.4,40.2
1966-12-07,49.5,56.3,52.3
1966-12-08,56.6,61.1,58.7
1966-12-09,35.1,55.2,42.4
1966-12-10,26.5,34.2,28.8
1966-12-11,23.5,30.2,26.3
1966-12-12,12.4,28.9,22.4
1966-12-13,9.1,30.2,17.9
1966-12-14,9.0,29.1,17.7
1966-12-15,10.8,32.8,23.3
1966-12-16,31.2,36.0,33.6
1966-12-17,30.5,40.6,35.0
1966-12-18,23.4,36.3,32.4
1966-12-19,19.8,27.5,23.7
1966-12-20,23.5,31.9,28.6
1966-12-21,18.8,33.2,26.0
1966-12-22,6.4,28.5,22.7
1966-12-23,0.8,24.3,12.4
1966-12-24,14.1,25.9,19.8
1966-12-25,17.5,24.0,20.5
1966-12-26,14.6,25.4,19.7
1966-12-27,12.6,25.6,19.0
1966-12-28,18.2,36.4,27.1
1966-12-29,21.8,29.8,25.8
1966-12-30,14.1,22.6,18.7
1966-12-31,9.0,29.9,20.9
1967-01-01,29.9,34.5,31.7
1967-01-02,23.5,29.9,26.5
1967-01-03,23.5,34.7,29.2
1967-01-04,14.8,25.2,20.6
1967-01-05,11.6,30.0,19.4
1967-01-06,7.4,33.3,22.2
1967-01-07,25.2,41.4,33.6
1967-01-08,15.2,27.0,22.5
1967-01-09,12.5,26.2,19.3
1967-01-10,18.5,30.5,25.2
1967-01-11,17.9,26.1,21.6
1967-01-12,23.6,35.8,30.5
1967-01-13,27.9,38.8,31.9
1967-01-14,18.7,40.0,29.7
1967-01-15,13.5,31.8,25.1
1967-01-16,9.6,28.9,18.7
1967-01-17,2.3,31.5,17.0
1967-01-18,-9.8,10.9,0.5
1967-01-19,-2.2,19.6,11.2
1967-01-20,9.5,36.3,24.2
1967-01-21,32.1,42.3,35.6
1967-01-22,28.5,52.1,40.6
1967-01-23,41.4,58.0,52.4
1967-01-24,38.8,57.1,46.9
1967-01-25,32.0,56.3,43.7
1967-01-26,25.0,31.6,28.4
1967-01-27,20.9,30.5,26.7
1967-01-28,16.2,29.4,21.5
1967-01-29,5.7,22.4,13.5
1967-01-30,4.2,22.6,12.6
1967-01-31,9.3,38.0,26.8
1967-02-01,30.3,36.1,32.5
1967-02-02,12.5,31.5,23.9
1967-02-03,4.0,23.2,14.0
1967-02-04,23.1,34.0,28.7
1967-02-05,10.5,27.3,21.9
1967-02-06,0.6,10.9,5.6
1967-02-07,-3.1,13.7,3.8
1967-02-08,-7.3,15.8,4.4
1967-02-09,14.5,29.7,23.3
1967-02-10,23.5,37.2,30.6
1967-02-11,-0.6,30.8,16.5
1967-02-12,-15.9,9.2,-1.8
1967-02-13,4.9,31.5,19.1
1967-02-14,30.2,43.9,37.3
1967-02-15,27.6,48.0,39.7
1967-02-16,6.6,22.9,13.4
1967-02-17,2.1,24.0,11.8
1967-02-18,0.0,28.4,14.9
1967-02-19,19.0,35.2,27.5
1967-02-20,18.7,31.7,28.3
1967-02-21,12.0,21.2,16.6
1967-02-22,16.2,36.9,25.0
1967-02-23,9.8,19.9,14.8
1967-02-24,-1.0,13.5,6.6
1967-02-25,-5.8,13.3,2.4
1967-02-26,-1.1,23.8,11.3
1967-02-27,21.4,34.1,28.8
1967-02-28,10.3,23.8,19.5
1967-03-01,-3.5,23.3,11.6
1967-03-02,21.4,43.9,34.4
1967-03-03,26.7,40.4,32.5
1967-03-04,21.5,31.5,26.2
1967-03-05,24.1,31.9,27.6
1967-03-06,21.6,31.7,27.9
1967-03-07,15.7,33.5,22.4
1967-03-08,12.2,25.2,17.5
1967-03-09,7.4,36.4,23.5
1967-03-10,34.0,56.7,43.6
1967-03-11,27.4,48.2,40.7
1967-03-12,24.8,39.6,30.9
1967-03-13,27.8,48.0,38.0
1967-03-14,30.2,44.0,35.8
1967-03-15,24.4,34.5,29.5
1967-03-16,20.6,36.4,27.1
1967-03-17,13.4,24.2,18.1
1967-03-18,6.4,25.6,16.1
1967-03-19,15.5,37.0,25.7
1967-03-20,28.5,34.5,31.3
1967-03-21,31.5,37.0,34.4
1967-03-22,28.5,39.1,32.5
1967-03-23,28.5,39.5,33.3
1967-03-24,16.8,38.8,29.3
1967-03-25,28.7,58.7,41.0
1967-03-26,34.1,69.8,51.2
1967-03-27,46.9,56.6,53.0
1967-03-28,36.7,52.0,44.2
1967-03-29,31.5,52.1,40.9
1967-03-30,34.1,65.3,48.7
1967-03-31,56.8,67.4,61.9
1967-04-01,55.4,64.9,59.2
1967-04-02,52.4,73.7,61.7
1967-04-03,31.1,51.6,42.1
1967-04-04,24.4,53.2,40.6
1967-04-05,42.9,66.0,54.7
1967-04-06,47.0,56.8,53.3
1967-04-07,36.6,48.9,43.9
1967-04-08,32.9,55.1,44.3
1967-04-09,45.2,70.3,55.4
1967-04-10,31.7,52.6,43.9
1967-04-11,26.8,44.0,34.4
1967-04-12,24.6,45.0,35.5
1967-04-13,39.7,64.8,51.3
1967-04-14,55.8,67.1,61.4
1967-04-15,51.3,64.4,57.9
1967-04-16,44.3,69.3,57.1
1967-04-17,44.1,72.1,59.9
1967-04-18,42.1,52.1,47.2
1967-04-19,35.6,54.1,43.9
1967-04-20,32.8,56.9,46.0
1967-04-21,48.5,67.6,56.5
1967-04-22,38.8,61.0,49.1
1967-04-23,34.8,46.6,40.0
1967-04-24,31.5,39.8,36.0
1967-04-25,26.8,49.2,39.5
1967-04-26,35.7,45.0,40.5
1967-04-27,32.3,52.8,42.9
1967-04-28,29.5,56.6,44.7
1967-04-29,36.1,56.0,47.5
1967-04-30,48.9,68.0,57.9
1967-05-01,60.1,72.2,64.7
1967-05-02,43.5,62.8,52.6
1967-05-03,35.5,54.0,45.3
1967-05-04,36.6,48.4,43.2
1967-05-05,34.7,53.5,45.0
1967-05-06,39.2,56.0,47.7
1967-05-07,41.5,60.6,50.1
1967-05-08,40.3,51.9,46.1
1967-05-09,40.5,54.0,46.9
1967-05-10,36.5,59.7,49.0
1967-05-11,42.6,59.3,50.9
1967-05-12,38.2,54.7,45.4
1967-05-13,37.4,60.8,49.4
1967-05-14,42.4,62.8,52.9
1967-05-15,43.0,57.3,49.9
1967-05-16,35.6,57.8,47.8
1967-05-17,41.1,65.8,53.9
1967-05-18,47.8,73.0,61.5
1967-05-19,51.4,66.6,61.8
1967-05-20,40.9,55.9,48.4
1967-05-21,37.2,57.5,48.9
1967-05-22,40.1,56.3,48.2
1967-05-23,38.3,58.1,48.9
1967-05-24,47.8,69.2,58.7
1967-05-25,53.9,72.8,62.9
1967-05-26,54.3,67.1,60.2
1967-05-27,55.0,80.9,65.1
1967-05-28,48.7,64.8,56.7
1967-05-29,49.5,65.2,55.8
1967-05-30,42.9,65.6,54.5
1967-05-31,46.8,62.9,54.6
1967-06-01,48.6,69.9,59.4
1967-06-02,50.4,77.0,64.6
1967-06-03,57.2,78.9,68.2
1967-06-04,53.9,76.4,67.6
1967-06-05,60.0,80.5,71.1
1967-06-06,62.5,79.2,70.6
1967-06-07,66.6,80.1,71.1
1967-06-08,66.9,81.1,73.5
1967-06-09,66.8,84.7,75.7
1967-06-10,66.5,81.8,74.1
1967-06-11,67.1,83.8,75.7
1967-06-12,67.0,86.4,77.2
1967-06-13,65.0,86.1,77.3
1967-06-14,66.3,87.0,78.1
1967-06-15,70.8,89.7,80.6
1967-06-16,70.5,89.7,79.2
1967-06-17,62.1,76.1,69.0
1967-06-18,58.5,73.4,65.7
1967-06-19,55.8,74.0,64.7
1967-06-20,55.2,80.0,68.7
1967-06-21,55.7,77.4,67.7
1967-06-22,62.2,75.0,69.1
1967-06-23,61.9,79.2,70.2
1967-06-24,63.7,81.3,72.5
1967-06-25,55.7,64.9,60.4
1967-06-26,52.8,73.9,64.5
1967-06-27,56.4,74.5,66.7
1967-06-28,61.5,71.2,65.6
1967-06-29,59.6,73.6,66.5
1967-06-30,55.4,82.1,70.6
1967-07-01,66.6,84.2,75.6
1967-07-02,64.0,77.1,70.0
1967-07-03,56.8,69.4,63.4
1967-07-04,54.7,65.7,60.5
1967-07-05,50.8,65.7,59.5
1967-07-06,53.2,72.3,63.3
1967-07-07,57.4,77.4,68.5
1967-07-08,63.0,81.4,73.5
1967-07-09,65.8,83.5,75.9
1967-07-10,68.0,77.7,72.4
1967-07-11,67.2,82.9,75.1
1967-07-12,65.7,78.2,72.0
1967-07-13,56.9,68.3,63.0
1967-07-14,53.1,60.1,57.1
1967-07-15,54.2,64.9,59.7
1967-07-16,52.6,72.1,63.3
1967-07-17,52.6,78.3,67.0
1967-07-18,60.3,78.5,68.1
1967-07-19,61.2,76.6,67.9
1967-07-20,58.7,77.7,69.0
1967-07-21,59.3,82.6,72.6
1967-07-22,61.8,84.3,73.7
1967-07-23,69.8,87.2,78.5
1967-07-24,72.4,85.5,78.3
1967-07-25,66.9,78.4,72.1
1967-07-26,56.7,81.9,71.2
1967-07-27,66.4,76.7,70.1
1967-07-28,63.0,77.4,69.9
1967-07-29,56.3,79.1,69.4
1967-07-30,59.5,76.5,67.9
1967-07-31,60.8,75.7,66.8
1967-08-01,60.1,79.1,70.0
1967-08-02,66.1,84.3,74.4
1967-08-03,62.0,84.2,74.5
1967-08-04,63.7,76.1,69.7
1967-08-05,59.8,73.3,65.9
1967-08-06,56.1,76.6,67.4
1967-08-07,65.8,76.9,70.2
1967-08-08,58.2,80.4,70.3
1967-08-09,66.0,81.0,72.3
1967-08-10,57.5,68.2,63.2
1967-08-11,51.5,67.9,59.3
1967-08-12,47.7,71.3,60.6
1967-08-13,50.3,74.8,64.2
1967-08-14,54.1,77.4,67.0
1967-08-15,57.4,78.8,69.4
1967-08-16,57.2,83.3,72.5
1967-08-17,63.6,83.6,74.5
1967-08-18,67.4,80.6,73.0
1967-08-19,62.1,67.1,64.9
1967-08-20,59.9,70.4,64.4
1967-08-21,54.9,73.4,64.6
1967-08-22,54.8,66.7,62.1
1967-08-23,50.7,68.9,59.4
1967-08-24,54.1,76.6,65.3
1967-08-25,61.3,77.4,69.0
1967-08-26,58.0,81.2,69.1
1967-08-27,56.6,65.5,60.8
1967-08-28,55.2,75.6,65.4
1967-08-29,53.3,80.0,67.2
1967-08-30,56.5,68.8,62.3
1967-08-31,50.9,64.6,58.0
1967-09-01,46.2,70.2,58.7
1967-09-02,49.7,70.0,60.8
1967-09-03,50.0,72.9,62.3
1967-09-04,52.6,76.1,64.8
1967-09-05,52.9,77.1,65.8
1967-09-06,55.8,76.9,66.4
1967-09-07,56.1,78.6,67.7
1967-09-08,55.5,80.7,69.2
1967-09-09,54.5,69.8,63.5
1967-09-10,50.8,62.3,55.6
1967-09-11,48.4,66.5,56.4
1967-09-12,49.5,70.2,59.5
1967-09-13,54.0,76.6,64.6
1967-09-14,51.6,77.1,65.0
1967-09-15,55.0,80.1,66.6
1967-09-16,55.2,79.3,66.7
1967-09-17,57.0,75.6,65.0
1967-09-18,57.2,79.9,68.0
1967-09-19,57.5,77.1,66.9
1967-09-20,63.4,79.2,71.3
1967-09-21,54.7,73.8,64.7
1967-09-22,45.2,55.6,51.5
1967-09-23,39.7,63.3,52.2
1967-09-24,47.7,58.2,53.7
1967-09-25,41.5,65.0,53.8
1967-09-26,56.0,79.0,67.3
1967-09-27,43.3,69.2,51.4
1967-09-28,42.1,47.3,43.9
1967-09-29,39.3,43.7,41.6
1967-09-30,40.2,52.7,46.2
1967-10-01,40.2,62.7,50.7
1967-10-02,50.8,77.7,63.8
1967-10-03,59.0,77.4,67.3
1967-10-04,59.4,81.9,69.7
1967-10-05,54.0,71.2,65.0
1967-10-06,44.5,53.2,49.9
1967-10-07,44.0,56.0,49.8
1967-10-08,52.1,70.2,58.6
1967-10-09,47.7,51.5,49.4
1967-10-10,42.4,51.3,47.0
1967-10-11,40.3,49.2,44.4
1967-10-12,40.0,49.0,44.1
1967-10-13,39.4,60.3,48.4
1967-10-14,44.4,64.7,53.8
1967-10-15,48.1,63.3,56.1
1967-10-16,51.3,63.6,57.7
1967-10-17,48.8,51.7,50.6
1967-10-18,43.3,51.7,47.6
1967-10-19,35.1,48.0,41.6
1967-10-20,34.0,55.5,43.6
1967-10-21,39.3,49.5,44.0
1967-10-22,33.2,55.1,44.5
1967-10-23,42.0,64.1,51.7
1967-10-24,52.3,68.3,59.8
1967-10-25,39.1,55.1,44.5
1967-10-26,35.7,44.3,39.9
1967-10-27,32.9,46.2,37.9
1967-10-28,31.7,41.5,35.9
1967-10-29,30.2,48.0,39.6
1967-10-30,43.6,62.3,51.2
1967-10-31,49.0,55.4,51.4
1967-11-01,52.0,56.1,53.9
1967-11-02,44.7,53.2,49.0
1967-11-03,34.7,46.3,41.1
1967-11-04,29.7,38.4,34.3
1967-11-05,27.2,37.7,31.4
1967-11-06,24.9,33.6,28.8
1967-11-07,25.6,36.7,30.1
1967-11-08,22.4,39.3,31.5
1967-11-09,36.8,50.5,41.7
1967-11-10,31.6,51.3,42.1
1967-11-11,46.2,50.6,48.6
1967-11-12,38.9,48.1,45.6
1967-11-13,34.2,38.1,36.2
1967-11-14,27.7,35.6,33.1
1967-11-15,19.5,27.5,23.4
1967-11-16,20.4,33.3,26.7
1967-11-17,30.9,43.2,37.1
1967-11-18,34.0,40.3,36.7
1967-11-19,28.4,35.7,33.4
1967-11-20,25.0,32.8,28.9
1967-11-21,24.6,36.9,30.9
1967-11-22,31.6,37.2,34.4
1967-11-23,26.1,35.9,30.0
1967-11-24,27.0,39.7,32.5
1967-11-25,31.2,48.6,38.8
1967-11-26,35.2,45.7,40.2
1967-11-27,25.6,34.4,29.1
1967-11-28,22.7,28.1,25.4
1967-11-29,19.6,32.5,25.9
1967-11-30,24.8,34.1,29.1
1967-12-01,24.4,33.3,28.2
1967-12-02,27.0,34.9,30.8
1967-12-03,15.7,34.1,29.0
1967-12-04,16.8,37.4,27.6
1967-12-05,32.7,36.3,34.7
1967-12-06,34.4,42.1,37.4
1967-12-07,37.9,46.8,41.2
1967-12-08,35.5,41.6,39.5
1967-12-09,30.4,35.0,32.6
1967-12-10,30.0,39.3,34.7
1967-12-11,39.0,44.8,41.9
1967-12-12,38.9,47.4,41.6
1967-12-13,29.7,41.3,36.7
1967-12-14,25.6,32.2,29.3
1967-12-15,23.4,30.8,26.2
1967-12-16,25.3,36.0,28.8
1967-12-17,24.6,38.8,31.5
1967-12-18,38.4,47.1,42.3
1967-12-19,27.2,39.8,35.4
1967-12-20,25.9,44.8,34.7
1967-12-21,38.8,60.3,52.4
1967-12-22,20.7,35.6,26.6
1967-12-23,17.1,24.7,21.0
1967-12-24,20.7,32.4,26.3
1967-12-25,21.1,34.1,29.8
1967-12-26,8.6,20.4,15.3
1967-12-27,2.4,19.9,11.7
1967-12-28,8.5,24.8,16.7
1967-12-29,6.1,23.3,15.3
1967-12-30,16.7,28.2,22.3
1967-12-31,-2.2,24.4,17.1
1968-01-01,-10.7,7.6,-1.2
1968-01-02,-1.2,19.8,11.5
1968-01-03,14.7,24.4,19.0
1968-01-04,0.5,13.8,8.3
1968-01-05,-13.4,16.2,0.9
1968-01-06,6.7,20.8,13.5
1968-01-07,-6.8,8.7,1.9
1968-01-08,-10.4,7.8,-0.7
1968-01-09,5.8,22.2,15.1
1968-01-10,11.8,24.4,19.7
1968-01-11,5.6,12.6,9.6
1968-01-12,5.4,18.5,11.8
1968-01-13,15.7,29.8,23.4
1968-01-14,29.4,34.9,31.9
1968-01-15,3.1,32.5,16.9
1968-01-16,-1.8,16.6,8.1
1968-01-17,12.0,32.0,21.3
1968-01-18,26.6,38.0,32.4
1968-01-19,29.6,36.1,33.0
1968-01-20,23.4,36.8,29.9
1968-01-21,23.4,35.4,29.4
1968-01-22,23.6,37.6,30.2
1968-01-23,5.9,31.2,20.1
1968-01-24,-6.2,16.8,5.3
1968-01-25,-6.2,19.7,6.2
1968-01-26,7.6,31.1,19.5
1968-01-27,18.9,36.1,27.7
1968-01-28,35.3,41.7,38.9
1968-01-29,35.4,45.7,41.4
1968-01-30,23.0,39.7,31.8
1968-01-31,22.8,39.1,31.7
1968-02-01,36.8,54.5,47.7
1968-02-02,15.0,49.5,31.1
1968-02-03,14.0,28.6,19.9
1968-02-04,18.6,38.4,26.6
1968-02-05,22.0,42.0,30.3
1968-02-06,27.6,46.4,34.1
1968-02-07,23.3,41.5,31.4
1968-02-08,19.2,32.7,25.2
1968-02-09,-2.3,28.0,14.0
1968-02-10,-4.5,10.2,0.9
1968-02-11,-2.9,12.3,5.7
1968-02-12,1.8,15.4,7.8
1968-02-13,-0.8,22.5,9.7
1968-02-14,12.6,32.4,20.7
1968-02-15,17.8,28.9,22.9
1968-02-16,17.3,37.0,26.5
1968-02-17,0.1,26.2,9.8
1968-02-18,5.7,22.3,12.6
1968-02-19,9.1,31.2,19.0
1968-02-20,-2.4,19.5,11.4
1968-02-21,-5.3,14.4,2.5
1968-02-22,4.4,26.0,13.2
1968-02-23,12.2,30.0,19.6
1968-02-24,13.4,29.6,20.8
1968-02-25,12.3,33.9,22.5
1968-02-26,14.5,36.9,26.4
1968-02-27,22.8,38.6,30.3
1968-02-28,22.5,34.3,28.6
1968-02-29,19.8,30.0,24.4
1968-03-01,13.8,32.0,23.9
1968-03-02,13.5,30.0,22.1
1968-03-03,9.0,31.9,20.0
1968-03-04,25.3,43.3,32.6
1968-03-05,22.5,44.7,32.6
1968-03-06,21.6,38.2,28.5
1968-03-07,18.0,41.3,28.4
1968-03-08,28.9,55.1,40.3
1968-03-09,38.9,53.2,44.5
1968-03-10,32.5,43.2,39.2
1968-03-11,25.1,40.9,31.9
1968-03-12,17.5,28.1,22.9
1968-03-13,11.4,31.0,20.6
1968-03-14,18.0,36.1,26.1
1968-03-15,29.8,47.7,38.6
1968-03-16,32.8,53.6,42.7
1968-03-17,27.9,55.9,39.6
1968-03-18,27.9,54.2,37.9
1968-03-19,33.7,63.0,47.5
1968-03-20,43.7,56.5,51.5
1968-03-21,32.6,43.0,35.9
1968-03-22,25.2,34.3,30.1
1968-03-23,21.6,28.2,24.5
1968-03-24,16.9,39.3,27.6
1968-03-25,23.6,42.7,33.2
1968-03-26,36.2,55.5,42.6
1968-03-27,30.9,68.2,50.3
1968-03-28,53.0,69.2,59.9
1968-03-29,44.6,64.8,57.8
1968-03-30,32.2,61.8,47.6
1968-03-31,37.0,69.3,53.8
1968-04-01,28.9,47.7,38.0
1968-04-02,27.5,56.2,41.7
1968-04-03,38.9,58.8,47.7
1968-04-04,41.9,64.8,56.4
1968-04-05,26.2,40.9,34.0
1968-04-06,26.4,46.0,35.9
1968-04-07,27.6,61.5,46.1
1968-04-08,48.2,65.1,57.0
1968-04-09,41.6,57.5,48.7
1968-04-10,36.8,55.8,45.1
1968-04-11,31.7,56.7,45.0
1968-04-12,44.1,72.0,57.9
1968-04-13,54.2,72.6,62.3
1968-04-14,42.5,66.8,57.3
1968-04-15,38.0,54.0,45.0
1968-04-16,32.1,59.2,46.8
1968-04-17,44.6,63.0,52.5
1968-04-18,50.2,61.0,54.8
1968-04-19,41.5,65.4,52.8
1968-04-20,45.0,59.5,51.4
1968-04-21,48.0,58.5,53.3
1968-04-22,46.1,65.8,55.6
1968-04-23,49.3,70.8,57.2
1968-04-24,35.0,47.8,41.8
1968-04-25,33.5,43.6,37.8
1968-04-26,30.6,45.7,38.6
1968-04-27,30.9,58.2,46.2
1968-04-28,35.7,59.6,47.8
1968-04-29,38.4,63.6,51.3
1968-04-30,44.2,59.1,51.7
1968-05-01,38.9,58.2,48.2
1968-05-02,34.8,69.9,53.5
1968-05-03,47.0,64.0,54.1
1968-05-04,40.8,56.0,47.7
1968-05-05,37.0,50.1,43.0
1968-05-06,30.8,54.1,43.3
1968-05-07,37.1,58.0,47.8
1968-05-08,48.3,68.2,58.4
1968-05-09,51.9,69.3,60.4
1968-05-10,47.0,62.2,54.1
1968-05-11,45.6,56.0,49.7
1968-05-12,49.8,66.0,57.0
1968-05-13,50.7,64.0,56.9
1968-05-14,51.6,64.9,58.1
1968-05-15,59.7,80.8,69.7
1968-05-16,54.8,65.7,60.8
1968-05-17,48.1,62.9,55.5
1968-05-18,40.5,63.2,53.2
1968-05-19,46.8,55.3,50.5
1968-05-20,43.2,61.3,52.3
1968-05-21,44.7,61.9,53.1
1968-05-22,40.4,63.4,54.0
1968-05-23,51.8,60.7,55.2
1968-05-24,52.8,67.6,59.1
1968-05-25,47.7,66.7,57.3
1968-05-26,54.0,60.3,56.9
1968-05-27,50.3,60.3,55.4
1968-05-28,48.7,59.0,53.2
1968-05-29,51.6,61.1,55.4
1968-05-30,47.5,60.7,55.2
1968-05-31,50.1,69.5,60.3
1968-06-01,52.3,62.4,58.5
1968-06-02,53.2,73.2,63.3
1968-06-03,52.2,69.8,61.5
1968-06-04,50.8,72.9,62.6
1968-06-05,54.0,81.2,68.5
1968-06-06,56.8,83.3,71.9
1968-06-07,63.2,84.7,75.5
1968-06-08,66.0,86.1,76.8
1968-06-09,63.8,88.1,77.7
1968-06-10,65.8,85.0,77.1
1968-06-11,70.8,87.3,77.6
1968-06-12,55.3,71.6,66.1
1968-06-13,53.4,68.5,59.8
1968-06-14,53.7,79.0,67.0
1968-06-15,59.9,69.6,64.6
1968-06-16,54.3,67.9,61.6
1968-06-17,53.4,68.1,60.4
1968-06-18,51.1,71.4,63.1
1968-06-19,56.1,74.2,64.9
1968-06-20,50.0,67.3,59.0
1968-06-21,53.0,82.2,67.6
1968-06-22,63.7,73.6,68.4
1968-06-23,57.6,81.8,70.4
1968-06-24,68.8,82.9,73.8
1968-06-25,65.0,74.1,68.2
1968-06-26,60.3,67.8,63.4
1968-06-27,53.4,62.3,57.6
1968-06-28,52.6,66.8,59.6
1968-06-29,58.9,81.5,72.3
1968-06-30,69.3,86.8,78.3
1968-07-01,69.2,79.5,75.9
1968-07-02,60.8,72.9,67.3
1968-07-03,52.7,66.1,59.8
1968-07-04,49.2,72.2,62.4
1968-07-05,59.3,75.1,66.2
1968-07-06,54.0,73.4,64.4
1968-07-07,55.8,77.5,67.1
1968-07-08,60.3,82.4,71.9
1968-07-09,64.2,82.3,72.3
1968-07-10,58.7,72.9,65.3
1968-07-11,53.8,77.0,66.3
1968-07-12,56.8,81.9,70.5
1968-07-13,62.0,81.5,73.5
1968-07-14,69.0,86.4,78.0
1968-07-15,69.3,85.2,77.7
1968-07-16,71.7,86.8,78.6
1968-07-17,69.8,87.0,79.6
1968-07-18,71.1,83.2,77.0
1968-07-19,65.2,79.2,71.6
1968-07-20,59.8,78.7,69.9
1968-07-21,60.5,83.8,73.2
1968-07-22,68.6,85.8,77.5
1968-07-23,62.0,84.1,72.6
1968-07-24,69.8,79.8,73.0
1968-07-25,65.9,78.9,71.8
1968-07-26,59.3,80.2,70.8
1968-07-27,63.9,82.0,71.8
1968-07-28,60.2,71.2,66.1
1968-07-29,53.8,71.5,63.6
1968-07-30,55.9,74.0,65.7
1968-07-31,60.5,81.5,69.8
1968-08-01,63.3,72.2,67.2
1968-08-02,59.8,76.2,67.7
1968-08-03,55.8,81.1,70.5
1968-08-04,64.7,84.1,75.0
1968-08-05,65.6,84.0,75.7
1968-08-06,73.4,88.1,81.4
1968-08-07,72.0,86.7,78.9
1968-08-08,68.7,86.4,76.6
1968-08-09,70.1,83.7,76.7
1968-08-10,62.4,72.9,68.6
1968-08-11,54.7,68.5,62.6
1968-08-12,51.9,72.9,64.2
1968-08-13,58.5,81.0,70.1
1968-08-14,64.1,81.1,71.2
1968-08-15,57.4,77.5,67.6
1968-08-16,71.0,85.9,77.8
1968-08-17,67.2,82.6,74.5
1968-08-18,62.2,75.4,67.2
1968-08-19,64.1,87.3,76.6
1968-08-20,75.5,85.7,80.8
1968-08-21,68.8,88.2,78.1
1968-08-22,72.9,90.5,81.2
1968-08-23,74.5,90.0,82.1
1968-08-24,75.7,90.5,82.4
1968-08-25,63.7,76.0,69.8
1968-08-26,55.1,62.8,59.4
1968-08-27,52.3,68.4,60.0
1968-08-28,48.7,70.4,60.2
1968-08-29,51.2,72.4,62.8
1968-08-30,52.4,73.3,63.8
1968-08-31,52.9,75.5,65.7
1968-09-01,60.1,73.6,65.0
1968-09-02,55.2,68.8,61.8
1968-09-03,52.5,77.1,65.0
1968-09-04,59.7,82.3,70.4
1968-09-05,64.1,76.6,68.4
1968-09-06,55.9,69.5,63.5
1968-09-07,50.7,68.5,60.5
1968-09-08,55.2,78.3,66.4
1968-09-09,61.0,75.8,67.4
1968-09-10,59.9,69.6,63.9
1968-09-11,55.1,63.7,59.4
1968-09-12,48.7,70.2,59.7
1968-09-13,55.8,76.2,65.3
1968-09-14,56.6,77.2,66.8
1968-09-15,57.3,77.7,67.8
1968-09-16,61.0,78.2,69.4
1968-09-17,64.5,70.1,67.5
1968-09-18,62.0,75.0,67.1
1968-09-19,59.3,67.6,63.4
1968-09-20,62.5,75.8,68.2
1968-09-21,61.7,81.1,70.8
1968-09-22,63.9,79.1,71.4
1968-09-23,65.9,81.3,72.8
1968-09-24,58.8,73.8,67.2
1968-09-25,55.9,63.7,59.5
1968-09-26,48.9,62.9,56.4
1968-09-27,44.6,65.0,55.1
1968-09-28,48.0,63.1,55.6
1968-09-29,48.0,63.6,56.1
1968-09-30,51.9,71.0,60.5
1968-10-01,60.7,77.1,67.9
1968-10-02,63.9,76.0,68.6
1968-10-03,45.9,64.1,56.3
1968-10-04,41.6,52.2,45.9
1968-10-05,36.6,54.1,46.3
1968-10-06,44.4,51.1,48.2
1968-10-07,45.4,57.8,52.1
1968-10-08,47.8,59.0,53.0
1968-10-09,49.4,67.9,58.4
1968-10-10,46.0,60.8,54.5
1968-10-11,40.1,60.3,50.4
1968-10-12,41.9,68.1,54.2
1968-10-13,46.6,70.1,57.9
1968-10-14,57.5,76.9,66.0
1968-10-15,60.5,77.5,68.2
1968-10-16,59.0,74.8,67.0
1968-10-17,62.7,76.8,69.0
1968-10-18,50.2,68.4,60.3
1968-10-19,42.4,62.0,52.0
1968-10-20,41.9,55.1,49.0
1968-10-21,39.2,59.5,50.1
1968-10-22,46.3,58.9,51.1
1968-10-23,43.9,54.8,49.2
1968-10-24,39.5,50.1,45.0
1968-10-25,39.0,49.3,43.7
1968-10-26,35.9,49.5,42.2
1968-10-27,40.3,54.6,46.4
1968-10-28,37.9,43.9,40.6
1968-10-29,32.5,43.8,37.9
1968-10-30,28.8,45.0,36.3
1968-10-31,31.1,54.6,41.9
1968-11-01,44.0,71.4,58.6
1968-11-02,47.1,54.6,50.7
1968-11-03,35.0,47.7,43.6
1968-11-04,31.2,51.5,40.6
1968-11-05,36.4,53.7,44.6
1968-11-06,41.5,46.4,43.9
1968-11-07,38.7,44.2,41.9
1968-11-08,35.2,44.6,39.1
1968-11-09,29.8,39.2,34.8
1968-11-10,25.7,42.2,33.3
1968-11-11,28.0,41.8,34.7
1968-11-12,31.9,41.2,35.6
1968-11-13,27.1,39.8,32.2
1968-11-14,28.6,45.0,35.8
1968-11-15,38.3,54.0,44.1
1968-11-16,34.1,41.3,37.7
1968-11-17,34.6,45.3,40.7
1968-11-18,32.0,41.9,36.8
1968-11-19,29.9,34.4,31.2
1968-11-20,26.5,34.8,30.0
1968-11-21,25.4,43.4,34.2
1968-11-22,34.0,46.3,38.7
1968-11-23,34.1,57.6,46.0
1968-11-24,40.3,49.5,43.6
1968-11-25,32.8,39.7,36.3
1968-11-26,33.6,49.4,40.4
1968-11-27,31.6,40.6,36.6
1968-11-28,31.9,47.2,39.0
1968-11-29,33.3,42.2,36.3
1968-11-30,26.5,36.6,33.2
1968-12-01,25.3,37.2,31.1
1968-12-02,33.1,38.8,35.7
1968-12-03,35.0,43.5,38.7
1968-12-04,30.0,38.2,33.7
1968-12-05,24.4,35.8,28.4
1968-12-06,22.0,26.8,24.1
1968-12-07,18.6,30.6,23.8
1968-12-08,17.5,26.7,21.1
1968-12-09,12.6,25.9,19.1
1968-12-10,14.2,26.0,19.6
1968-12-11,16.4,37.0,26.0
1968-12-12,36.0,47.9,42.8
1968-12-13,24.9,47.5,38.7
1968-12-14,18.1,30.2,23.7
1968-12-15,11.6,19.1,16.0
1968-12-16,18.2,30.6,24.8
1968-12-17,19.6,31.7,24.6
1968-12-18,21.5,34.3,27.6
1968-12-19,30.2,45.6,35.8
1968-12-20,29.3,37.8,32.6
1968-12-21,27.1,33.5,30.0
1968-12-22,28.0,40.2,33.6
1968-12-23,21.9,32.1,26.2
1968-12-24,11.5,22.1,18.7
1968-12-25,6.1,16.8,12.0
1968-12-26,13.7,23.6,18.6
1968-12-27,23.8,37.7,31.8
1968-12-28,22.2,43.9,35.2
1968-12-29,15.6,24.0,20.0
1968-12-30,14.5,30.8,23.1
1968-12-31,-4.5,34.0,17.1
1969-01-01,-4.5,12.3,4.1
1969-01-02,4.0,19.9,11.9
1969-01-03,6.8,20.2,15.1
1969-01-04,-2.7,10.3,4.4
1969-01-05,-6.2,15.4,3.6
1969-01-06,16.5,31.5,24.3
1969-01-07,12.6,22.6,20.0
1969-01-08,-0.7,21.2,11.4
1969-01-09,11.4,26.2,18.6
1969-01-10,12.6,19.9,15.5
1969-01-11,8.3,19.0,14.0
1969-01-12,3.3,20.4,13.2
1969-01-13,10.9,22.5,16.3
1969-01-14,7.2,26.1,14.9
1969-01-15,0.9,23.5,13.3
1969-01-16,18.2,36.4,28.5
1969-01-17,33.0,36.0,34.5
1969-01-18,30.5,41.5,36.7
1969-01-19,25.9,32.8,29.1
1969-01-20,20.4,36.5,27.1
1969-01-21,25.2,40.9,32.5
1969-01-22,33.8,44.0,36.7
1969-01-23,35.3,50.4,41.7
1969-01-24,12.8,46.8,29.4
1969-01-25,5.4,12.2,8.6
1969-01-26,4.8,19.8,11.5
1969-01-27,8.9,22.4,14.5
1969-01-28,14.4,38.7,28.1
1969-01-29,39.1,45.3,40.8
1969-01-30,32.9,51.5,43.4
1969-01-31,29.1,34.7,30.9
1969-02-01,24.4,35.1,30.9
1969-02-02,20.1,37.3,28.4
1969-02-03,11.8,28.8,21.2
1969-02-04,8.1,29.5,16.5
1969-02-05,4.9,22.3,13.8
1969-02-06,7.5,25.9,17.9
1969-02-07,12.4,24.8,18.4
1969-02-08,21.0,34.1,26.5
1969-02-09,18.2,28.0,23.3
1969-02-10,10.3,31.0,23.5
1969-02-11,23.2,30.6,28.5
1969-02-12,15.4,27.2,22.7
1969-02-13,11.1,21.6,15.6
1969-02-14,7.0,24.3,15.3
1969-02-15,4.0,28.6,17.0
1969-02-16,18.0,31.9,23.5
1969-02-17,16.4,35.0,25.8
1969-02-18,26.4,38.9,31.0
1969-02-19,24.4,36.2,29.2
1969-02-20,20.5,38.0,27.5
1969-02-21,22.2,39.7,29.6
1969-02-22,28.0,40.5,33.1
1969-02-23,28.9,43.9,35.8
1969-02-24,29.8,40.0,34.2
1969-02-25,27.9,35.7,30.8
1969-02-26,25.8,33.0,28.2
1969-02-27,26.1,38.5,30.2
1969-02-28,23.4,37.5,28.7
1969-03-01,25.5,41.5,31.9
1969-03-02,24.4,41.3,31.2
1969-03-03,25.2,41.5,31.0
1969-03-04,23.5,37.3,29.0
1969-03-05,22.5,38.6,30.0
1969-03-06,26.5,39.1,32.1
1969-03-07,22.2,34.6,28.0
1969-03-08,23.5,38.1,30.6
1969-03-09,23.1,36.0,29.0
1969-03-10,16.7,33.4,26.9
1969-03-11,7.1,23.9,15.6
1969-03-12,13.5,35.1,23.2
1969-03-13,19.9,38.8,28.5
1969-03-14,24.4,32.9,28.1
1969-03-15,22.5,40.0,29.9
1969-03-16,21.7,43.8,32.5
1969-03-17,31.3,57.1,42.7
1969-03-18,33.3,64.0,47.4
1969-03-19,34.2,59.3,46.2
1969-03-20,35.2,58.6,44.6
1969-03-21,30.1,40.2,35.7
1969-03-22,23.5,47.8,35.1
1969-03-23,31.6,61.9,46.2
1969-03-24,39.1,45.0,41.2
1969-03-25,29.5,40.0,35.2
1969-03-26,21.2,29.0,25.6
1969-03-27,4.1,33.0,20.0
1969-03-28,19.8,42.5,33.7
1969-03-29,17.0,32.5,23.8
1969-03-30,15.5,26.9,19.7
1969-03-31,13.8,31.4,22.2
1969-04-01,26.0,45.7,37.6
1969-04-02,23.4,47.5,34.9
1969-04-03,22.5,49.4,34.9
1969-04-04,28.9,63.4,47.3
1969-04-05,33.8,59.4,46.3
1969-04-06,27.2,52.2,38.6
1969-04-07,28.6,62.2,45.7
1969-04-08,32.5,62.6,47.4
1969-04-09,42.3,67.1,54.8
1969-04-10,42.4,57.3,51.8
1969-04-11,30.6,49.4,39.5
1969-04-12,25.2,51.1,38.5
1969-04-13,29.5,61.9,46.6
1969-04-14,42.1,63.5,51.9
1969-04-15,49.8,63.9,54.8
1969-04-16,49.2,70.6,59.5
1969-04-17,46.9,74.1,62.0
1969-04-18,37.0,44.7,40.7
1969-04-19,32.4,47.4,39.0
1969-04-20,25.9,53.8,40.3
1969-04-21,40.2,54.5,48.3
1969-04-22,39.2,46.9,42.1
1969-04-23,37.4,46.8,41.5
1969-04-24,34.8,57.5,45.9
1969-04-25,36.2,64.8,50.8
1969-04-26,39.7,70.5,56.5
1969-04-27,56.3,74.5,63.4
1969-04-28,40.1,58.9,52.5
1969-04-29,34.2,52.0,42.1
1969-04-30,29.0,54.8,42.8
1969-05-01,32.5,57.4,46.0
1969-05-02,43.1,74.7,59.4
1969-05-03,52.2,74.5,63.4
1969-05-04,48.1,69.4,57.5
1969-05-05,48.1,66.9,56.5
1969-05-06,47.5,75.8,61.2
1969-05-07,56.0,76.8,66.9
1969-05-08,52.0,68.3,62.1
1969-05-09,40.1,51.3,45.8
1969-05-10,39.2,52.9,44.7
1969-05-11,35.2,54.0,44.6
1969-05-12,38.4,54.2,46.0
1969-05-13,39.7,64.8,52.8
1969-05-14,42.9,63.2,53.3
1969-05-15,39.3,66.3,53.9
1969-05-16,48.0,78.5,64.5
1969-05-17,49.8,72.1,62.3
1969-05-18,45.3,54.5,49.9
1969-05-19,49.6,62.0,55.1
1969-05-20,44.1,67.6,56.4
1969-05-21,39.9,58.1,49.6
1969-05-22,44.4,53.2,47.5
1969-05-23,38.8,61.8,50.8
1969-05-24,39.4,67.5,54.9
1969-05-25,43.4,59.4,53.7
1969-05-26,36.0,60.1,48.2
1969-05-27,42.8,71.1,58.0
1969-05-28,60.3,83.3,71.2
1969-05-29,64.9,85.2,73.9
1969-05-30,54.2,76.7,66.7
1969-05-31,53.5,76.6,65.5
1969-06-01,64.8,81.1,72.5
1969-06-02,54.0,62.6,58.4
1969-06-03,46.9,56.3,51.2
1969-06-04,40.3,69.8,56.9
1969-06-05,55.0,64.0,59.0
1969-06-06,50.8,68.5,59.7
1969-06-07,52.3,66.7,60.2
1969-06-08,46.1,57.7,53.7
1969-06-09,41.1,68.1,55.4
1969-06-10,45.7,72.2,60.2
1969-06-11,54.8,79.8,68.8
1969-06-12,65.9,85.1,75.2
1969-06-13,61.6,75.8,68.1
1969-06-14,54.8,62.7,58.3
1969-06-15,52.0,62.9,56.8
1969-06-16,44.9,69.4,58.2
1969-06-17,53.2,74.2,64.0
1969-06-18,57.5,72.9,65.4
1969-06-19,60.0,76.4,67.3
1969-06-20,53.5,65.8,59.9
1969-06-21,46.4,63.9,55.6
1969-06-22,50.3,68.9,59.2
1969-06-23,56.8,67.4,61.5
1969-06-24,54.6,70.9,62.1
1969-06-25,56.0,74.5,66.7
1969-06-26,68.9,88.2,79.3
1969-06-27,75.4,85.7,80.1
1969-06-28,67.8,81.8,74.6
1969-06-29,59.6,80.4,71.0
1969-06-30,69.8,83.4,76.7
1969-07-01,60.6,72.4,66.2
1969-07-02,53.2,76.3,66.0
1969-07-03,60.7,77.4,69.8
1969-07-04,65.8,85.0,75.1
1969-07-05,63.6,80.2,74.6
1969-07-06,58.9,66.7,61.9
1969-07-07,56.8,68.4,61.7
1969-07-08,54.2,71.7,62.9
1969-07-09,58.2,80.6,69.3
1969-07-10,64.8,84.7,74.2
1969-07-11,63.8,84.6,74.3
1969-07-12,64.9,81.9,73.1
1969-07-13,58.8,81.2,70.0
1969-07-14,57.3,83.2,71.8
1969-07-15,65.1,84.7,75.1
1969-07-16,67.5,89.0,79.1
1969-07-17,72.4,83.3,77.6
1969-07-18,64.9,72.7,69.7
1969-07-19,64.4,69.9,66.9
1969-07-20,65.1,79.2,71.6
1969-07-21,61.2,78.9,71.6
1969-07-22,64.7,78.3,72.1
1969-07-23,60.8,83.4,73.2
1969-07-24,64.0,79.3,72.0
1969-07-25,62.8,80.2,72.1
1969-07-26,65.4,79.5,72.2
1969-07-27,66.9,81.5,72.2
1969-07-28,61.7,72.1,66.7
1969-07-29,61.3,75.2,67.8
1969-07-30,60.3,77.4,69.2
1969-07-31,61.6,78.9,71.1
1969-08-01,66.4,78.1,71.7
1969-08-02,60.7,75.1,68.2
1969-08-03,57.8,77.6,68.9
1969-08-04,57.1,80.2,70.3
1969-08-05,58.2,80.9,70.6
1969-08-06,61.2,81.1,72.5
1969-08-07,68.3,84.3,74.7
1969-08-08,66.0,78.1,72.3
1969-08-09,63.9,77.5,68.9
1969-08-10,59.9,73.8,67.1
1969-08-11,58.5,76.2,67.2
1969-08-12,56.4,78.7,68.3
1969-08-13,59.5,81.2,71.1
1969-08-14,64.9,84.7,75.2
1969-08-15,68.5,86.1,76.7
1969-08-16,68.9,80.2,73.6
1969-08-17,67.4,81.1,72.9
1969-08-18,66.7,84.2,75.1
1969-08-19,63.8,80.6,71.9
1969-08-20,55.6,72.1,63.2
1969-08-21,51.4,74.0,62.9
1969-08-22,51.9,78.1,65.7
1969-08-23,54.9,83.8,70.0
1969-08-24,61.8,86.7,74.5
1969-08-25,65.9,85.4,75.7
1969-08-26,61.8,77.7,69.7
1969-08-27,54.0,81.4,67.8
1969-08-28,60.8,84.7,73.1
1969-08-29,66.4,85.4,76.2
1969-08-30,66.7,86.7,77.0
1969-08-31,68.3,86.3,77.6
1969-09-01,68.1,86.6,77.3
1969-09-02,65.1,78.1,71.3
1969-09-03,64.8,79.1,71.4
1969-09-04,63.8,79.0,71.6
1969-09-05,69.4,81.0,73.8
1969-09-06,69.1,86.5,76.2
1969-09-07,67.3,80.8,73.7
1969-09-08,58.6,69.1,63.8
1969-09-09,50.9,62.7,56.9
1969-09-10,46.7,67.3,57.0
1969-09-11,50.6,68.8,59.9
1969-09-12,54.3,75.7,65.0
1969-09-13,58.4,78.7,68.3
1969-09-14,58.9,79.3,69.0
1969-09-15,60.9,81.9,71.3
1969-09-16,64.0,71.7,67.1
1969-09-17,54.4,64.4,59.7
1969-09-18,49.4,62.3,56.0
1969-09-19,51.6,61.2,55.8
1969-09-20,48.9,65.8,57.6
1969-09-21,56.8,67.8,61.5
1969-09-22,54.7,74.9,64.3
1969-09-23,59.0,76.6,66.2
1969-09-24,53.2,61.9,57.3
1969-09-25,51.6,58.7,54.9
1969-09-26,53.4,70.7,60.3
1969-09-27,48.9,64.6,56.5
1969-09-28,48.0,61.2,54.3
1969-09-29,45.6,61.3,53.8
1969-09-30,54.2,66.9,59.6
1969-10-01,53.2,74.1,63.0
1969-10-02,58.0,67.6,63.4
1969-10-03,55.1,70.7,62.0
1969-10-04,50.6,66.5,57.6
1969-10-05,51.1,68.0,58.1
1969-10-06,57.2,73.3,64.6
1969-10-07,52.3,65.4,59.6
1969-10-08,46.0,58.9,53.9
1969-10-09,41.5,69.7,55.2
1969-10-10,54.4,71.8,63.1
1969-10-11,57.1,70.2,65.6
1969-10-12,52.5,57.2,54.4
1969-10-13,51.0,76.7,63.8
1969-10-14,40.4,51.3,47.5
1969-10-15,36.0,54.0,44.8
1969-10-16,42.5,54.4,47.7
1969-10-17,39.5,46.7,43.9
1969-10-18,38.9,54.2,46.7
1969-10-19,44.6,58.0,49.9
1969-10-20,49.2,62.5,57.6
1969-10-21,46.2,52.9,48.4
1969-10-22,32.5,46.7,38.5
1969-10-23,26.5,37.9,31.7
1969-10-24,26.5,48.1,36.4
1969-10-25,35.7,55.2,44.5
1969-10-26,43.1,57.6,48.5
1969-10-27,38.0,45.9,41.8
1969-10-28,30.8,44.2,37.8
1969-10-29,32.7,45.7,38.3
1969-10-30,31.9,51.7,40.3
1969-10-31,36.4,53.2,45.2
1969-11-01,49.8,56.1,53.3
1969-11-02,44.9,51.6,47.9
1969-11-03,39.7,47.3,44.1
1969-11-04,37.3,44.1,40.0
1969-11-05,31.7,46.1,39.7
1969-11-06,34.6,51.6,41.2
1969-11-07,35.2,51.5,42.7
1969-11-08,39.7,52.3,45.0
1969-11-09,40.7,50.5,45.5
1969-11-10,45.5,50.0,47.4
1969-11-11,42.9,55.2,48.3
1969-11-12,38.0,48.2,42.8
1969-11-13,31.6,43.3,36.9
1969-11-14,25.3,35.1,30.3
1969-11-15,20.1,31.2,25.6
1969-11-16,25.2,40.4,32.6
1969-11-17,36.2,47.0,42.7
1969-11-18,47.8,52.8,51.0
1969-11-19,25.2,52.5,33.8
1969-11-20,13.9,28.0,22.0
1969-11-21,5.5,25.7,16.0
1969-11-22,18.0,41.6,29.5
1969-11-23,22.7,37.6,32.6
1969-11-24,22.3,36.4,31.8
1969-11-25,33.1,42.3,37.0
1969-11-26,27.9,40.0,33.3
1969-11-27,27.0,35.3,31.6
1969-11-28,16.6,32.5,25.1
1969-11-29,24.0,36.1,29.0
1969-11-30,23.3,38.4,30.7
1969-12-01,20.5,29.4,24.5
1969-12-02,18.1,39.7,29.4
1969-12-03,19.6,33.1,26.6
1969-12-04,18.5,29.2,23.3
1969-12-05,21.4,32.2,26.7
1969-12-06,22.9,34.8,28.6
1969-12-07,30.5,40.5,34.8
1969-12-08,28.3,33.5,31.0
1969-12-09,17.6,36.8,28.3
1969-12-10,23.5,37.0,30.9
1969-12-11,29.8,37.6,33.1
1969-12-12,22.3,30.6,27.5
1969-12-13,20.7,36.6,27.7
1969-12-14,28.9,35.4,32.1
1969-12-15,14.7,28.7,23.6
1969-12-16,9.3,24.7,17.0
1969-12-17,20.8,31.4,26.0
1969-12-18,23.6,34.0,28.2
1969-12-19,19.4,30.2,26.9
1969-12-20,13.3,27.3,20.4
1969-12-21,15.6,28.4,22.0
1969-12-22,10.3,22.4,16.5
1969-12-23,10.7,17.1,13.5
1969-12-24,-1.4,16.0,7.4
1969-12-25,10.0,24.0,17.7
1969-12-26,12.9,26.0,19.7
1969-12-27,8.8,22.8,14.9
1969-12-28,7.2,27.7,19.1
1969-12-29,23.1,33.0,27.6
1969-12-30,25.5,33.1,29.1
1969-12-31,21.9,29.1,26.6
1970-01-01,20.1,27.5,22.9
1970-01-02,14.1,23.2,20.7
1970-01-03,10.5,23.6,16.5
1970-01-04,4.1,18.0,11.7
1970-01-05,5.6,24.3,15.6
1970-01-06,0.5,16.9,10.4
1970-01-07,-3.0,8.5,1.7
1970-01-08,-6.1,14.2,1.5
1970-01-09,-3.2,15.4,4.7
1970-01-10,5.2,20.8,13.4
1970-01-11,-1.3,16.1,8.2
1970-01-12,13.2,28.0,19.5
1970-01-13,11.3,24.4,18.5
1970-01-14,-0.0,13.5,6.3
1970-01-15,-2.3,22.6,11.0
1970-01-16,14.0,37.8,28.9
1970-01-17,17.9,31.1,27.0
1970-01-18,-2.2,16.2,7.1
1970-01-19,-7.8,14.9,3.2
1970-01-20,-8.1,9.6,0.7
1970-01-21,-9.4,6.6,-2.1
1970-01-22,-11.4,10.7,-0.6
1970-01-23,-2.6,15.6,11.1
1970-01-24,-10.5,26.0,8.2
1970-01-25,25.8,37.9,33.0
1970-01-26,22.9,32.7,26.9
1970-01-27,24.5,34.5,30.2
1970-01-28,25.3,49.1,37.8
1970-01-29,19.0,43.0,32.9
1970-01-30,7.2,26.9,18.3
1970-01-31,21.1,38.7,30.1
1970-02-01,32.6,43.8,37.7
1970-02-02,7.8,38.6,29.2
1970-02-03,-6.4,6.4,0.3
1970-02-04,-16.4,23.3,2.0
1970-02-05,17.4,32.4,27.1
1970-02-06,14.3,36.9,24.4
1970-02-07,18.2,36.8,27.1
1970-02-08,15.5,36.3,27.7
1970-02-09,27.4,33.1,30.1
1970-02-10,22.5,31.0,27.1
1970-02-11,15.3,28.0,23.4
1970-02-12,3.1,20.1,12.4
1970-02-13,-2.2,12.9,5.8
1970-02-14,-8.2,15.4,4.3
1970-02-15,9.0,25.4,15.8
1970-02-16,1.9,24.1,14.1
1970-02-17,11.8,36.3,24.0
1970-02-18,25.2,44.0,35.3
1970-02-19,13.4,23.9,18.4
1970-02-20,6.4,18.3,12.2
1970-02-21,10.3,33.8,23.6
1970-02-22,27.7,47.0,38.2
1970-02-23,20.5,40.1,29.9
1970-02-24,31.0,47.3,36.9
1970-02-25,11.8,32.6,17.7
1970-02-26,9.1,29.0,19.5
1970-02-27,22.9,30.3,28.5
1970-02-28,16.4,29.8,22.1
1970-03-01,18.8,36.2,27.1
1970-03-02,29.5,36.6,32.3
1970-03-03,31.4,46.4,38.5
1970-03-04,34.2,49.5,44.1
1970-03-05,26.2,41.9,34.2
1970-03-06,21.4,46.4,32.1
1970-03-07,27.1,47.1,35.5
1970-03-08,15.5,31.2,23.1
1970-03-09,20.5,32.5,24.8
1970-03-10,21.2,34.3,26.6
1970-03-11,19.2,36.7,27.0
1970-03-12,23.2,38.0,29.1
1970-03-13,22.3,36.8,28.2
1970-03-14,21.5,30.3,25.0
1970-03-15,18.8,28.9,23.0
1970-03-16,14.4,34.6,23.5
1970-03-17,21.0,39.1,30.2
1970-03-18,28.5,42.4,33.7
1970-03-19,27.7,45.0,34.9
1970-03-20,32.9,42.1,36.8
1970-03-21,30.7,44.1,36.9
1970-03-22,29.8,37.6,33.2
1970-03-23,31.2,44.4,36.8
1970-03-24,30.2,42.2,35.2
1970-03-25,25.3,43.4,34.4
1970-03-26,27.3,35.3,32.2
1970-03-27,10.7,37.8,27.2
1970-03-28,18.4,30.6,26.2
1970-03-29,12.9,27.0,19.0
1970-03-30,9.2,34.2,22.3
1970-03-31,22.0,40.7,31.8
1970-04-01,24.9,43.3,33.4
1970-04-02,27.3,39.9,33.0
1970-04-03,17.7,40.5,30.1
1970-04-04,23.7,37.8,31.0
1970-04-05,16.4,40.8,29.4
1970-04-06,32.5,46.2,37.5
1970-04-07,29.6,47.7,37.6
1970-04-08,38.1,66.8,52.3
1970-04-09,38.0,53.2,46.5
1970-04-10,27.3,42.0,34.2
1970-04-11,24.8,39.9,32.2
1970-04-12,27.4,49.1,37.2
1970-04-13,33.2,48.9,40.8
1970-04-14,38.3,55.1,46.2
1970-04-15,33.7,57.5,45.1
1970-04-16,32.5,59.1,46.4
1970-04-17,41.0,63.2,51.4
1970-04-18,31.6,47.5,40.3
1970-04-19,35.4,45.4,39.0
1970-04-20,46.7,56.8,51.6
1970-04-21,41.0,50.4,46.0
1970-04-22,32.9,60.1,48.1
1970-04-23,46.2,64.1,56.5
1970-04-24,44.5,63.7,51.9
1970-04-25,45.9,68.9,57.1
1970-04-26,42.9,71.1,58.8
1970-04-27,45.4,75.8,61.7
1970-04-28,51.7,73.3,62.2
1970-04-29,54.1,76.7,65.6
1970-04-30,62.0,79.9,69.3
1970-05-01,53.1,75.9,69.3
1970-05-02,43.8,55.1,48.1
1970-05-03,38.2,59.9,49.1
1970-05-04,48.7,68.8,57.1
1970-05-05,38.0,57.7,48.5
1970-05-06,35.4,48.7,41.8
1970-05-07,34.1,61.4,48.8
1970-05-08,55.0,77.8,66.2
1970-05-09,59.7,78.3,69.0
1970-05-10,59.7,72.2,66.3
1970-05-11,53.4,73.6,64.5
1970-05-12,55.3,74.2,65.6
1970-05-13,48.5,68.1,58.6
1970-05-14,46.0,60.1,52.7
1970-05-15,51.2,76.1,63.1
1970-05-16,49.6,59.7,54.1
1970-05-17,44.3,56.7,50.9
1970-05-18,39.3,69.1,55.6
1970-05-19,54.5,81.0,67.9
1970-05-20,53.4,73.5,63.2
1970-05-21,54.2,81.9,68.8
1970-05-22,62.5,82.2,72.5
1970-05-23,56.7,68.0,61.7
1970-05-24,57.7,72.0,63.3
1970-05-25,60.5,77.4,67.1
1970-05-26,48.2,62.7,57.1
1970-05-27,41.2,60.6,52.1
1970-05-28,48.4,66.6,56.2
1970-05-29,52.0,76.9,64.6
1970-05-30,63.0,76.5,69.7
1970-05-31,63.9,75.7,69.3
1970-06-01,65.2,78.7,70.2
1970-06-02,55.3,77.1,69.2
1970-06-03,47.6,62.0,53.7
1970-06-04,46.1,68.2,58.0
1970-06-05,52.3,74.5,63.3
1970-06-06,51.8,74.0,62.7
1970-06-07,50.9,82.5,68.5
1970-06-08,62.7,84.1,73.1
1970-06-09,57.7,83.4,72.7
1970-06-10,61.0,81.8,73.5
1970-06-11,63.1,84.9,75.3
1970-06-12,64.1,77.6,71.3
1970-06-13,62.1,72.8,66.5
1970-06-14,55.9,78.2,66.5
1970-06-15,61.2,78.3,70.2
1970-06-16,64.7,82.2,73.5
1970-06-17,69.1,85.1,76.9
1970-06-18,66.0,79.9,74.0
1970-06-19,56.4,64.8,60.7
1970-06-20,46.2,66.7,58.5
1970-06-21,54.8,66.8,59.9
1970-06-22,52.3,76.8,64.6
1970-06-23,53.5,79.2,68.5
1970-06-24,62.0,81.1,69.3
1970-06-25,51.1,68.7,60.3
1970-06-26,54.4,67.7,59.5
1970-06-27,52.2,70.5,61.7
1970-06-28,50.9,73.6,64.2
1970-06-29,63.7,86.9,74.9
1970-06-30,71.2,90.5,79.5
1970-07-01,67.1,91.1,80.0
1970-07-02,71.4,90.9,80.3
1970-07-03,70.2,89.1,79.8
1970-07-04,61.3,72.2,67.1
1970-07-05,59.8,73.7,65.7
1970-07-06,53.4,79.6,68.0
1970-07-07,59.6,83.1,72.3
1970-07-08,63.8,75.3,69.9
1970-07-09,60.6,74.0,66.7
1970-07-10,61.9,74.5,66.5
1970-07-11,64.0,80.2,70.9
1970-07-12,61.7,81.9,71.1
1970-07-13,64.3,84.4,74.9
1970-07-14,71.1,86.2,77.9
1970-07-15,70.9,86.4,77.5
1970-07-16,62.9,78.2,69.9
1970-07-17,61.6,81.4,72.3
1970-07-18,61.8,79.6,70.7
1970-07-19,62.4,77.6,68.6
1970-07-20,56.9,67.1,60.7
1970-07-21,53.4,69.8,61.5
1970-07-22,52.0,72.3,63.9
1970-07-23,58.2,72.0,66.1
1970-07-24,66.7,78.1,72.4
1970-07-25,62.9,82.6,73.6
1970-07-26,65.9,83.8,76.2
1970-07-27,67.0,83.8,75.4
1970-07-28,69.0,85.4,76.2
1970-07-29,70.0,85.6,77.9
1970-07-30,71.3,84.3,76.8
1970-07-31,69.9,86.3,78.3
1970-08-01,70.1,82.7,75.9
1970-08-02,61.8,81.4,72.5
1970-08-03,62.9,79.1,72.5
1970-08-04,55.0,70.2,63.2
1970-08-05,56.0,75.5,66.3
1970-08-06,56.6,77.4,68.0
1970-08-07,57.1,79.2,69.6
1970-08-08,63.8,79.5,71.9
1970-08-09,65.4,80.9,72.7
1970-08-10,65.8,80.0,73.2
1970-08-11,65.2,82.7,73.9
1970-08-12,64.9,84.4,74.2
1970-08-13,63.4,84.8,74.9
1970-08-14,64.9,85.0,76.0
1970-08-15,64.3,85.3,76.7
1970-08-16,69.0,83.6,75.8
1970-08-17,60.4,80.9,71.4
1970-08-18,62.7,81.5,72.8
1970-08-19,69.4,86.6,77.1
1970-08-20,69.5,84.8,76.3
1970-08-21,59.1,75.2,68.2
1970-08-22,59.9,74.3,66.1
1970-08-23,59.7,75.2,67.0
1970-08-24,56.6,74.0,66.0
1970-08-25,57.5,83.3,70.8
1970-08-26,63.7,87.1,75.4
1970-08-27,62.4,85.5,74.1
1970-08-28,71.0,85.9,77.5
1970-08-29,64.7,75.7,69.4
1970-08-30,66.6,88.5,76.6
1970-08-31,57.9,69.5,64.7
1970-09-01,50.3,72.7,62.4
1970-09-02,52.1,78.4,66.3
1970-09-03,66.8,78.3,71.4
1970-09-04,68.2,82.0,73.3
1970-09-05,62.1,77.1,69.1
1970-09-06,58.7,80.8,69.2
1970-09-07,69.4,82.8,75.7
1970-09-08,70.2,85.0,76.6
1970-09-09,61.5,77.7,70.4
1970-09-10,60.7,73.4,67.4
1970-09-11,50.3,71.7,61.8
1970-09-12,49.2,75.5,63.5
1970-09-13,51.1,65.5,58.1
1970-09-14,49.9,57.5,53.7
1970-09-15,57.7,84.1,68.8
1970-09-16,58.1,70.8,65.2
1970-09-17,53.4,79.4,65.3
1970-09-18,57.8,69.5,64.5
1970-09-19,52.0,74.0,62.4
1970-09-20,56.5,76.7,67.4
1970-09-21,67.5,86.1,76.1
1970-09-22,68.0,79.0,72.9
1970-09-23,61.6,69.2,64.7
1970-09-24,63.9,80.7,71.6
1970-09-25,61.3,73.6,66.6
1970-09-26,54.0,70.7,63.2
1970-09-27,48.7,59.2,53.8
1970-09-28,43.5,55.0,49.3
1970-09-29,36.9,58.6,49.1
1970-09-30,48.2,57.6,52.9
1970-10-01,40.2,58.9,50.4
1970-10-02,50.7,69.5,59.1
1970-10-03,44.2,54.3,50.5
1970-10-04,42.9,57.0,49.0
1970-10-05,41.2,68.8,55.9
1970-10-06,57.8,75.7,65.6
1970-10-07,55.0,71.9,63.9
1970-10-08,56.3,73.3,64.1
1970-10-09,60.0,74.3,66.5
1970-10-10,44.0,65.1,52.9
1970-10-11,42.0,59.0,50.9
1970-10-12,49.5,59.3,54.5
1970-10-13,56.2,67.6,61.9
1970-10-14,52.4,63.0,59.7
1970-10-15,42.0,51.7,47.4
1970-10-16,34.7,48.0,40.3
1970-10-17,33.7,52.6,43.4
1970-10-18,41.5,61.3,50.3
1970-10-19,42.2,57.4,48.9
1970-10-20,45.6,54.4,49.8
1970-10-21,49.3,58.7,53.6
1970-10-22,43.1,58.8,50.6
1970-10-23,40.5,59.1,48.9
1970-10-24,46.4,60.5,52.9
1970-10-25,47.1,60.7,52.0
1970-10-26,44.1,59.1,50.7
1970-10-27,50.1,59.8,54.7
1970-10-28,50.1,56.8,53.4
1970-10-29,50.7,54.0,52.0
1970-10-30,45.7,58.3,50.7
1970-10-31,43.7,59.4,49.9
1970-11-01,38.6,51.1,44.2
1970-11-02,40.4,51.9,45.8
1970-11-03,41.5,47.7,43.6
1970-11-04,41.9,48.4,44.7
1970-11-05,41.9,48.8,45.0
1970-11-06,37.4,55.1,45.6
1970-11-07,35.5,52.2,44.8
1970-11-08,31.0,50.9,41.0
1970-11-09,43.6,62.2,51.5
1970-11-10,49.2,54.1,51.8
1970-11-11,45.3,53.6,49.0
1970-11-12,44.1,52.0,47.6
1970-11-13,38.5,49.9,45.0
1970-11-14,34.1,39.8,37.2
1970-11-15,28.0,34.9,32.0
1970-11-16,28.1,35.1,31.1
1970-11-17,30.3,41.5,34.8
1970-11-18,32.6,43.5,37.7
1970-11-19,39.3,50.5,43.9
1970-11-20,39.2,51.6,44.8
1970-11-21,36.0,44.0,40.1
1970-11-22,25.9,47.9,39.4
1970-11-23,20.2,26.6,23.8
1970-11-24,20.6,30.2,24.2
1970-11-25,18.7,31.2,25.0
1970-11-26,30.2,44.8,37.4
1970-11-27,37.8,46.7,42.6
1970-11-28,32.3,41.4,37.1
1970-11-29,33.5,47.4,40.5
1970-11-30,36.6,40.4,38.5
1970-12-01,37.8,62.2,52.9
1970-12-02,35.2,51.2,44.9
1970-12-03,32.5,58.5,44.6
1970-12-04,25.7,48.8,34.5
1970-12-05,23.3,41.6,32.2
1970-12-06,20.8,28.2,24.2
1970-12-07,17.2,27.3,22.7
1970-12-08,23.9,42.3,33.3
1970-12-09,37.3,48.4,42.8
1970-12-10,33.5,37.8,35.4
1970-12-11,29.7,33.7,32.7
1970-12-12,26.0,30.6,28.4
1970-12-13,26.1,33.3,28.7
1970-12-14,17.1,31.7,25.4
1970-12-15,5.3,25.3,17.5
1970-12-16,23.0,32.5,29.4
1970-12-17,29.3,35.2,32.9
1970-12-18,29.0,35.4,31.9
1970-12-19,32.1,39.2,36.8
1970-12-20,22.4,31.3,26.3
1970-12-21,19.3,27.0,22.7
1970-12-22,21.0,31.7,27.0
1970-12-23,20.8,36.0,29.3
1970-12-24,15.4,25.2,20.6
1970-12-25,12.8,25.2,18.4
1970-12-26,5.0,25.8,15.1
1970-12-27,16.6,25.8,21.1
1970-12-28,2.6,23.5,13.3
1970-12-29,3.9,21.4,11.9
1970-12-30,-0.5,21.3,10.8
1970-12-31,14.2,27.7,19.5
1971-01-01,4.1,24.4,15.5
1971-01-02,25.6,35.2,32.1
1971-01-03,24.4,32.3,28.7
1971-01-04,23.9,47.4,34.7
1971-01-05,6.0,24.2,17.7
1971-01-06,1.3,12.8,5.7
1971-01-07,-0.0,15.6,6.8
1971-01-08,-2.5,17.9,6.9
1971-01-09,0.6,26.1,13.7
1971-01-10,23.8,30.3,27.1
1971-01-11,16.3,34.1,25.0
1971-01-12,16.1,25.4,19.8
1971-01-13,14.4,28.1,20.5
1971-01-14,27.0,34.8,31.9
1971-01-15,12.9,25.5,18.2
1971-01-16,6.6,22.2,14.6
1971-01-17,3.2,16.9,11.1
1971-01-18,0.7,14.9,6.7
1971-01-19,-6.2,14.4,3.6
1971-01-20,11.4,22.2,17.3
1971-01-21,23.2,33.9,28.3
1971-01-22,19.0,34.2,28.2
1971-01-23,18.8,31.3,24.8
1971-01-24,17.1,36.5,26.2
1971-01-25,19.0,41.4,30.2
1971-01-26,-0.5,36.0,15.2
1971-01-27,-5.2,10.0,2.1
1971-01-28,1.0,14.6,7.7
1971-01-29,4.6,29.1,15.7
1971-01-30,-1.9,19.1,7.7
1971-01-31,-6.5,5.3,-0.3
1971-02-01,-13.5,4.9,-5.3
1971-02-02,-18.0,8.8,-4.9
1971-02-03,-3.9,23.7,13.9
1971-02-04,21.1,40.5,29.6
1971-02-05,20.0,47.1,31.7
1971-02-06,12.4,22.8,18.5
1971-02-07,7.0,23.0,16.3
1971-02-08,8.5,17.5,12.6
1971-02-09,-2.8,11.1,4.2
1971-02-10,5.5,22.5,14.0
1971-02-11,21.3,41.2,31.2
1971-02-12,13.2,34.5,28.9
1971-02-13,3.8,12.5,8.3
1971-02-14,-1.7,19.8,9.4
1971-02-15,14.3,28.8,21.3
1971-02-16,5.5,28.9,18.5
1971-02-17,28.5,40.5,35.5
1971-02-18,32.2,44.5,36.8
1971-02-19,31.4,47.2,38.6
1971-02-20,32.0,47.0,40.9
1971-02-21,24.5,32.9,30.3
1971-02-22,24.0,37.4,30.8
1971-02-23,28.4,36.2,31.8
1971-02-24,27.6,37.1,31.1
1971-02-25,23.7,46.5,34.3
1971-02-26,36.6,53.7,44.6
1971-02-27,31.4,53.4,38.6
1971-02-28,27.7,33.2,30.2
1971-03-01,25.2,39.1,30.8
1971-03-02,22.4,35.8,27.6
1971-03-03,16.4,27.2,22.3
1971-03-04,14.4,35.2,23.8
1971-03-05,28.1,45.2,35.2
1971-03-06,32.2,40.6,35.4
1971-03-07,15.5,32.5,24.9
1971-03-08,11.2,20.9,15.0
1971-03-09,4.8,29.8,17.8
1971-03-10,22.4,33.3,28.4
1971-03-11,20.8,32.5,27.5
1971-03-12,20.4,35.5,27.5
1971-03-13,16.2,39.7,28.9
1971-03-14,27.4,64.7,45.1
1971-03-15,37.8,60.1,48.7
1971-03-16,25.0,37.0,30.2
1971-03-17,24.1,36.0,29.0
1971-03-18,23.8,40.2,31.8
1971-03-19,31.3,44.2,36.7
1971-03-20,26.7,36.9,32.0
1971-03-21,23.4,40.9,31.9
1971-03-22,24.4,37.3,30.1
1971-03-23,23.0,32.2,27.2
1971-03-24,14.2,31.1,22.2
1971-03-25,17.5,31.4,23.8
1971-03-26,17.9,37.7,26.4
1971-03-27,24.9,39.8,31.7
1971-03-28,32.0,48.6,40.4
1971-03-29,29.6,37.4,34.7
1971-03-30,24.7,40.5,31.2
1971-03-31,24.8,55.8,40.1
1971-04-01,37.6,61.6,50.9
1971-04-02,30.7,41.2,35.7
1971-04-03,25.6,33.1,29.6
1971-04-04,22.1,36.3,29.1
1971-04-05,24.3,40.9,31.1
1971-04-06,25.4,49.6,35.9
1971-04-07,28.8,53.1,39.2
1971-04-08,25.5,58.6,41.0
1971-04-09,35.7,65.8,50.3
1971-04-10,28.5,53.6,40.0
1971-04-11,33.9,65.7,49.5
1971-04-12,46.0,73.8,60.0
1971-04-13,35.0,59.1,43.6
1971-04-14,28.1,46.9,36.9
1971-04-15,29.8,57.7,42.7
1971-04-16,30.0,64.8,47.5
1971-04-17,42.3,57.0,48.0
1971-04-18,39.4,57.4,46.9
1971-04-19,32.5,63.0,48.1
1971-04-20,39.6,70.0,55.2
1971-04-21,40.5,54.3,47.2
1971-04-22,37.9,55.2,45.9
1971-04-23,35.8,58.9,48.1
1971-04-24,31.0,48.6,39.4
1971-04-25,37.2,55.0,45.3
1971-04-26,33.3,46.4,40.3
1971-04-27,27.5,46.6,39.2
1971-04-28,37.6,51.3,44.5
1971-04-29,38.3,51.0,43.9
1971-04-30,39.7,56.0,47.1
1971-05-01,36.4,58.5,46.7
1971-05-02,38.1,50.8,43.7
1971-05-03,35.3,54.7,44.3
1971-05-04,33.6,60.8,46.6
1971-05-05,43.4,66.1,53.8
1971-05-06,46.0,64.1,54.0
1971-05-07,39.5,62.8,51.7
1971-05-08,48.4,68.0,55.9
1971-05-09,40.0,65.3,53.4
1971-05-10,41.4,69.0,55.8
1971-05-11,46.2,72.8,60.4
1971-05-12,40.5,57.4,49.1
1971-05-13,34.5,65.8,51.3
1971-05-14,42.6,62.1,52.5
1971-05-15,45.7,76.0,61.6
1971-05-16,55.0,77.1,64.6
1971-05-17,44.9,77.4,62.3
1971-05-18,59.7,85.0,72.9
1971-05-19,58.5,82.1,70.0
1971-05-20,47.2,69.0,59.4
1971-05-21,44.2,64.8,54.6
1971-05-22,40.7,63.6,52.2
1971-05-23,41.4,68.9,56.4
1971-05-24,55.1,76.9,62.5
1971-05-25,50.6,62.2,57.2
1971-05-26,47.4,52.8,49.6
1971-05-27,43.9,59.7,51.1
1971-05-28,39.3,67.3,53.7
1971-05-29,40.8,70.2,57.7
1971-05-30,46.1,77.2,62.8
1971-05-31,51.9,73.8,61.6
1971-06-01,50.7,71.2,60.0
1971-06-02,53.2,74.8,62.0
1971-06-03,50.7,77.6,65.6
1971-06-04,55.0,84.2,70.9
1971-06-05,58.2,85.1,72.7
1971-06-06,67.3,84.6,75.8
1971-06-07,69.2,87.3,77.5
1971-06-08,53.9,72.3,62.2
1971-06-09,46.5,67.0,56.4
1971-06-10,46.1,70.2,59.1
1971-06-11,50.6,81.5,67.2
1971-06-12,64.9,82.2,72.9
1971-06-13,67.4,85.4,74.4
1971-06-14,61.8,74.4,67.8
1971-06-15,57.6,77.4,67.2
1971-06-16,55.3,76.7,66.6
1971-06-17,58.6,78.6,69.7
1971-06-18,58.5,83.8,72.8
1971-06-19,61.1,85.6,75.6
1971-06-20,68.9,90.8,78.1
1971-06-21,60.5,74.5,69.6
1971-06-22,51.4,77.9,66.2
1971-06-23,57.3,80.2,71.0
1971-06-24,63.7,84.7,75.4
1971-06-25,68.7,84.9,76.5
1971-06-26,61.7,77.4,69.3
1971-06-27,64.9,93.8,79.1
1971-06-28,73.2,94.6,84.7
1971-06-29,72.6,92.5,83.5
1971-06-30,71.5,91.3,80.7
1971-07-01,67.5,82.3,75.3
1971-07-02,58.4,74.4,66.3
1971-07-03,51.0,77.3,65.7
1971-07-04,59.1,85.7,73.6
1971-07-05,67.0,77.6,72.2
1971-07-06,63.6,84.9,74.0
1971-07-07,61.4,87.4,76.2
1971-07-08,67.1,86.3,76.4
1971-07-09,69.6,85.3,76.3
1971-07-10,66.4,83.4,73.9
1971-07-11,62.7,79.7,70.8
1971-07-12,57.8,78.7,68.5
1971-07-13,69.3,84.4,75.6
1971-07-14,61.6,78.2,70.3
1971-07-15,57.0,79.5,68.6
1971-07-16,59.9,82.9,72.4
1971-07-17,61.8,74.4,68.2
1971-07-18,54.0,78.2,67.5
1971-07-19,59.2,74.0,65.8
1971-07-20,50.5,75.7,64.5
1971-07-21,56.0,79.8,69.6
1971-07-22,64.1,85.9,74.7
1971-07-23,65.1,82.2,74.8
1971-07-24,66.1,81.7,72.9
1971-07-25,62.9,83.3,73.5
1971-07-26,63.6,76.7,71.4
1971-07-27,55.1,73.5,65.6
1971-07-28,58.2,79.0,66.3
1971-07-29,54.7,74.0,65.1
1971-07-30,59.1,69.2,63.2
1971-07-31,54.9,70.8,64.0
1971-08-01,51.0,76.3,65.7
1971-08-02,57.0,80.3,70.4
1971-08-03,62.4,76.5,68.9
1971-08-04,58.7,71.5,63.5
1971-08-05,54.9,75.5,64.9
1971-08-06,51.3,80.0,67.5
1971-08-07,58.6,83.2,71.5
1971-08-08,61.6,84.9,74.1
1971-08-09,61.2,87.2,75.5
1971-08-10,71.8,89.5,80.0
1971-08-11,62.9,73.8,69.0
1971-08-12,53.3,77.5,66.8
1971-08-13,59.4,84.9,72.6
1971-08-14,65.5,82.7,72.8
1971-08-15,61.4,74.6,67.6
1971-08-16,57.1,77.9,67.0
1971-08-17,52.7,82.0,68.7
1971-08-18,54.4,84.0,71.0
1971-08-19,60.1,85.4,74.6
1971-08-20,68.1,86.0,75.7
1971-08-21,70.9,86.6,77.9
1971-08-22,64.3,88.2,74.9
1971-08-23,56.2,71.4,62.8
1971-08-24,48.2,76.2,63.0
1971-08-25,63.7,79.7,71.4
1971-08-26,62.6,76.5,68.9
1971-08-27,61.2,70.2,64.9
1971-08-28,59.6,73.3,66.0
1971-08-29,55.7,82.8,69.8
1971-08-30,61.1,84.6,72.6
1971-08-31,61.2,73.6,66.8
1971-09-01,59.8,77.9,67.9
1971-09-02,63.9,85.0,73.3
1971-09-03,68.9,80.9,74.4
1971-09-04,69.0,85.0,76.1
1971-09-05,69.6,88.2,78.3
1971-09-06,70.3,86.9,76.4
1971-09-07,69.3,84.7,75.6
1971-09-08,68.3,88.6,77.7
1971-09-09,67.9,82.9,74.4
1971-09-10,61.1,83.1,72.2
1971-09-11,62.7,74.9,68.8
1971-09-12,61.6,71.8,66.4
1971-09-13,59.8,71.2,65.1
1971-09-14,53.3,78.4,66.0
1971-09-15,58.8,71.6,66.1
1971-09-16,56.1,68.8,61.3
1971-09-17,54.2,71.2,62.4
1971-09-18,53.0,68.6,60.3
1971-09-19,55.9,71.6,62.5
1971-09-20,55.4,63.3,60.3
1971-09-21,48.7,63.9,56.8
1971-09-22,46.1,67.0,57.4
1971-09-23,49.7,69.3,58.2
1971-09-24,43.1,62.3,53.4
1971-09-25,44.4,58.8,52.6
1971-09-26,53.3,64.7,58.7
1971-09-27,58.3,75.7,66.1
1971-09-28,64.5,81.7,72.6
1971-09-29,59.5,79.1,71.3
1971-09-30,56.5,76.4,64.5
1971-10-01,59.1,82.3,69.5
1971-10-02,60.1,82.5,70.8
1971-10-03,59.4,79.6,70.2
1971-10-04,58.1,69.0,64.0
1971-10-05,53.8,69.5,60.9
1971-10-06,47.7,60.0,54.5
1971-10-07,42.9,55.0,48.6
1971-10-08,38.8,60.8,50.1
1971-10-09,49.5,61.2,54.5
1971-10-10,40.7,57.7,50.0
1971-10-11,46.4,58.5,51.5
1971-10-12,37.0,60.3,49.5
1971-10-13,45.2,61.5,52.9
1971-10-14,48.0,62.4,54.0
1971-10-15,46.9,70.7,57.7
1971-10-16,52.2,69.3,59.4
1971-10-17,51.7,63.7,57.0
1971-10-18,53.3,68.8,60.0
1971-10-19,52.9,71.1,59.7
1971-10-20,50.4,70.8,59.8
1971-10-21,56.5,70.3,62.8
1971-10-22,58.1,62.7,60.7
1971-10-23,58.4,63.1,60.6
1971-10-24,55.6,63.0,58.6
1971-10-25,53.5,64.9,58.8
1971-10-26,53.2,67.5,59.3
1971-10-27,53.4,68.8,61.8
1971-10-28,48.9,65.5,58.3
1971-10-29,47.1,68.4,55.9
1971-10-30,50.3,71.2,59.6
1971-10-31,47.0,62.4,58.4
1971-11-01,41.0,58.0,49.5
1971-11-02,48.8,65.3,57.5
1971-11-03,36.0,49.1,44.3
1971-11-04,33.3,45.0,38.6
1971-11-05,34.5,58.1,46.2
1971-11-06,31.0,51.0,43.9
1971-11-07,25.2,35.5,29.5
1971-11-08,22.4,36.3,29.0
1971-11-09,30.2,35.2,32.0
1971-11-10,31.1,49.4,39.7
1971-11-11,29.2,46.0,38.2
1971-11-12,37.0,54.0,43.5
1971-11-13,36.3,47.1,40.5
1971-11-14,37.0,57.8,47.1
1971-11-15,46.3,61.4,54.7
1971-11-16,42.2,53.3,46.4
1971-11-17,42.6,64.1,51.8
1971-11-18,48.8,66.4,57.0
1971-11-19,35.2,59.0,44.1
1971-11-20,34.9,43.4,38.7
1971-11-21,26.2,35.2,32.6
1971-11-22,21.8,29.0,24.7
1971-11-23,19.6,32.7,26.3
1971-11-24,25.4,32.6,28.6
1971-11-25,23.7,39.3,30.6
1971-11-26,30.0,36.4,33.2
1971-11-27,32.4,37.5,34.1
1971-11-28,26.3,36.2,31.5
1971-11-29,31.4,37.0,33.7
1971-11-30,22.3,32.3,26.8
1971-12-01,13.3,27.6,19.6
1971-12-02,8.4,30.7,20.3
1971-12-03,12.8,31.5,22.5
1971-12-04,10.6,34.5,25.4
1971-12-05,30.8,37.0,34.4
1971-12-06,34.8,38.8,37.1
1971-12-07,34.5,40.5,37.1
1971-12-08,35.8,39.8,37.5
1971-12-09,37.4,43.9,40.9
1971-12-10,43.0,62.5,49.9
1971-12-11,32.3,46.0,39.3
1971-12-12,26.5,42.1,33.9
1971-12-13,24.8,34.7,29.0
1971-12-14,24.0,34.5,30.0
1971-12-15,34.2,61.2,47.1
1971-12-16,34.2,41.3,36.9
1971-12-17,22.1,33.8,28.0
1971-12-18,22.7,28.5,24.9
1971-12-19,23.2,37.3,30.2
1971-12-20,31.5,37.2,33.7
1971-12-21,26.0,35.0,32.3
1971-12-22,18.1,29.1,23.3
1971-12-23,25.3,43.2,33.9
1971-12-24,27.6,45.0,39.4
1971-12-25,25.4,40.4,32.6
1971-12-26,33.5,42.0,38.5
1971-12-27,30.2,56.8,38.9
1971-12-28,24.0,35.2,28.3
1971-12-29,23.3,38.5,29.4
1971-12-30,26.9,43.5,33.9
1971-12-31,24.1,32.7,26.9
1972-01-01,25.2,41.6,32.6
1972-01-02,26.1,35.6,32.1
1972-01-03,26.1,34.2,29.6
1972-01-04,18.1,28.2,22.9
1972-01-05,9.0,21.1,16.1
1972-01-06,6.4,22.2,14.3
1972-01-07,20.5,32.5,28.0
1972-01-08,9.7,33.3,23.1
1972-01-09,29.3,41.3,37.0
1972-01-10,26.7,42.9,33.3
1972-01-11,24.5,36.3,31.3
1972-01-12,24.5,42.2,32.4
1972-01-13,13.4,42.3,27.7
1972-01-14,-2.9,20.1,8.3
1972-01-15,-18.8,-3.9,-9.0
1972-01-16,-17.0,10.1,-5.6
1972-01-17,10.5,28.4,20.6
1972-01-18,27.1,44.3,36.3
1972-01-19,27.0,44.3,33.9
1972-01-20,24.7,37.0,30.6
1972-01-21,15.7,28.4,21.6
1972-01-22,25.4,48.2,38.9
1972-01-23,24.5,33.9,29.2
1972-01-24,22.5,50.7,31.6
1972-01-25,5.0,29.6,17.5
1972-01-26,3.9,16.2,8.9
1972-01-27,3.6,19.3,10.6
1972-01-28,6.5,18.8,13.2
1972-01-29,-3.5,18.0,6.7
1972-01-30,7.2,17.4,12.4
1972-01-31,-0.7,24.0,12.0
1972-02-01,15.5,27.6,21.2
1972-02-02,20.4,33.9,26.7
1972-02-03,18.3,36.3,29.8
1972-02-04,2.9,16.2,10.3
1972-02-05,-3.2,13.9,6.2
1972-02-06,3.4,17.1,12.6
1972-02-07,-11.4,9.6,-0.9
1972-02-08,-16.2,14.4,0.4
1972-02-09,-10.8,16.8,1.8
1972-02-10,-11.7,19.9,3.7
1972-02-11,-1.7,23.9,11.1
1972-02-12,19.0,40.5,30.9
1972-02-13,26.5,37.6,32.6
1972-02-14,25.7,36.8,30.6
1972-02-15,18.6,34.4,29.4
1972-02-16,6.7,26.1,16.7
1972-02-17,11.8,36.6,23.8
1972-02-18,21.1,33.4,28.0
1972-02-19,-0.0,24.1,15.7
1972-02-20,-5.1,19.9,7.3
1972-02-21,17.7,44.2,32.3
1972-02-22,8.6,22.0,14.7
1972-02-23,12.5,32.0,24.1
1972-02-24,25.1,34.2,30.6
1972-02-25,21.2,30.1,25.3
1972-02-26,9.3,29.2,22.2
1972-02-27,4.3,38.4,24.3
1972-02-28,21.2,43.4,32.4
1972-02-29,24.2,44.9,33.9
1972-03-01,25.2,55.3,46.1
1972-03-02,11.8,19.6,15.7
1972-03-03,4.6,25.7,14.3
1972-03-04,13.9,34.2,24.3
1972-03-05,9.8,22.2,16.8
1972-03-06,7.5,38.7,19.9
1972-03-07,32.1,50.4,42.2
1972-03-08,13.4,27.8,20.7
1972-03-09,11.3,28.4,19.7
1972-03-10,9.2,28.8,19.0
1972-03-11,19.6,56.9,37.5
1972-03-12,30.8,48.3,40.1
1972-03-13,27.5,34.3,31.2
1972-03-14,31.5,38.8,34.2
1972-03-15,29.7,42.4,34.9
1972-03-16,34.4,41.2,37.8
1972-03-17,32.8,41.6,36.3
1972-03-18,24.6,34.6,31.2
1972-03-19,20.2,37.1,27.5
1972-03-20,25.4,51.2,36.7
1972-03-21,34.5,65.1,47.7
1972-03-22,26.6,51.7,34.7
1972-03-23,18.6,27.7,23.7
1972-03-24,16.8,35.5,24.3
1972-03-25,19.5,37.5,27.3
1972-03-26,24.7,42.3,32.1
1972-03-27,23.9,43.0,31.4
1972-03-28,22.0,39.1,29.2
1972-03-29,25.1,39.6,31.7
1972-03-30,27.7,37.3,32.0
1972-03-31,23.9,46.2,34.4
1972-04-01,28.6,39.8,33.3
1972-04-02,24.5,40.7,32.5
1972-04-03,24.8,45.1,34.8
1972-04-04,26.8,36.6,31.2
1972-04-05,29.1,43.2,35.3
1972-04-06,21.5,51.3,33.7
1972-04-07,13.5,23.5,17.7
1972-04-08,10.0,31.1,19.6
1972-04-09,22.5,42.3,31.8
1972-04-10,28.9,56.0,42.1
1972-04-11,33.7,57.9,45.1
1972-04-12,35.5,58.7,46.1
1972-04-13,43.1,67.4,56.3
1972-04-14,35.9,49.3,41.5
1972-04-15,39.1,54.8,47.5
1972-04-16,38.5,49.3,41.9
1972-04-17,33.2,62.3,46.7
1972-04-18,42.0,71.2,56.4
1972-04-19,44.5,68.9,56.7
1972-04-20,37.3,51.4,43.3
1972-04-21,33.8,50.3,41.7
1972-04-22,40.4,51.3,46.6
1972-04-23,36.7,51.9,43.1
1972-04-24,29.8,45.7,37.7
1972-04-25,28.0,49.4,37.6
1972-04-26,28.0,56.7,42.7
1972-04-27,31.3,54.9,42.5
1972-04-28,33.7,62.2,47.6
1972-04-29,40.7,58.0,48.7
1972-04-30,45.5,65.8,54.5
1972-05-01,50.6,72.4,60.0
1972-05-02,53.0,70.5,61.6
1972-05-03,46.5,56.7,51.9
1972-05-04,41.9,52.4,47.2
1972-05-05,34.1,61.2,48.5
1972-05-06,49.7,73.7,61.1
1972-05-07,37.9,53.6,42.0
1972-05-08,39.7,47.5,43.1
1972-05-09,39.9,55.6,46.5
1972-05-10,30.9,60.1,46.4
1972-05-11,38.2,68.8,53.9
1972-05-12,39.2,67.4,53.1
1972-05-13,47.0,63.8,55.6
1972-05-14,56.6,70.4,61.6
1972-05-15,52.5,64.4,58.5
1972-05-16,51.1,65.2,57.0
1972-05-17,49.6,71.4,59.7
1972-05-18,46.6,78.2,63.3
1972-05-19,52.1,75.5,63.4
1972-05-20,50.1,78.4,65.3
1972-05-21,53.9,80.8,67.8
1972-05-22,53.0,74.2,62.9
1972-05-23,53.7,80.0,66.3
1972-05-24,50.6,80.1,66.5
1972-05-25,56.7,72.6,63.5
1972-05-26,53.8,71.1,62.4
1972-05-27,52.5,72.0,61.9
1972-05-28,48.5,77.8,64.7
1972-05-29,53.6,81.1,67.8
1972-05-30,48.4,68.6,60.1
1972-05-31,44.2,50.4,47.0
1972-06-01,44.4,66.8,55.5
1972-06-02,55.0,77.3,66.1
1972-06-03,61.2,79.0,69.9
1972-06-04,54.6,74.1,65.6
1972-06-05,48.6,73.2,61.3
1972-06-06,57.2,72.9,63.5
1972-06-07,48.0,74.8,62.9
1972-06-08,55.6,80.7,68.7
1972-06-09,47.9,67.6,60.5
1972-06-10,42.4,55.7,48.6
1972-06-11,38.0,68.6,54.7
1972-06-12,52.6,68.1,60.3
1972-06-13,59.6,77.4,68.9
1972-06-14,66.5,85.9,76.1
1972-06-15,64.9,76.1,71.3
1972-06-16,52.6,63.9,59.6
1972-06-17,45.4,66.5,56.4
1972-06-18,49.1,72.3,61.6
1972-06-19,53.5,80.2,69.3
1972-06-20,67.4,81.9,73.0
1972-06-21,55.1,66.4,58.9
1972-06-22,45.5,55.0,49.5
1972-06-23,46.2,60.6,54.0
1972-06-24,50.7,61.0,56.3
1972-06-25,55.0,69.4,62.2
1972-06-26,52.0,70.8,62.2
1972-06-27,50.7,76.1,65.2
1972-06-28,55.7,78.1,68.2
1972-06-29,62.7,68.3,65.4
1972-06-30,61.8,75.1,67.8
1972-07-01,61.2,83.3,72.5
1972-07-02,63.6,84.4,73.0
1972-07-03,54.1,68.8,60.9
1972-07-04,49.9,64.5,57.2
1972-07-05,47.8,65.9,57.4
1972-07-06,47.0,69.9,60.4
1972-07-07,53.2,70.5,62.7
1972-07-08,56.1,70.6,63.8
1972-07-09,58.9,78.4,67.7
1972-07-10,64.0,83.9,74.1
1972-07-11,62.8,87.4,76.3
1972-07-12,68.5,86.4,77.6
1972-07-13,68.8,80.4,73.7
1972-07-14,67.6,85.1,76.3
1972-07-15,67.4,78.5,74.4
1972-07-16,62.5,78.3,70.6
1972-07-17,63.0,81.6,73.5
1972-07-18,69.3,86.8,75.8
1972-07-19,68.4,82.8,75.3
1972-07-20,71.2,88.7,80.2
1972-07-21,74.0,88.9,81.3
1972-07-22,72.9,90.1,80.2
1972-07-23,73.4,87.9,80.3
1972-07-24,69.2,84.4,77.3
1972-07-25,63.9,75.4,70.6
1972-07-26,56.7,71.7,63.9
1972-07-27,59.9,69.5,64.1
1972-07-28,55.3,72.4,64.4
1972-07-29,56.8,75.1,65.9
1972-07-30,57.1,77.4,67.7
1972-07-31,57.9,82.4,71.3
1972-08-01,64.8,78.9,72.5
1972-08-02,65.4,78.3,70.4
1972-08-03,59.6,78.1,67.7
1972-08-04,53.2,68.5,60.2
1972-08-05,47.4,73.0,61.5
1972-08-06,57.7,70.8,64.4
1972-08-07,58.6,65.7,63.7
1972-08-08,57.1,64.1,60.9
1972-08-09,55.0,65.5,60.1
1972-08-10,48.2,68.6,59.6
1972-08-11,53.9,72.6,62.9
1972-08-12,62.4,74.4,68.1
1972-08-13,59.9,81.4,70.5
1972-08-14,65.0,82.0,71.2
1972-08-15,58.9,70.6,64.3
1972-08-16,53.4,78.1,67.6
1972-08-17,69.5,83.0,74.6
1972-08-18,69.1,83.3,75.4
1972-08-19,64.0,79.0,70.4
1972-08-20,56.1,80.0,68.8
1972-08-21,59.5,84.0,72.4
1972-08-22,67.6,84.0,74.9
1972-08-23,69.7,80.2,73.1
1972-08-24,68.0,80.5,73.0
1972-08-25,62.9,80.3,71.4
1972-08-26,68.1,78.4,72.2
1972-08-27,64.7,74.8,68.4
1972-08-28,60.6,80.2,70.3
1972-08-29,62.8,79.3,70.4
1972-08-30,57.7,79.7,68.8
1972-08-31,58.5,80.3,70.5
1972-09-01,59.9,82.8,71.6
1972-09-02,58.5,67.3,62.5
1972-09-03,55.8,67.5,60.6
1972-09-04,49.9,66.8,58.7
1972-09-05,50.7,71.2,62.1
1972-09-06,53.3,75.1,65.2
1972-09-07,58.5,78.7,69.0
1972-09-08,58.5,70.7,66.2
1972-09-09,52.6,64.5,58.3
1972-09-10,48.8,68.5,58.6
1972-09-11,59.5,73.2,64.9
1972-09-12,62.2,72.0,66.6
1972-09-13,66.0,79.4,72.3
1972-09-14,54.2,70.4,65.4
1972-09-15,52.3,71.2,61.6
1972-09-16,57.7,76.6,67.8
1972-09-17,67.9,82.9,74.4
1972-09-18,64.8,79.1,69.4
1972-09-19,58.9,70.2,63.5
1972-09-20,55.4,70.3,61.3
1972-09-21,54.1,70.7,59.9
1972-09-22,48.5,59.8,53.5
1972-09-23,46.6,58.0,52.6
1972-09-24,55.8,68.6,62.9
1972-09-25,63.0,71.6,68.0
1972-09-26,66.0,76.3,68.7
1972-09-27,49.5,66.0,57.0
1972-09-28,46.4,71.5,59.6
1972-09-29,53.6,66.0,61.4
1972-09-30,43.8,54.0,48.8
1972-10-01,40.5,59.7,49.9
1972-10-02,46.3,69.0,57.8
1972-10-03,51.8,71.2,60.9
1972-10-04,54.9,67.9,61.0
1972-10-05,55.8,66.7,60.5
1972-10-06,53.1,66.0,58.8
1972-10-07,46.9,56.6,51.3
1972-10-08,43.6,60.5,52.9
1972-10-09,36.7,48.5,42.4
1972-10-10,35.4,53.6,44.7
1972-10-11,46.2,65.8,56.4
1972-10-12,42.1,61.9,53.7
1972-10-13,35.0,54.1,45.0
1972-10-14,43.9,59.8,51.1
1972-10-15,34.8,50.6,43.5
1972-10-16,43.0,59.1,50.5
1972-10-17,32.3,44.8,39.5
1972-10-18,28.8,39.2,33.6
1972-10-19,27.3,41.1,33.3
1972-10-20,23.8,44.2,34.3
1972-10-21,36.0,45.0,40.4
1972-10-22,44.6,52.8,47.7
1972-10-23,45.8,62.5,55.0
1972-10-24,39.3,45.0,42.2
1972-10-25,34.2,45.2,39.6
1972-10-26,34.5,51.8,42.0
1972-10-27,32.3,56.7,44.9
1972-10-28,47.9,52.6,48.9
1972-10-29,40.5,47.6,44.4
1972-10-30,35.7,42.8,38.8
1972-10-31,34.1,43.9,38.8
1972-11-01,41.1,52.6,45.9
1972-11-02,46.6,63.3,53.9
1972-11-03,39.8,51.1,45.8
1972-11-04,41.2,45.6,43.2
1972-11-05,40.5,45.6,42.6
1972-11-06,38.4,54.2,45.1
1972-11-07,45.8,51.1,48.4
1972-11-08,39.3,49.5,45.1
1972-11-09,37.5,44.7,40.6
1972-11-10,38.5,44.7,41.0
1972-11-11,37.9,44.9,41.1
1972-11-12,38.1,45.7,41.5
1972-11-13,34.2,40.1,37.5
1972-11-14,30.5,35.2,33.7
1972-11-15,27.6,32.1,29.5
1972-11-16,18.9,32.8,27.5
1972-11-17,25.3,33.3,29.3
1972-11-18,26.8,35.2,30.9
1972-11-19,25.8,35.2,31.1
1972-11-20,25.9,36.4,32.7
1972-11-21,23.0,35.8,28.8
1972-11-22,18.0,32.8,25.7
1972-11-23,15.4,33.3,24.8
1972-11-24,23.5,35.8,28.7
1972-11-25,26.5,34.8,31.1
1972-11-26,29.5,36.0,32.4
1972-11-27,25.1,34.5,30.2
1972-11-28,20.8,33.4,27.3
1972-11-29,16.6,32.1,23.9
1972-11-30,20.2,35.6,26.8
1972-12-01,23.5,31.0,28.3
1972-12-02,19.6,38.8,29.9
1972-12-03,18.0,36.5,27.5
1972-12-04,17.4,29.5,23.8
1972-12-05,26.5,32.5,29.9
1972-12-06,9.7,33.1,25.1
1972-12-07,-5.3,14.1,5.6
1972-12-08,15.9,31.7,25.9
1972-12-09,24.7,31.1,28.5
1972-12-10,20.7,28.7,26.3
1972-12-11,10.9,20.8,15.3
1972-12-12,12.1,36.9,25.8
1972-12-13,26.0,35.2,30.9
1972-12-14,23.0,28.4,25.3
1972-12-15,22.2,25.2,23.5
1972-12-16,12.0,22.1,19.0
1972-12-17,3.0,17.7,11.9
1972-12-18,17.7,31.9,25.0
1972-12-19,26.7,37.1,33.9
1972-12-20,31.8,34.2,33.0
1972-12-21,31.7,35.5,33.5
1972-12-22,31.5,36.7,33.3
1972-12-23,30.6,36.2,32.9
1972-12-24,30.0,35.5,32.5
1972-12-25,27.3,34.5,31.0
1972-12-26,28.9,34.2,32.1
1972-12-27,22.0,33.5,28.6
1972-12-28,27.3,31.6,29.5
1972-12-29,23.9,37.2,29.5
1972-12-30,38.0,50.0,45.2
1972-12-31,32.5,51.8,42.4
1973-01-01,22.6,31.6,26.8
1973-01-02,21.6,30.0,24.9
1973-01-03,21.1,38.2,29.6
1973-01-04,26.1,43.2,33.0
1973-01-05,13.2,25.5,20.3
1973-01-06,9.1,19.5,13.2
1973-01-07,8.1,20.8,13.8
1973-01-08,13.2,22.6,17.1
1973-01-09,11.8,21.6,16.0
1973-01-10,10.0,19.9,14.2
1973-01-11,10.7,20.7,16.1
1973-01-12,9.6,26.5,16.7
1973-01-13,17.4,37.3,26.5
1973-01-14,28.3,35.1,31.0
1973-01-15,27.3,38.7,31.2
1973-01-16,27.5,45.0,35.4
1973-01-17,37.6,52.5,44.2
1973-01-18,42.6,54.8,47.4
1973-01-19,31.0,49.4,41.3
1973-01-20,20.8,31.3,27.1
1973-01-21,18.5,37.1,27.8
1973-01-22,34.2,46.9,40.6
1973-01-23,29.9,36.9,33.7
1973-01-24,27.7,36.3,30.3
1973-01-25,27.2,49.5,36.4
1973-01-26,28.0,52.6,37.6
1973-01-27,32.3,49.6,39.0
1973-01-28,21.0,34.7,30.8
1973-01-29,16.4,25.5,20.3
1973-01-30,17.6,29.4,23.5
1973-01-31,18.9,32.8,25.9
1973-02-01,33.2,45.5,39.1
1973-02-02,37.5,49.1,44.8
1973-02-03,29.1,39.6,33.2
1973-02-04,30.9,45.5,36.4
1973-02-05,28.9,36.1,32.1
1973-02-06,30.6,39.3,33.7
1973-02-07,26.6,37.6,31.7
1973-02-08,15.3,27.5,21.5
1973-02-09,10.5,26.3,18.4
1973-02-10,12.0,25.7,18.3
1973-02-11,6.3,24.6,15.0
1973-02-12,10.9,29.8,18.7
1973-02-13,14.2,37.0,23.9
1973-02-14,26.1,34.3,30.7
1973-02-15,6.9,30.1,20.2
1973-02-16,-6.7,8.1,2.3
1973-02-17,-18.3,17.0,0.1
1973-02-18,1.5,27.8,15.6
1973-02-19,25.1,36.7,32.0
1973-02-20,25.6,38.4,32.4
1973-02-21,13.6,30.9,25.2
1973-02-22,6.5,25.0,15.6
1973-02-23,4.2,33.5,20.0
1973-02-24,10.9,30.4,22.5
1973-02-25,18.5,28.3,22.6
1973-02-26,14.5,28.1,22.2
1973-02-27,8.3,30.3,17.0
1973-02-28,2.1,34.1,20.0
1973-03-01,31.5,45.6,37.5
1973-03-02,33.6,49.7,40.5
1973-03-03,36.7,52.4,43.0
1973-03-04,34.3,48.7,42.5
1973-03-05,33.3,44.9,38.5
1973-03-06,37.6,60.3,46.7
1973-03-07,45.0,60.2,52.7
1973-03-08,39.0,56.8,47.0
1973-03-09,32.4,45.6,38.9
1973-03-10,38.6,54.2,44.7
1973-03-11,50.7,67.2,57.3
1973-03-12,42.7,51.9,46.3
1973-03-13,39.5,49.5,43.5
1973-03-14,39.8,62.5,51.3
1973-03-15,49.1,62.6,57.1
1973-03-16,33.7,51.0,43.7
1973-03-17,23.5,33.1,27.6
1973-03-18,22.0,33.3,26.4
1973-03-19,17.2,38.4,27.1
1973-03-20,14.6,36.1,25.3
1973-03-21,18.3,36.1,26.6
1973-03-22,16.0,37.0,26.5
1973-03-23,12.2,39.3,27.4
1973-03-24,20.8,44.3,34.0
1973-03-25,33.3,45.0,38.5
1973-03-26,32.8,54.0,42.6
1973-03-27,28.7,50.9,38.5
1973-03-28,30.1,55.0,43.0
1973-03-29,41.7,60.3,50.6
1973-03-30,44.1,52.2,49.2
1973-03-31,41.6,51.4,46.3
1973-04-01,45.6,61.4,53.3
1973-04-02,42.6,51.7,46.2
1973-04-03,40.0,46.3,42.7
1973-04-04,35.3,42.9,38.9
1973-04-05,33.4,50.5,40.8
1973-04-06,40.1,60.8,49.0
1973-04-07,39.4,55.6,46.5
1973-04-08,33.5,48.8,40.3
1973-04-09,31.0,41.4,36.8
1973-04-10,28.3,37.2,33.0
1973-04-11,24.3,42.7,33.2
1973-04-12,30.1,45.0,36.8
1973-04-13,24.7,43.2,33.7
1973-04-14,26.2,52.2,39.6
1973-04-15,32.2,63.3,48.9
1973-04-16,43.7,62.2,54.9
1973-04-17,34.3,59.0,47.8
1973-04-18,44.0,65.5,55.1
1973-04-19,54.2,68.6,59.8
1973-04-20,53.3,74.1,63.5
1973-04-21,59.8,73.5,66.4
1973-04-22,54.4,65.6,62.5
1973-04-23,45.1,64.7,54.9
1973-04-24,40.6,55.5,48.2
1973-04-25,38.4,58.1,47.6
1973-04-26,39.7,61.1,50.4
1973-04-27,44.6,52.9,47.7
1973-04-28,37.0,53.9,45.4
1973-04-29,34.1,55.0,45.7
1973-04-30,46.8,64.4,54.3
1973-05-01,52.8,67.7,61.0
1973-05-02,52.9,70.3,61.2
1973-05-03,38.5,51.4,44.0
1973-05-04,35.2,53.4,43.3
1973-05-05,35.9,59.5,48.0
1973-05-06,39.0,63.5,52.7
1973-05-07,51.6,67.6,58.0
1973-05-08,55.4,70.4,60.9
1973-05-09,53.4,73.6,62.7
1973-05-10,54.9,71.1,61.2
1973-05-11,49.5,62.2,55.2
1973-05-12,46.8,57.9,52.1
1973-05-13,40.6,51.6,45.3
1973-05-14,37.4,54.2,45.8
1973-05-15,36.8,55.2,46.9
1973-05-16,43.2,59.0,49.2
1973-05-17,35.2,52.3,43.7
1973-05-18,32.7,60.9,47.5
1973-05-19,43.0,58.1,51.9
1973-05-20,45.8,66.6,56.2
1973-05-21,44.3,70.3,58.2
1973-05-22,53.5,62.1,57.9
1973-05-23,56.0,61.9,58.1
1973-05-24,50.4,70.2,60.0
1973-05-25,56.3,66.3,60.8
1973-05-26,52.1,66.6,60.2
1973-05-27,55.0,67.1,61.1
1973-05-28,57.6,72.1,63.7
1973-05-29,55.4,64.2,59.0
1973-05-30,48.2,58.0,53.6
1973-05-31,48.3,72.1,61.2
1973-06-01,57.5,76.6,66.5
1973-06-02,53.9,74.2,65.0
1973-06-03,61.4,77.0,67.4
1973-06-04,65.5,81.3,71.9
1973-06-05,66.7,78.1,70.9
1973-06-06,60.7,69.4,65.8
1973-06-07,56.4,78.3,67.7
1973-06-08,62.7,80.5,72.1
1973-06-09,64.2,82.1,73.9
1973-06-10,56.5,86.7,73.3
1973-06-11,69.0,85.7,77.4
1973-06-12,68.8,85.4,74.9
1973-06-13,60.9,75.1,67.6
1973-06-14,55.8,78.3,68.0
1973-06-15,58.5,80.6,70.5
1973-06-16,66.5,83.2,73.0
1973-06-17,62.6,72.8,66.5
1973-06-18,60.3,76.9,68.9
1973-06-19,66.4,82.5,73.7
1973-06-20,65.4,78.7,71.5
1973-06-21,61.6,76.4,69.6
1973-06-22,60.2,73.9,67.7
1973-06-23,57.9,73.3,65.2
1973-06-24,59.7,73.4,66.4
1973-06-25,56.0,77.2,67.9
1973-06-26,65.7,83.3,72.1
1973-06-27,64.5,77.4,69.4
1973-06-28,61.2,70.5,65.0
1973-06-29,58.6,68.4,62.3
1973-06-30,57.5,72.1,65.2
1973-07-01,55.3,80.4,68.9
1973-07-02,64.0,85.8,73.8
1973-07-03,68.9,84.1,76.1
1973-07-04,62.2,77.9,71.3
1973-07-05,59.5,76.4,68.4
1973-07-06,58.2,81.2,70.7
1973-07-07,65.8,85.1,75.9
1973-07-08,68.3,87.5,78.2
1973-07-09,71.7,85.5,77.9
1973-07-10,67.6,81.1,72.3
1973-07-11,58.1,70.5,65.5
1973-07-12,52.3,74.8,64.3
1973-07-13,71.0,89.2,79.3
1973-07-14,67.2,79.1,73.5
1973-07-15,61.4,74.8,68.1
1973-07-16,55.8,74.2,66.3
1973-07-17,54.9,78.7,68.2
1973-07-18,59.0,81.4,71.3
1973-07-19,64.7,83.6,74.4
1973-07-20,67.7,75.7,71.1
1973-07-21,66.3,77.1,70.9
1973-07-22,63.4,79.4,71.6
1973-07-23,64.0,80.8,72.6
1973-07-24,67.9,84.0,75.3
1973-07-25,68.7,83.9,75.9
1973-07-26,70.0,80.0,73.7
1973-07-27,67.8,81.8,73.8
1973-07-28,64.9,74.2,69.9
1973-07-29,59.1,77.9,68.8
1973-07-30,62.6,80.6,69.9
1973-07-31,65.6,75.2,69.8
1973-08-01,64.8,78.3,69.7
1973-08-02,61.5,73.3,67.6
1973-08-03,59.7,75.7,68.0
1973-08-04,57.9,79.9,70.0
1973-08-05,58.0,81.9,71.4
1973-08-06,65.5,82.0,74.1
1973-08-07,65.3,82.6,74.5
1973-08-08,69.3,86.3,77.6
1973-08-09,71.5,83.3,76.7
1973-08-10,68.0,80.7,74.3
1973-08-11,64.8,81.4,72.3
1973-08-12,62.0,78.6,71.0
1973-08-13,59.5,80.2,70.8
1973-08-14,65.1,77.8,71.3
1973-08-15,63.1,78.4,70.4
1973-08-16,57.5,79.4,69.4
1973-08-17,63.8,80.2,71.3
1973-08-18,63.0,80.1,71.2
1973-08-19,63.0,81.1,72.5
1973-08-20,65.8,77.3,70.6
1973-08-21,60.4,68.7,64.7
1973-08-22,54.8,69.4,62.4
1973-08-23,52.2,68.2,61.3
1973-08-24,60.3,73.7,65.3
1973-08-25,59.4,80.8,70.0
1973-08-26,69.7,88.6,78.7
1973-08-27,74.6,92.6,82.6
1973-08-28,74.9,91.8,82.8
1973-08-29,71.7,89.3,80.3
1973-08-30,69.4,86.7,78.1
1973-08-31,69.5,87.3,78.5
1973-09-01,70.8,87.6,79.4
1973-09-02,71.2,89.5,80.0
1973-09-03,72.2,89.2,80.7
1973-09-04,68.9,89.2,79.5
1973-09-05,68.8,84.0,75.8
1973-09-06,63.8,75.3,69.2
1973-09-07,57.1,73.7,65.6
1973-09-08,54.5,70.4,63.1
1973-09-09,58.5,70.4,62.9
1973-09-10,51.7,76.2,64.3
1973-09-11,61.2,74.5,67.7
1973-09-12,51.9,68.6,61.7
1973-09-13,53.0,71.7,62.4
1973-09-14,58.1,74.5,65.1
1973-09-15,51.1,73.7,62.8
1973-09-16,53.9,64.7,58.5
1973-09-17,49.3,60.9,54.3
1973-09-18,46.6,63.3,54.3
1973-09-19,44.2,63.3,55.1
1973-09-20,48.1,58.7,54.4
1973-09-21,43.5,61.4,52.5
1973-09-22,55.9,75.5,66.1
1973-09-23,53.7,68.4,60.6
1973-09-24,48.6,68.6,57.8
1973-09-25,55.4,78.9,66.6
1973-09-26,65.8,83.4,73.8
1973-09-27,64.0,82.5,72.3
1973-09-28,58.1,67.7,60.7
1973-09-29,56.1,64.7,60.5
1973-09-30,51.6,65.1,57.6
1973-10-01,52.8,65.9,59.7
1973-10-02,59.6,69.6,63.8
1973-10-03,57.9,69.6,63.3
1973-10-04,57.0,70.0,63.7
1973-10-05,48.8,64.3,57.3
1973-10-06,43.8,64.4,54.4
1973-10-07,54.2,67.3,59.7
1973-10-08,56.0,71.9,62.9
1973-10-09,54.5,72.0,62.7
1973-10-10,58.5,74.5,64.7
1973-10-11,56.9,74.7,64.8
1973-10-12,57.5,75.8,66.1
1973-10-13,59.3,64.5,62.3
1973-10-14,52.2,65.8,59.0
1973-10-15,52.7,65.9,59.6
1973-10-16,43.2,52.4,48.4
1973-10-17,40.3,53.1,46.1
1973-10-18,40.1,52.2,47.6
1973-10-19,34.1,62.4,49.8
1973-10-20,45.9,54.8,51.3
1973-10-21,39.1,58.1,47.5
1973-10-22,41.5,63.1,50.9
1973-10-23,40.6,67.0,52.5
1973-10-24,43.2,68.6,55.6
1973-10-25,53.0,71.1,60.2
1973-10-26,48.9,60.8,56.0
1973-10-27,42.3,58.9,50.3
1973-10-28,48.1,52.3,50.6
1973-10-29,47.3,50.0,48.7
1973-10-30,47.9,53.2,50.1
1973-10-31,47.9,54.9,50.3
1973-11-01,42.4,50.9,45.7
1973-11-02,41.4,50.3,45.0
1973-11-03,36.3,46.6,40.9
1973-11-04,30.6,43.0,37.5
1973-11-05,29.7,36.5,33.5
1973-11-06,27.0,37.1,30.8
1973-11-07,25.8,42.2,33.0
1973-11-08,30.8,41.3,37.1
1973-11-09,28.0,35.2,30.6
1973-11-10,25.4,37.0,30.6
1973-11-11,29.3,37.4,33.4
1973-11-12,35.9,51.3,43.8
1973-11-13,46.8,59.5,52.7
1973-11-14,48.2,62.1,55.3
1973-11-15,35.9,58.5,46.5
1973-11-16,30.2,37.0,34.0
1973-11-17,25.9,41.5,33.2
1973-11-18,33.9,45.1,39.2
1973-11-19,40.5,47.1,43.6
1973-11-20,38.4,49.0,43.0
1973-11-21,45.4,58.2,51.3
1973-11-22,36.7,55.8,46.3
1973-11-23,39.7,54.4,46.7
1973-11-24,38.4,61.2,48.2
1973-11-25,36.3,45.2,41.0
1973-11-26,37.8,45.0,41.3
1973-11-27,44.3,55.8,48.7
1973-11-28,36.2,47.8,42.5
1973-11-29,30.9,39.4,35.2
1973-11-30,33.8,51.2,41.0
1973-12-01,28.7,38.7,32.9
1973-12-02,29.8,47.1,38.0
1973-12-03,46.0,57.7,51.4
1973-12-04,47.8,54.2,51.1
1973-12-05,33.3,53.4,43.1
1973-12-06,29.3,34.2,31.8
1973-12-07,27.2,33.3,30.4
1973-12-08,27.2,36.7,30.8
1973-12-09,26.1,37.8,31.3
1973-12-10,25.2,32.2,29.1
1973-12-11,23.2,29.8,26.4
1973-12-12,23.1,34.9,27.6
1973-12-13,26.7,34.3,31.2
1973-12-14,20.9,25.5,23.1
1973-12-15,18.5,24.5,21.2
1973-12-16,16.0,23.4,19.2
1973-12-17,10.6,20.9,15.8
1973-12-18,4.5,25.9,14.6
1973-12-19,18.0,24.1,20.8
1973-12-20,18.3,27.0,23.4
1973-12-21,12.9,23.1,17.1
1973-12-22,11.3,25.3,16.9
1973-12-23,22.7,33.2,26.8
1973-12-24,17.3,33.7,25.1
1973-12-25,34.1,44.9,38.9
1973-12-26,22.7,36.0,31.7
1973-12-27,29.8,35.9,33.4
1973-12-28,25.6,34.8,30.2
1973-12-29,19.9,35.1,30.9
1973-12-30,15.2,22.5,18.5
1973-12-31,13.4,22.1,17.3
1974-01-01,3.8,20.3,13.7
1974-01-02,-2.7,18.0,8.2
1974-01-03,9.8,23.6,16.0
1974-01-04,6.2,23.3,13.7
1974-01-05,-1.2,24.1,11.5
1974-01-06,10.7,24.4,16.9
1974-01-07,5.4,18.6,14.6
1974-01-08,-6.8,17.4,6.6
1974-01-09,16.4,24.4,20.7
1974-01-10,19.0,27.0,23.0
1974-01-11,16.5,27.3,23.2
1974-01-12,1.6,18.9,13.0
1974-01-13,-3.6,16.7,6.5
1974-01-14,17.8,32.1,25.3
1974-01-15,25.6,39.9,31.7
1974-01-16,28.8,41.7,35.3
1974-01-17,15.1,31.4,25.0
1974-01-18,15.2,35.1,27.8
1974-01-19,27.8,34.6,30.6
1974-01-20,28.8,50.5,38.9
1974-01-21,33.5,50.5,39.4
1974-01-22,32.3,43.0,35.5
1974-01-23,26.4,42.4,34.6
1974-01-24,25.4,42.2,31.7
1974-01-25,26.9,46.8,34.9
1974-01-26,26.7,53.9,38.7
1974-01-27,33.7,50.6,39.9
1974-01-28,30.7,33.8,32.2
1974-01-29,27.6,34.5,30.6
1974-01-30,31.8,50.5,40.0
1974-01-31,22.3,44.0,35.6
1974-02-01,21.4,24.5,22.5
1974-02-02,16.0,24.8,20.0
1974-02-03,10.1,24.5,17.6
1974-02-04,1.8,19.9,14.0
1974-02-05,-4.3,17.4,7.6
1974-02-06,13.8,19.1,16.3
1974-02-07,3.7,21.3,14.4
1974-02-08,-8.5,23.3,8.4
1974-02-09,6.9,23.2,13.3
1974-02-10,4.6,30.9,17.6
1974-02-11,7.2,23.1,16.4
1974-02-12,22.1,38.8,29.4
1974-02-13,25.2,40.0,32.9
1974-02-14,7.8,23.0,15.7
1974-02-15,-1.1,21.4,10.7
1974-02-16,6.8,35.1,23.2
1974-02-17,17.6,32.5,23.9
1974-02-18,4.0,38.8,24.2
1974-02-19,30.0,37.4,34.5
1974-02-20,17.1,41.1,28.9
1974-02-21,24.2,41.5,32.9
1974-02-22,21.1,47.7,37.4
1974-02-23,14.6,26.1,19.9
1974-02-24,11.9,24.5,17.1
1974-02-25,8.3,27.0,17.0
1974-02-26,17.3,35.9,25.5
1974-02-27,26.0,47.1,35.4
1974-02-28,32.5,52.6,42.9
1974-03-01,31.1,40.7,34.6
1974-03-02,33.0,56.1,43.4
1974-03-03,47.9,68.3,59.4
1974-03-04,37.3,58.5,45.1
1974-03-05,36.2,50.9,41.8
1974-03-06,37.6,58.3,48.9
1974-03-07,36.8,58.6,51.4
1974-03-08,33.2,37.9,35.3
1974-03-09,33.1,59.2,43.1
1974-03-10,27.7,43.0,35.5
1974-03-11,25.4,41.0,33.4
1974-03-12,23.2,38.7,32.2
1974-03-13,21.2,34.5,26.3
1974-03-14,21.3,40.6,29.4
1974-03-15,28.6,40.6,33.9
1974-03-16,29.2,39.2,34.4
1974-03-17,27.1,41.3,32.4
1974-03-18,26.5,44.8,35.6
1974-03-19,29.3,40.7,36.0
1974-03-20,24.8,36.7,30.5
1974-03-21,26.6,35.9,30.5
1974-03-22,26.1,42.4,34.1
1974-03-23,18.2,36.7,28.5
1974-03-24,7.9,21.6,16.3
1974-03-25,6.4,31.4,19.7
1974-03-26,27.0,42.9,33.4
1974-03-27,25.8,41.7,33.7
1974-03-28,28.6,34.0,31.3
1974-03-29,29.1,42.1,34.8
1974-03-30,33.5,43.7,38.6
1974-03-31,31.9,49.2,38.9
1974-04-01,35.1,48.0,40.4
1974-04-02,37.0,62.2,50.6
1974-04-03,43.5,67.4,56.1
1974-04-04,38.7,61.4,53.8
1974-04-05,32.4,37.8,34.9
1974-04-06,28.2,48.7,38.3
1974-04-07,30.9,44.2,40.0
1974-04-08,26.4,38.8,32.1
1974-04-09,24.3,41.7,32.0
1974-04-10,24.4,54.2,39.7
1974-04-11,40.7,53.6,47.2
1974-04-12,46.6,66.4,55.7
1974-04-13,52.4,67.9,60.5
1974-04-14,37.5,63.3,52.9
1974-04-15,36.4,50.4,42.2
1974-04-16,31.8,56.3,45.0
1974-04-17,35.7,62.1,49.6
1974-04-18,37.5,58.5,48.6
1974-04-19,31.1,52.1,41.1
1974-04-20,29.8,63.7,48.1
1974-04-21,50.1,69.5,59.0
1974-04-22,44.3,64.4,58.0
1974-04-23,39.8,45.4,42.3
1974-04-24,34.2,53.3,42.8
1974-04-25,29.8,56.6,44.9
1974-04-26,41.5,68.5,55.4
1974-04-27,46.4,75.2,60.8
1974-04-28,60.6,71.2,66.4
1974-04-29,59.5,71.5,64.5
1974-04-30,52.6,69.0,60.3
1974-05-01,44.0,61.4,52.5
1974-05-02,42.3,60.8,51.4
1974-05-03,45.8,61.2,53.4
1974-05-04,35.9,56.2,47.1
1974-05-05,40.0,58.5,49.5
1974-05-06,36.8,49.0,42.3
1974-05-07,30.7,52.2,42.2
1974-05-08,38.8,44.8,41.8
1974-05-09,40.2,49.9,44.0
1974-05-10,36.0,57.9,48.1
1974-05-11,44.2,71.9,57.4
1974-05-12,48.3,63.4,55.6
1974-05-13,41.7,53.2,47.9
1974-05-14,49.6,75.4,62.9
1974-05-15,48.7,63.7,57.8
1974-05-16,43.2,72.1,58.3
1974-05-17,55.5,70.6,64.5
1974-05-18,49.1,69.7,59.3
1974-05-19,48.7,66.7,58.0
1974-05-20,48.5,67.7,58.2
1974-05-21,49.9,80.2,66.2
1974-05-22,63.5,74.9,67.9
1974-05-23,60.0,73.2,66.2
1974-05-24,53.8,62.1,58.1
1974-05-25,50.9,60.3,55.0
1974-05-26,44.1,63.2,53.9
1974-05-27,43.7,64.7,55.7
1974-05-28,49.1,67.4,59.2
1974-05-29,61.2,75.2,65.6
1974-05-30,56.0,73.1,64.7
1974-05-31,59.8,73.5,66.8
1974-06-01,51.7,70.1,61.6
1974-06-02,50.5,72.8,62.5
1974-06-03,52.9,74.5,64.3
1974-06-04,58.5,80.2,69.9
1974-06-05,60.6,80.2,70.4
1974-06-06,63.6,77.9,71.0
1974-06-07,66.3,82.8,74.4
1974-06-08,67.7,76.8,71.3
1974-06-09,66.5,84.1,75.0
1974-06-10,56.8,75.1,68.4
1974-06-11,52.9,68.2,58.7
1974-06-12,50.2,67.9,59.1
1974-06-13,53.5,70.9,61.0
1974-06-14,55.2,75.2,65.4
1974-06-15,58.5,72.4,64.0
1974-06-16,51.5,64.8,57.5
1974-06-17,47.9,62.1,55.3
1974-06-18,52.9,72.2,62.1
1974-06-19,60.1,76.7,67.2
1974-06-20,60.9,82.8,72.1
1974-06-21,67.5,83.0,73.8
1974-06-22,59.4,74.7,67.0
1974-06-23,53.6,62.7,58.2
1974-06-24,51.7,67.0,58.8
1974-06-25,51.6,69.8,60.7
1974-06-26,55.4,72.7,63.5
1974-06-27,53.3,72.4,63.5
1974-06-28,54.8,72.8,64.7
1974-06-29,54.8,77.3,68.0
1974-06-30,63.8,80.1,71.8
1974-07-01,59.5,82.5,71.5
1974-07-02,68.4,87.5,78.0
1974-07-03,75.4,90.1,82.2
1974-07-04,69.5,87.3,77.6
1974-07-05,62.3,76.1,68.9
1974-07-06,58.4,81.1,70.1
1974-07-07,59.0,86.7,74.4
1974-07-08,66.3,90.9,79.5
1974-07-09,72.3,90.9,81.7
1974-07-10,66.2,82.8,75.4
1974-07-11,60.1,76.6,68.0
1974-07-12,52.2,82.1,68.4
1974-07-13,59.7,87.2,73.8
1974-07-14,73.8,93.8,82.6
1974-07-15,67.8,80.2,74.3
1974-07-16,58.0,80.3,69.9
1974-07-17,60.7,84.8,73.8
1974-07-18,72.1,89.6,80.5
1974-07-19,70.6,86.9,78.3
1974-07-20,62.4,75.4,69.1
1974-07-21,54.6,79.0,67.5
1974-07-22,62.1,74.2,67.1
1974-07-23,63.9,74.9,68.8
1974-07-24,58.7,79.9,69.8
1974-07-25,60.3,81.5,71.9
1974-07-26,64.7,83.0,74.5
1974-07-27,66.0,88.9,77.0
1974-07-28,60.0,88.9,76.4
1974-07-29,67.2,79.7,74.0
1974-07-30,61.2,77.3,69.1
1974-07-31,60.8,77.8,69.6
1974-08-01,59.3,78.2,69.1
1974-08-02,62.7,84.5,71.5
1974-08-03,66.2,78.2,71.3
1974-08-04,58.6,69.8,65.0
1974-08-05,57.9,74.1,65.9
1974-08-06,55.7,80.0,69.0
1974-08-07,57.8,80.2,70.4
1974-08-08,63.6,77.6,69.2
1974-08-09,61.4,80.0,69.3
1974-08-10,64.6,78.1,71.3
1974-08-11,67.5,78.2,71.0
1974-08-12,66.5,82.8,74.3
1974-08-13,67.5,81.9,74.4
1974-08-14,59.7,77.3,68.4
1974-08-15,56.9,80.1,69.5
1974-08-16,61.1,86.1,73.2
1974-08-17,66.3,79.5,72.0
1974-08-18,58.5,80.6,70.4
1974-08-19,60.7,82.5,72.6
1974-08-20,63.6,86.1,75.6
1974-08-21,65.3,86.6,76.7
1974-08-22,63.3,85.7,75.6
1974-08-23,66.3,80.3,73.4
1974-08-24,64.0,73.0,67.7
1974-08-25,62.9,78.4,70.0
1974-08-26,62.2,87.5,74.4
1974-08-27,67.1,81.3,73.6
1974-08-28,61.1,71.5,66.5
1974-08-29,58.0,74.3,66.4
1974-08-30,60.2,78.9,69.7
1974-08-31,60.4,74.8,69.1
1974-09-01,55.8,71.5,63.5
1974-09-02,50.0,59.7,55.9
1974-09-03,49.2,61.8,54.9
1974-09-04,45.2,64.9,56.4
1974-09-05,47.0,68.0,58.3
1974-09-06,50.9,70.2,60.1
1974-09-07,51.6,70.9,62.0
1974-09-08,55.4,76.0,66.6
1974-09-09,59.8,79.4,69.4
1974-09-10,60.0,78.5,69.9
1974-09-11,65.4,81.5,72.9
1974-09-12,66.9,79.3,72.0
1974-09-13,58.8,70.0,66.1
1974-09-14,51.9,61.2,57.0
1974-09-15,51.2,72.0,60.3
1974-09-16,47.6,66.7,57.8
1974-09-17,54.4,76.4,64.1
1974-09-18,52.7,65.4,58.5
1974-09-19,51.3,79.0,65.4
1974-09-20,56.8,64.7,61.0
1974-09-21,51.2,63.0,56.6
1974-09-22,42.1,53.5,47.4
1974-09-23,35.2,56.3,47.2
1974-09-24,42.1,63.2,52.3
1974-09-25,49.5,64.3,56.6
1974-09-26,45.7,75.4,60.1
1974-09-27,53.0,73.8,62.9
1974-09-28,62.2,72.9,66.0
1974-09-29,49.2,63.6,57.3
1974-09-30,44.8,55.0,49.7
1974-10-01,37.2,50.1,44.8
1974-10-02,32.7,46.4,39.0
1974-10-03,29.4,49.5,39.8
1974-10-04,38.5,64.3,50.6
1974-10-05,51.8,69.6,59.3
1974-10-06,52.0,72.3,61.3
1974-10-07,44.3,51.8,48.0
1974-10-08,35.3,56.8,46.6
1974-10-09,45.1,62.2,52.0
1974-10-10,41.1,66.0,52.4
1974-10-11,43.5,69.9,56.6
1974-10-12,48.3,62.8,56.7
1974-10-13,41.5,56.5,49.7
1974-10-14,53.2,61.4,58.6
1974-10-15,40.0,53.2,48.2
1974-10-16,35.4,57.7,46.6
1974-10-17,41.3,57.9,50.4
1974-10-18,34.9,44.3,38.9
1974-10-19,26.0,43.2,34.7
1974-10-20,29.5,39.7,33.8
1974-10-21,24.6,46.0,34.9
1974-10-22,36.5,60.9,47.3
1974-10-23,43.2,59.4,52.0
1974-10-24,36.0,61.4,49.6
1974-10-25,45.7,59.2,55.0
1974-10-26,37.8,60.3,48.6
1974-10-27,41.5,63.1,50.1
1974-10-28,41.2,66.4,52.4
1974-10-29,47.4,61.2,55.1
1974-10-30,57.7,69.5,62.3
1974-10-31,58.8,72.9,65.3
1974-11-01,52.6,70.3,64.9
1974-11-02,51.8,68.1,58.5
1974-11-03,51.6,58.5,55.2
1974-11-04,43.3,51.0,46.2
1974-11-05,40.7,43.7,42.3
1974-11-06,38.5,44.3,41.1
1974-11-07,33.7,51.9,41.8
1974-11-08,34.6,56.6,43.4
1974-11-09,33.6,55.8,42.8
1974-11-10,40.8,52.6,46.4
1974-11-11,44.5,50.6,47.9
1974-11-12,35.6,46.6,41.4
1974-11-13,33.2,38.9,35.3
1974-11-14,23.0,32.9,28.8
1974-11-15,22.4,31.2,26.5
1974-11-16,21.9,39.8,31.4
1974-11-17,34.7,46.4,39.4
1974-11-18,35.3,52.4,42.0
1974-11-19,38.3,54.0,47.0
1974-11-20,36.1,50.7,44.9
1974-11-21,34.6,41.9,37.3
1974-11-22,28.8,43.2,35.6
1974-11-23,33.3,58.3,45.2
1974-11-24,34.5,57.5,48.5
1974-11-25,25.3,34.0,30.7
1974-11-26,20.6,31.5,25.7
1974-11-27,26.1,32.6,29.4
1974-11-28,27.4,36.4,31.0
1974-11-29,25.2,36.8,30.5
1974-11-30,27.7,33.0,29.8
1974-12-01,29.2,32.7,30.6
1974-12-02,29.2,37.3,32.9
1974-12-03,22.8,30.8,27.4
1974-12-04,12.8,28.0,19.4
1974-12-05,8.1,29.3,16.5
1974-12-06,9.4,28.2,19.0
1974-12-07,24.5,35.2,30.8
1974-12-08,24.4,35.6,31.8
1974-12-09,17.6,26.2,21.5
1974-12-10,14.3,32.2,22.3
1974-12-11,15.7,32.6,25.6
1974-12-12,31.9,36.4,33.6
1974-12-13,30.9,35.7,32.8
1974-12-14,28.0,36.2,31.5
1974-12-15,27.5,35.7,32.4
1974-12-16,32.5,36.2,34.2
1974-12-17,24.4,33.7,30.5
1974-12-18,19.7,28.0,23.9
1974-12-19,22.9,32.0,27.7
1974-12-20,24.2,30.7,27.0
1974-12-21,19.5,31.1,26.0
1974-12-22,22.2,30.3,27.0
1974-12-23,31.4,39.8,35.8
1974-12-24,29.2,37.0,32.8
1974-12-25,23.5,30.8,27.8
1974-12-26,19.3,25.2,21.9
1974-12-27,20.8,33.2,28.3
1974-12-28,27.7,32.6,30.2
1974-12-29,30.5,37.0,33.4
1974-12-30,17.4,35.2,30.4
1974-12-31,16.0,32.6,26.8
1975-01-01,24.4,33.0,30.3
1975-01-02,14.8,27.9,22.7
1975-01-03,27.1,35.4,31.6
1975-01-04,24.8,33.4,30.1
1975-01-05,14.0,30.7,22.1
1975-01-06,23.3,34.3,29.8
1975-01-07,30.2,37.6,33.7
1975-01-08,35.2,43.3,39.4
1975-01-09,32.5,37.5,34.3
1975-01-10,31.9,54.3,42.7
1975-01-11,22.6,55.0,39.4
1975-01-12,17.0,24.5,20.5
1975-01-13,13.7,20.2,17.0
1975-01-14,14.8,22.1,17.7
1975-01-15,14.5,31.0,22.1
1975-01-16,16.8,27.7,23.5
1975-01-17,15.2,31.9,23.1
1975-01-18,26.8,35.9,31.2
1975-01-19,15.1,30.4,26.3
1975-01-20,0.6,20.0,11.9
1975-01-21,13.2,35.2,26.9
1975-01-22,19.5,32.7,25.3
1975-01-23,15.5,32.5,23.9
1975-01-24,23.8,42.3,32.9
1975-01-25,30.3,39.5,36.3
1975-01-26,22.7,29.5,27.1
1975-01-27,20.0,34.8,27.1
1975-01-28,25.0,37.6,30.5
1975-01-29,27.4,50.9,36.8
1975-01-30,23.5,33.3,28.7
1975-01-31,27.3,34.4,30.2
1975-02-01,25.3,33.2,28.3
1975-02-02,21.7,34.0,27.6
1975-02-03,22.0,32.8,26.0
1975-02-04,23.3,33.9,28.2
1975-02-05,29.6,34.6,31.4
1975-02-06,16.7,34.0,26.9
1975-02-07,9.0,18.1,14.4
1975-02-08,10.0,21.7,17.9
1975-02-09,1.4,14.9,7.5
1975-02-10,-7.1,17.2,6.0
1975-02-11,17.3,30.5,22.4
1975-02-12,15.4,32.3,22.6
1975-02-13,4.2,23.1,13.4
1975-02-14,9.2,31.8,19.1
1975-02-15,21.2,30.0,26.1
1975-02-16,27.3,36.6,31.3
1975-02-17,29.7,37.5,33.4
1975-02-18,30.3,34.6,32.4
1975-02-19,27.0,34.8,30.7
1975-02-20,19.0,35.3,27.6
1975-02-21,21.5,42.0,31.8
1975-02-22,35.1,45.3,38.6
1975-02-23,36.0,39.2,37.1
1975-02-24,31.4,40.8,37.0
1975-02-25,30.1,36.4,32.6
1975-02-26,26.3,34.7,30.6
1975-02-27,20.7,31.0,25.4
1975-02-28,23.3,36.2,29.7
1975-03-01,18.5,29.1,23.1
1975-03-02,16.6,30.4,22.3
1975-03-03,15.2,27.4,20.6
1975-03-04,17.2,33.6,24.5
1975-03-05,19.8,39.4,29.4
1975-03-06,30.1,40.4,34.4
1975-03-07,28.3,35.2,31.7
1975-03-08,10.8,26.8,21.1
1975-03-09,-2.1,29.0,15.1
1975-03-10,14.5,30.6,23.2
1975-03-11,11.5,32.3,23.6
1975-03-12,26.8,41.5,34.5
1975-03-13,17.9,31.7,25.3
1975-03-14,20.1,29.1,24.0
1975-03-15,7.4,40.6,25.7
1975-03-16,23.2,44.1,32.6
1975-03-17,23.2,47.8,34.1
1975-03-18,29.9,54.2,41.2
1975-03-19,36.3,50.4,42.9
1975-03-20,32.5,54.5,41.7
1975-03-21,30.5,41.1,35.2
1975-03-22,37.0,52.7,42.9
1975-03-23,28.0,46.1,37.2
1975-03-24,36.9,63.1,46.6
1975-03-25,26.8,39.8,34.5
1975-03-26,20.7,31.9,25.8
1975-03-27,21.5,33.2,26.7
1975-03-28,28.4,35.4,31.3
1975-03-29,29.5,40.1,34.8
1975-03-30,22.5,32.4,27.8
1975-03-31,21.4,49.3,33.3
1975-04-01,29.9,45.3,39.2
1975-04-02,27.7,33.3,30.6
1975-04-03,20.6,33.4,26.6
1975-04-04,15.0,32.1,22.0
1975-04-05,12.6,33.6,22.6
1975-04-06,17.5,34.9,26.0
1975-04-07,20.6,41.8,29.6
1975-04-08,22.3,42.6,30.8
1975-04-09,24.6,41.9,31.9
1975-04-10,28.4,44.8,34.6
1975-04-11,23.4,42.3,32.8
1975-04-12,23.5,41.8,32.8
1975-04-13,23.4,46.1,34.8
1975-04-14,26.0,45.0,36.2
1975-04-15,32.5,48.5,40.0
1975-04-16,31.4,54.3,43.5
1975-04-17,31.3,56.3,44.8
1975-04-18,47.0,68.7,60.1
1975-04-19,43.0,64.0,48.8
1975-04-20,37.8,46.8,42.5
1975-04-21,29.1,48.7,39.1
1975-04-22,34.7,54.1,44.0
1975-04-23,39.5,58.1,50.3
1975-04-24,47.4,62.8,56.0
1975-04-25,37.8,55.7,46.0
1975-04-26,33.6,57.4,45.2
1975-04-27,33.7,52.7,44.3
1975-04-28,39.8,45.3,42.3
1975-04-29,41.0,67.1,52.2
1975-04-30,47.8,71.0,58.2
1975-05-01,48.0,64.0,56.0
1975-05-02,41.4,65.7,54.8
1975-05-03,45.7,65.6,54.7
1975-05-04,48.7,53.2,50.8
1975-05-05,42.6,66.3,54.9
1975-05-06,47.3,58.7,53.3
1975-05-07,40.8,64.4,53.2
1975-05-08,40.9,66.8,55.2
1975-05-09,45.5,70.2,57.8
1975-05-10,42.2,71.7,58.1
1975-05-11,45.2,72.3,60.4
1975-05-12,46.7,55.5,52.5
1975-05-13,42.4,67.1,55.2
1975-05-14,44.6,67.3,57.8
1975-05-15,51.7,67.1,58.7
1975-05-16,44.4,62.1,53.8
1975-05-17,44.6,69.8,57.9
1975-05-18,49.6,78.7,66.0
1975-05-19,58.5,83.0,71.1
1975-05-20,63.1,84.9,74.2
1975-05-21,66.6,83.0,73.2
1975-05-22,62.2,74.6,68.5
1975-05-23,62.6,78.2,70.1
1975-05-24,63.1,83.6,73.1
1975-05-25,64.9,84.2,74.0
1975-05-26,66.1,75.7,69.9
1975-05-27,59.5,74.2,67.0
1975-05-28,53.3,74.0,64.2
1975-05-29,58.7,77.4,68.2
1975-05-30,63.7,78.2,69.0
1975-05-31,58.5,68.8,64.5
1975-06-01,56.8,69.1,62.3
1975-06-02,50.9,68.4,58.7
1975-06-03,49.3,65.9,58.8
1975-06-04,51.7,72.2,63.5
1975-06-05,63.2,75.4,68.2
1975-06-06,58.3,69.8,63.4
1975-06-07,52.8,61.9,57.3
1975-06-08,47.2,61.8,55.7
1975-06-09,46.1,71.2,60.5
1975-06-10,55.6,71.8,64.2
1975-06-11,60.3,67.7,64.1
1975-06-12,59.5,72.4,66.5
1975-06-13,61.4,76.5,67.9
1975-06-14,61.5,79.0,70.4
1975-06-15,63.8,75.6,68.6
1975-06-16,58.4,72.2,65.9
1975-06-17,61.5,81.8,71.1
1975-06-18,66.7,84.7,74.4
1975-06-19,70.2,81.9,76.0
1975-06-20,65.2,82.8,74.2
1975-06-21,66.2,81.9,74.4
1975-06-22,66.5,88.0,78.0
1975-06-23,71.9,84.3,76.4
1975-06-24,68.0,79.3,72.7
1975-06-25,62.5,77.9,70.4
1975-06-26,61.5,79.8,70.9
1975-06-27,62.5,81.3,72.6
1975-06-28,64.1,82.6,74.5
1975-06-29,64.2,84.5,74.3
1975-06-30,61.2,83.3,73.2
1975-07-01,63.0,85.5,75.0
1975-07-02,63.1,86.0,76.0
1975-07-03,68.2,83.5,74.5
1975-07-04,65.3,81.4,73.4
1975-07-05,60.3,82.0,73.7
1975-07-06,62.7,82.4,74.0
1975-07-07,65.8,81.2,74.0
1975-07-08,66.3,85.9,75.2
1975-07-09,64.3,79.2,71.1
1975-07-10,57.6,71.8,64.0
1975-07-11,52.8,69.0,61.0
1975-07-12,53.8,72.1,63.2
1975-07-13,55.6,74.6,65.0
1975-07-14,57.5,70.0,63.9
1975-07-15,57.2,80.3,69.1
1975-07-16,61.9,82.8,73.1
1975-07-17,64.1,82.9,73.8
1975-07-18,65.2,80.2,72.1
1975-07-19,68.9,81.3,75.1
1975-07-20,69.1,84.0,74.5
1975-07-21,64.3,78.4,71.2
1975-07-22,59.2,83.3,72.5
1975-07-23,64.7,84.0,75.5
1975-07-24,67.6,81.1,74.7
1975-07-25,60.7,75.9,68.3
1975-07-26,53.9,76.6,66.3
1975-07-27,63.2,83.5,73.0
1975-07-28,60.3,82.2,71.8
1975-07-29,60.2,85.6,73.8
1975-07-30,65.8,88.2,77.1
1975-07-31,64.1,91.8,79.4
1975-08-01,67.1,91.8,81.2
1975-08-02,72.2,83.3,77.6
1975-08-03,70.3,79.3,73.9
1975-08-04,67.2,84.1,74.8
1975-08-05,63.4,72.0,69.4
1975-08-06,59.7,69.7,64.4
1975-08-07,55.3,74.0,64.7
1975-08-08,53.7,77.6,66.9
1975-08-09,58.4,83.5,71.6
1975-08-10,66.4,84.2,72.8
1975-08-11,67.4,84.2,74.3
1975-08-12,63.9,85.2,73.6
1975-08-13,72.3,85.3,77.2
1975-08-14,61.5,79.1,71.2
1975-08-15,62.9,69.5,66.6
1975-08-16,60.7,80.7,70.7
1975-08-17,62.9,78.9,71.4
1975-08-18,57.5,77.5,68.2
1975-08-19,61.0,73.4,67.1
1975-08-20,58.3,74.7,66.5
1975-08-21,62.6,83.5,72.0
1975-08-22,64.9,74.5,69.1
1975-08-23,62.4,81.8,70.7
1975-08-24,72.8,85.3,78.5
1975-08-25,71.6,84.0,77.3
1975-08-26,65.8,77.3,72.0
1975-08-27,62.1,78.7,69.4
1975-08-28,59.4,80.2,70.3
1975-08-29,67.1,76.1,70.8
1975-08-30,65.5,68.7,67.6
1975-08-31,64.9,73.5,67.6
1975-09-01,62.2,73.9,67.9
1975-09-02,58.8,73.8,66.3
1975-09-03,52.7,70.5,62.9
1975-09-04,56.9,70.5,63.7
1975-09-05,53.8,65.0,59.7
1975-09-06,53.2,68.9,60.6
1975-09-07,51.3,71.4,62.5
1975-09-08,55.2,66.8,61.2
1975-09-09,46.9,62.4,54.6
1975-09-10,44.1,72.4,59.7
1975-09-11,55.7,69.5,64.7
1975-09-12,47.8,57.8,54.0
1975-09-13,43.2,54.8,48.8
1975-09-14,38.4,58.8,49.2
1975-09-15,44.6,64.9,54.7
1975-09-16,54.3,66.3,60.1
1975-09-17,52.7,66.5,60.0
1975-09-18,58.4,65.5,60.9
1975-09-19,55.8,72.1,63.0
1975-09-20,51.3,65.2,58.0
1975-09-21,50.8,58.6,54.0
1975-09-22,47.3,57.5,52.6
1975-09-23,43.2,60.8,52.9
1975-09-24,51.3,59.3,54.0
1975-09-25,49.4,52.2,51.0
1975-09-26,49.6,55.2,52.5
1975-09-27,49.1,63.2,55.1
1975-09-28,44.6,66.1,54.7
1975-09-29,44.6,65.9,55.5
1975-09-30,50.3,67.6,58.1
1975-10-01,48.8,57.4,54.7
1975-10-02,37.7,48.6,44.0
1975-10-03,37.2,60.3,48.1
1975-10-04,45.3,67.7,55.2
1975-10-05,45.6,66.8,56.4
1975-10-06,51.3,67.0,58.8
1975-10-07,42.4,62.9,52.5
1975-10-08,46.5,65.9,54.6
1975-10-09,48.6,57.9,53.5
1975-10-10,47.9,67.9,56.8
1975-10-11,46.4,56.5,51.2
1975-10-12,40.3,61.1,50.8
1975-10-13,48.7,77.6,61.9
1975-10-14,60.4,78.0,68.2
1975-10-15,52.0,68.9,63.1
1975-10-16,43.2,55.3,50.1
1975-10-17,42.3,49.8,46.9
1975-10-18,42.4,46.6,44.9
1975-10-19,44.7,49.9,47.2
1975-10-20,44.4,60.0,51.7
1975-10-21,50.5,68.7,58.8
1975-10-22,47.3,65.6,57.0
1975-10-23,53.2,69.5,60.3
1975-10-24,54.0,72.1,62.7
1975-10-25,45.3,65.1,53.3
1975-10-26,36.0,53.5,44.8
1975-10-27,37.0,58.2,46.9
1975-10-28,45.6,62.8,53.8
1975-10-29,41.2,54.2,47.1
1975-10-30,33.1,43.3,37.8
1975-10-31,32.1,50.4,41.0
1975-11-01,47.9,55.4,52.4
1975-11-02,49.9,65.0,57.2
1975-11-03,55.4,60.8,58.6
1975-11-04,54.1,66.1,59.1
1975-11-05,50.2,68.5,57.7
1975-11-06,51.5,71.7,60.6
1975-11-07,58.5,61.4,59.8
1975-11-08,55.2,65.2,60.1
1975-11-09,47.4,67.8,57.9
1975-11-10,46.1,62.2,53.0
1975-11-11,36.9,52.0,44.8
1975-11-12,40.8,51.1,46.0
1975-11-13,31.5,40.3,36.7
1975-11-14,28.5,36.8,32.1
1975-11-15,29.6,49.4,38.4
1975-11-16,34.8,56.2,44.3
1975-11-17,40.7,61.6,49.4
1975-11-18,46.3,62.8,52.2
1975-11-19,36.5,59.5,47.5
1975-11-20,41.6,60.5,49.2
1975-11-21,36.5,45.0,39.8
1975-11-22,32.4,40.6,36.0
1975-11-23,26.4,40.1,32.5
1975-11-24,27.0,40.5,32.3
1975-11-25,22.8,33.0,30.0
1975-11-26,19.3,32.4,25.4
1975-11-27,32.0,36.0,33.6
1975-11-28,26.0,34.0,30.0
1975-11-29,26.8,46.4,36.3
1975-11-30,30.3,59.1,49.9
1975-12-01,23.1,29.2,25.9
1975-12-02,24.8,37.0,29.7
1975-12-03,21.5,30.0,25.6
1975-12-04,26.2,40.5,32.1
1975-12-05,32.3,54.2,45.0
1975-12-06,26.3,53.4,37.3
1975-12-07,22.5,32.1,26.7
1975-12-08,25.1,34.3,29.6
1975-12-09,28.3,36.0,31.1
1975-12-10,25.3,35.3,29.9
1975-12-11,30.0,32.8,31.2
1975-12-12,29.7,34.3,31.2
1975-12-13,30.6,53.9,42.2
1975-12-14,48.3,62.2,55.8
1975-12-15,32.3,59.5,41.6
1975-12-16,27.3,34.8,30.9
1975-12-17,17.0,29.6,24.4
1975-12-18,14.5,19.2,16.1
1975-12-19,14.0,26.4,20.1
1975-12-20,22.3,32.6,27.8
1975-12-21,9.3,23.9,20.0
1975-12-22,3.1,30.6,18.0
1975-12-23,20.9,27.4,24.6
1975-12-24,10.8,27.3,20.3
1975-12-25,19.2,30.5,24.8
1975-12-26,23.9,33.9,29.8
1975-12-27,17.1,29.5,23.3
1975-12-28,6.4,26.8,18.7
1975-12-29,4.0,31.0,18.5
1975-12-30,30.6,36.5,34.3
1975-12-31,15.7,33.5,27.3
1976-01-01,19.8,33.4,26.8
1976-01-02,19.0,37.9,30.1
1976-01-03,16.5,29.5,24.8
1976-01-04,8.8,21.0,16.0
1976-01-05,1.8,17.1,9.6
1976-01-06,11.8,31.1,21.7
1976-01-07,7.4,31.5,22.6
1976-01-08,-0.0,16.2,7.4
1976-01-09,6.6,17.1,11.5
1976-01-10,6.8,19.5,13.5
1976-01-11,19.9,34.7,26.9
1976-01-12,17.2,26.1,22.8
1976-01-13,25.8,31.1,28.2
1976-01-14,18.0,28.5,23.3
1976-01-15,7.4,28.4,16.8
1976-01-16,10.4,32.5,25.2
1976-01-17,-1.7,11.8,4.2
1976-01-18,-11.7,12.0,0.0
1976-01-19,3.5,32.9,20.7
1976-01-20,19.4,32.2,28.4
1976-01-21,15.7,23.2,18.8
1976-01-22,1.5,19.0,11.3
1976-01-23,-2.3,15.5,8.5
1976-01-24,11.8,25.0,17.4
1976-01-25,22.1,45.1,26.1
1976-01-26,25.9,44.1,32.8
1976-01-27,14.7,24.5,19.3
1976-01-28,6.5,30.5,18.3
1976-01-29,16.2,32.4,23.2
1976-01-30,15.4,27.2,20.6
1976-01-31,14.5,27.8,21.5
1976-02-01,-7.7,29.7,18.1
1976-02-02,-11.6,11.5,-1.5
1976-02-03,-7.0,26.1,7.6
1976-02-04,15.6,27.0,22.1
1976-02-05,13.1,20.2,16.4
1976-02-06,8.3,20.7,13.1
1976-02-07,8.7,24.5,16.3
1976-02-08,19.4,31.5,26.5
1976-02-09,4.7,34.2,20.6
1976-02-10,34.9,48.4,40.1
1976-02-11,21.9,34.3,31.3
1976-02-12,20.1,44.1,33.8
1976-02-13,23.5,41.3,35.1
1976-02-14,12.6,34.5,23.5
1976-02-15,26.4,58.7,43.8
1976-02-16,29.5,41.6,36.2
1976-02-17,30.7,49.5,36.5
1976-02-18,31.5,55.1,39.7
1976-02-19,31.9,40.5,35.7
1976-02-20,27.5,47.2,37.1
1976-02-21,32.2,37.1,34.4
1976-02-22,18.3,33.0,27.7
1976-02-23,10.9,33.3,22.9
1976-02-24,31.3,53.3,41.1
1976-02-25,45.0,60.1,50.6
1976-02-26,39.3,59.7,47.2
1976-02-27,34.6,55.7,45.2
1976-02-28,31.1,51.9,39.2
1976-02-29,31.5,54.0,46.9
1976-03-01,27.7,34.1,30.9
1976-03-02,30.4,34.2,31.9
1976-03-03,30.2,57.2,43.8
1976-03-04,34.6,57.0,40.7
1976-03-05,29.1,60.6,45.5
1976-03-06,23.8,35.2,30.2
1976-03-07,25.7,36.6,30.6
1976-03-08,22.5,34.1,27.2
1976-03-09,24.2,41.2,31.2
1976-03-10,26.0,42.7,34.7
1976-03-11,23.1,38.8,30.5
1976-03-12,28.0,56.5,41.2
1976-03-13,24.6,40.3,30.9
1976-03-14,23.5,43.6,32.7
1976-03-15,25.8,37.8,31.2
1976-03-16,19.1,35.4,28.6
1976-03-17,14.4,29.8,21.2
1976-03-18,23.7,48.7,36.5
1976-03-19,48.2,65.1,55.1
1976-03-20,52.3,66.5,58.1
1976-03-21,22.1,54.9,38.4
1976-03-22,20.3,38.0,28.7
1976-03-23,25.2,52.5,39.5
1976-03-24,40.8,65.8,52.7
1976-03-25,41.5,57.8,50.2
1976-03-26,40.9,69.7,55.8
1976-03-27,36.2,61.5,49.4
1976-03-28,29.6,48.7,38.6
1976-03-29,35.1,48.4,42.4
1976-03-30,47.8,70.7,57.4
1976-03-31,35.3,46.9,43.0
1976-04-01,33.5,46.5,37.9
1976-04-02,32.5,53.0,40.1
1976-04-03,31.8,58.2,44.8
1976-04-04,32.9,46.4,38.6
1976-04-05,26.1,53.7,40.5
1976-04-06,35.6,56.0,45.6
1976-04-07,30.2,54.1,42.7
1976-04-08,29.8,42.5,35.5
1976-04-09,23.5,48.3,35.6
1976-04-10,31.4,58.0,45.2
1976-04-11,28.3,44.9,34.4
1976-04-12,22.6,47.3,34.7
1976-04-13,25.1,58.5,42.7
1976-04-14,38.8,69.4,54.4
1976-04-15,54.7,76.6,66.0
1976-04-16,59.0,79.2,68.7
1976-04-17,58.5,78.2,68.6
1976-04-18,56.8,78.3,68.2
1976-04-19,55.8,72.1,65.4
1976-04-20,50.3,62.4,55.5
1976-04-21,51.6,76.0,61.1
1976-04-22,50.4,65.7,56.7
1976-04-23,41.9,60.5,51.2
1976-04-24,43.6,56.9,48.7
1976-04-25,33.3,44.2,38.8
1976-04-26,29.1,37.0,33.3
1976-04-27,25.4,45.7,36.0
1976-04-28,30.6,53.4,42.9
1976-04-29,34.0,57.1,45.5
1976-04-30,34.1,61.2,49.9
1976-05-01,47.4,59.3,53.3
1976-05-02,41.3,58.3,48.0
1976-05-03,35.2,45.8,40.9
1976-05-04,31.8,57.7,45.9
1976-05-05,49.5,73.4,61.5
1976-05-06,38.0,63.0,43.5
1976-05-07,36.1,51.7,43.2
1976-05-08,31.5,55.8,44.3
1976-05-09,43.2,69.5,56.1
1976-05-10,50.3,69.8,60.1
1976-05-11,44.6,57.7,53.5
1976-05-12,37.3,59.2,48.5
1976-05-13,38.3,65.8,54.0
1976-05-14,59.9,70.8,65.3
1976-05-15,60.0,69.4,62.8
1976-05-16,57.8,74.2,64.2
1976-05-17,46.7,60.0,55.5
1976-05-18,43.9,56.4,49.1
1976-05-19,38.7,60.7,49.5
1976-05-20,48.0,75.3,62.9
1976-05-21,53.3,66.7,60.0
1976-05-22,44.2,60.3,52.4
1976-05-23,43.3,58.8,51.8
1976-05-24,41.7,59.5,51.2
1976-05-25,45.0,61.4,53.0
1976-05-26,42.3,63.3,53.6
1976-05-27,46.2,69.0,58.4
1976-05-28,53.1,72.1,62.4
1976-05-29,58.4,63.2,60.5
1976-05-30,57.6,73.4,64.9
1976-05-31,60.1,73.2,66.0
1976-06-01,56.6,72.1,63.8
1976-06-02,53.0,69.3,60.9
1976-06-03,51.1,72.0,62.1
1976-06-04,53.7,75.3,65.3
1976-06-05,54.6,76.9,66.5
1976-06-06,52.3,78.1,67.4
1976-06-07,55.6,82.7,69.9
1976-06-08,60.1,84.0,73.2
1976-06-09,61.5,85.6,74.8
1976-06-10,61.9,85.6,75.6
1976-06-11,68.5,86.8,76.4
1976-06-12,60.8,77.5,68.4
1976-06-13,63.4,86.9,75.9
1976-06-14,72.2,86.9,79.7
1976-06-15,71.2,87.4,79.5
1976-06-16,61.7,71.3,68.0
1976-06-17,54.8,72.9,64.4
1976-06-18,59.7,83.2,72.4
1976-06-19,60.3,69.2,65.3
1976-06-20,53.3,75.1,65.0
1976-06-21,57.6,74.7,66.0
1976-06-22,63.4,75.4,69.2
1976-06-23,60.5,78.1,69.8
1976-06-24,64.3,71.8,67.3
1976-06-25,64.5,76.8,70.8
1976-06-26,59.7,83.8,72.5
1976-06-27,65.8,86.8,76.3
1976-06-28,64.9,80.5,69.7
1976-06-29,64.7,79.3,71.5
1976-06-30,60.4,68.6,64.0
1976-07-01,59.2,71.6,64.6
1976-07-02,56.0,74.8,65.9
1976-07-03,54.7,72.6,64.4
1976-07-04,59.2,76.3,68.0
1976-07-05,59.0,80.5,70.8
1976-07-06,60.8,81.8,72.3
1976-07-07,62.6,81.5,72.0
1976-07-08,64.1,76.2,70.1
1976-07-09,55.6,77.5,68.0
1976-07-10,66.0,89.2,77.6
1976-07-11,73.1,86.8,80.9
1976-07-12,58.3,73.8,66.3
1976-07-13,54.6,76.1,65.6
1976-07-14,56.5,90.3,74.1
1976-07-15,69.5,87.0,78.5
1976-07-16,63.9,76.6,71.3
1976-07-17,56.7,72.1,65.4
1976-07-18,58.8,79.6,69.7
1976-07-19,63.1,83.1,73.5
1976-07-20,68.3,85.0,76.3
1976-07-21,68.3,81.2,73.7
1976-07-22,63.0,79.8,71.7
1976-07-23,65.3,85.4,75.2
1976-07-24,66.3,79.2,73.3
1976-07-25,59.5,78.2,69.0
1976-07-26,64.4,85.4,75.4
1976-07-27,67.2,84.1,74.9
1976-07-28,66.4,82.7,75.0
1976-07-29,66.6,77.5,72.3
1976-07-30,58.4,80.9,70.6
1976-07-31,62.1,74.4,68.6
1976-08-01,57.3,72.6,65.5
1976-08-02,56.4,69.2,63.2
1976-08-03,50.3,76.5,64.8
1976-08-04,54.4,78.4,67.7
1976-08-05,63.3,77.6,69.3
1976-08-06,58.8,69.0,63.9
1976-08-07,55.7,69.4,62.7
1976-08-08,54.7,74.1,64.8
1976-08-09,54.6,79.2,67.5
1976-08-10,54.6,80.5,68.4
1976-08-11,64.5,83.1,74.2
1976-08-12,70.4,83.0,75.3
1976-08-13,65.8,80.3,72.3
1976-08-14,62.2,75.2,67.4
1976-08-15,57.6,70.6,64.1
1976-08-16,52.6,71.5,62.1
1976-08-17,51.2,77.4,65.3
1976-08-18,54.9,79.3,67.5
1976-08-19,59.6,81.0,70.7
1976-08-20,58.2,83.4,71.5
1976-08-21,60.5,82.9,72.5
1976-08-22,61.3,84.8,73.8
1976-08-23,66.7,83.0,74.0
1976-08-24,62.3,81.2,71.4
1976-08-25,62.2,81.6,72.4
1976-08-26,67.5,83.3,74.1
1976-08-27,67.2,86.8,77.0
1976-08-28,66.4,82.8,75.3
1976-08-29,55.0,65.2,61.0
1976-08-30,47.8,67.7,58.0
1976-08-31,53.8,81.6,67.4
1976-09-01,57.5,68.9,64.5
1976-09-02,50.5,67.5,59.0
1976-09-03,52.1,78.1,65.3
1976-09-04,64.6,79.2,71.2
1976-09-05,53.4,65.8,60.3
1976-09-06,47.3,71.4,59.6
1976-09-07,53.6,82.6,67.9
1976-09-08,62.8,87.9,74.8
1976-09-09,56.7,78.7,66.7
1976-09-10,53.0,64.0,58.0
1976-09-11,54.8,76.9,65.5
1976-09-12,57.9,79.3,67.9
1976-09-13,57.8,79.8,68.5
1976-09-14,60.2,81.4,70.8
1976-09-15,61.0,68.1,63.8
1976-09-16,60.0,68.0,63.1
1976-09-17,60.3,69.0,63.7
1976-09-18,56.2,73.9,64.3
1976-09-19,54.1,75.3,65.1
1976-09-20,56.1,64.9,61.5
1976-09-21,46.9,59.5,53.0
1976-09-22,43.0,57.0,49.7
1976-09-23,47.2,62.8,56.1
1976-09-24,37.8,58.2,48.5
1976-09-25,40.5,64.1,53.0
1976-09-26,51.0,56.3,53.9
1976-09-27,52.5,62.4,56.3
1976-09-28,45.0,55.4,50.6
1976-09-29,43.2,64.4,53.6
1976-09-30,44.5,68.3,56.3
1976-10-01,45.6,70.9,57.1
1976-10-02,47.5,70.7,58.1
1976-10-03,47.2,71.4,58.4
1976-10-04,53.7,70.7,60.8
1976-10-05,54.8,75.5,64.1
1976-10-06,48.1,61.6,54.9
1976-10-07,42.8,53.1,47.3
1976-10-08,41.3,51.2,46.4
1976-10-09,43.3,49.7,46.0
1976-10-10,40.9,54.8,48.0
1976-10-11,41.9,61.4,51.6
1976-10-12,46.8,68.9,56.9
1976-10-13,49.0,65.1,57.7
1976-10-14,42.5,57.5,50.2
1976-10-15,46.2,58.9,54.2
1976-10-16,38.0,47.4,43.0
1976-10-17,32.2,44.7,37.9
1976-10-18,25.6,43.2,35.4
1976-10-19,37.6,44.1,40.3
1976-10-20,38.1,44.8,40.9
1976-10-21,34.6,43.5,38.7
1976-10-22,31.9,42.8,36.6
1976-10-23,29.6,46.7,37.7
1976-10-24,40.7,47.1,44.1
1976-10-25,35.3,44.8,41.7
1976-10-26,29.3,42.2,35.0
1976-10-27,24.7,37.8,31.0
1976-10-28,24.4,43.4,34.4
1976-10-29,34.2,51.6,41.6
1976-10-30,37.0,45.9,41.0
1976-10-31,31.2,45.2,39.9
1976-11-01,26.1,47.2,36.1
1976-11-02,33.7,51.7,43.2
1976-11-03,31.1,47.2,40.2
1976-11-04,26.6,39.1,32.0
1976-11-05,26.3,42.0,33.7
1976-11-06,32.9,46.2,38.1
1976-11-07,27.3,38.0,33.9
1976-11-08,23.8,31.4,26.7
1976-11-09,27.4,43.1,34.9
1976-11-10,28.2,40.0,34.0
1976-11-11,23.0,35.0,28.9
1976-11-12,23.8,35.9,29.4
1976-11-13,27.1,40.2,31.9
1976-11-14,27.5,38.2,31.5
1976-11-15,24.3,39.5,30.6
1976-11-16,26.6,43.9,33.2
1976-11-17,29.8,44.8,36.3
1976-11-18,32.1,44.7,38.7
1976-11-19,33.5,45.8,40.2
1976-11-20,29.4,41.5,34.4
1976-11-21,27.0,36.1,31.3
1976-11-22,26.1,33.5,28.7
1976-11-23,26.4,33.2,28.4
1976-11-24,23.5,30.6,26.8
1976-11-25,25.4,44.5,35.9
1976-11-26,45.1,52.2,49.9
1976-11-27,33.9,53.1,42.5
1976-11-28,19.8,33.1,26.1
1976-11-29,13.3,20.8,17.8
1976-11-30,12.4,20.6,15.6
1976-12-01,14.8,29.5,21.5
1976-12-02,7.8,20.1,14.6
1976-12-03,5.6,19.2,12.4
1976-12-04,18.0,24.4,21.3
1976-12-05,17.8,28.7,22.7
1976-12-06,22.2,35.1,27.8
1976-12-07,9.0,30.1,20.8
1976-12-08,0.7,19.9,11.1
1976-12-09,9.1,26.4,18.8
1976-12-10,19.7,39.3,33.6
1976-12-11,9.0,25.3,17.2
1976-12-12,16.9,28.7,23.1
1976-12-13,5.3,21.5,12.9
1976-12-14,9.9,38.7,28.7
1976-12-15,23.7,37.6,30.0
1976-12-16,26.7,36.2,30.4
1976-12-17,27.9,34.8,30.8
1976-12-18,24.3,36.1,29.3
1976-12-19,30.3,47.4,38.5
1976-12-20,17.6,43.9,31.6
1976-12-21,7.2,21.3,14.4
1976-12-22,11.5,27.0,19.4
1976-12-23,9.8,26.1,20.5
1976-12-24,7.6,27.0,16.3
1976-12-25,25.1,34.8,29.0
1976-12-26,12.6,29.9,24.2
1976-12-27,3.5,20.1,14.1
1976-12-28,12.7,25.1,18.4
1976-12-29,0.3,12.2,7.1
1976-12-30,-1.2,14.1,6.4
1976-12-31,-1.7,16.7,6.6
1977-01-01,8.9,19.9,14.3
1977-01-02,12.1,23.6,17.4
1977-01-03,13.1,27.6,19.7
1977-01-04,19.3,27.2,22.7
1977-01-05,7.6,27.5,18.3
1977-01-06,5.4,25.6,17.3
1977-01-07,2.2,20.4,11.8
1977-01-08,5.0,18.0,11.3
1977-01-09,-1.3,10.2,5.2
1977-01-10,2.4,9.7,6.9
1977-01-11,-0.5,11.0,4.0
1977-01-12,-5.1,7.7,2.0
1977-01-13,-7.9,15.3,2.6
1977-01-14,11.4,25.2,19.7
1977-01-15,0.7,17.9,12.6
1977-01-16,-7.4,1.7,-3.0
1977-01-17,-7.9,4.5,-3.1
1977-01-18,-2.2,12.7,6.4
1977-01-19,10.1,26.5,17.0
1977-01-20,3.9,23.1,13.3
1977-01-21,11.7,24.5,18.2
1977-01-22,4.2,17.5,9.6
1977-01-23,1.6,21.1,13.5
1977-01-24,21.3,30.1,25.4
1977-01-25,13.0,28.5,24.2
1977-01-26,7.7,27.5,16.1
1977-01-27,-3.8,5.9,1.0
1977-01-28,-4.3,15.1,2.8
1977-01-29,-5.0,6.4,-0.1
1977-01-30,-1.0,9.6,3.1
1977-01-31,3.9,16.5,9.7
1977-02-01,13.2,23.9,16.8
1977-02-02,-1.2,21.6,12.6
1977-02-03,22.4,29.0,26.1
1977-02-04,18.0,26.0,22.0
1977-02-05,0.3,15.3,6.8
1977-02-06,-7.2,12.9,2.2
1977-02-07,-2.1,20.2,7.0
1977-02-08,-3.1,18.2,7.7
1977-02-09,12.2,37.0,26.6
1977-02-10,13.5,41.0,30.0
1977-02-11,27.9,43.9,37.4
1977-02-12,21.9,40.3,32.6
1977-02-13,29.2,34.2,32.0
1977-02-14,15.9,29.5,26.1
1977-02-15,11.4,19.1,14.6
1977-02-16,-4.5,18.6,9.3
1977-02-17,3.3,27.6,16.5
1977-02-18,17.2,37.6,27.4
1977-02-19,20.9,32.5,27.6
1977-02-20,14.3,27.2,20.8
1977-02-21,6.6,28.3,18.5
1977-02-22,25.9,49.5,36.2
1977-02-23,31.7,52.5,40.9
1977-02-24,34.6,51.7,43.3
1977-02-25,31.6,39.7,35.2
1977-02-26,27.9,38.6,32.3
1977-02-27,22.3,29.7,27.2
1977-02-28,21.9,33.4,26.4
1977-03-01,17.1,28.0,21.6
1977-03-02,15.7,37.8,25.6
1977-03-03,20.7,38.1,31.3
1977-03-04,37.4,45.4,40.4
1977-03-05,33.2,37.8,35.2
1977-03-06,28.4,38.1,33.5
1977-03-07,29.7,41.0,34.2
1977-03-08,28.2,56.6,41.6
1977-03-09,43.9,61.4,51.2
1977-03-10,40.2,60.3,49.2
1977-03-11,33.2,63.0,47.7
1977-03-12,45.7,55.8,51.3
1977-03-13,42.0,54.0,47.7
1977-03-14,42.7,51.3,45.9
1977-03-15,36.3,68.5,50.2
1977-03-16,35.1,48.3,42.7
1977-03-17,25.3,40.6,33.0
1977-03-18,24.1,33.5,29.7
1977-03-19,6.8,35.2,23.6
1977-03-20,24.3,37.6,30.0
1977-03-21,22.7,39.0,31.4
1977-03-22,25.4,38.4,30.9
1977-03-23,19.0,40.3,28.6
1977-03-24,17.4,32.6,24.6
1977-03-25,17.9,37.8,29.0
1977-03-26,20.8,42.2,31.5
1977-03-27,24.7,61.1,42.4
1977-03-28,47.1,57.5,51.9
1977-03-29,51.6,69.7,60.8
1977-03-30,45.1,68.5,55.9
1977-03-31,37.0,49.4,44.0
1977-04-01,29.5,44.1,36.5
1977-04-02,35.7,61.8,50.1
1977-04-03,33.1,48.3,40.7
1977-04-04,32.6,55.0,42.7
1977-04-05,30.1,46.8,37.3
1977-04-06,25.8,35.2,30.1
1977-04-07,24.6,49.8,36.1
1977-04-08,24.2,36.7,29.8
1977-04-09,23.2,48.2,35.7
1977-04-10,31.0,73.6,51.5
1977-04-11,54.4,75.7,65.1
1977-04-12,54.9,77.4,65.8
1977-04-13,54.1,75.0,64.0
1977-04-14,43.5,60.6,51.5
1977-04-15,35.1,65.3,50.3
1977-04-16,39.6,65.8,52.3
1977-04-17,43.2,64.5,53.8
1977-04-18,47.0,76.9,61.7
1977-04-19,51.5,78.6,64.9
1977-04-20,55.8,76.6,65.8
1977-04-21,60.1,75.1,66.0
1977-04-22,47.2,63.7,56.4
1977-04-23,46.3,52.2,49.6
1977-04-24,40.4,59.9,49.6
1977-04-25,41.0,51.0,45.1
1977-04-26,36.4,57.8,47.7
1977-04-27,35.7,69.5,54.5
1977-04-28,35.1,62.0,43.8
1977-04-29,31.2,58.8,45.9
1977-04-30,33.5,64.7,50.8
1977-05-01,40.8,70.5,57.8
1977-05-02,47.0,63.3,57.9
1977-05-03,41.4,60.0,51.1
1977-05-04,45.2,57.8,51.7
1977-05-05,51.3,77.1,62.5
1977-05-06,55.0,73.5,65.5
1977-05-07,43.2,59.6,50.7
1977-05-08,40.1,63.0,48.9
1977-05-09,35.9,51.3,42.9
1977-05-10,35.3,59.7,47.8
1977-05-11,39.9,67.2,53.9
1977-05-12,46.9,72.5,59.6
1977-05-13,56.8,81.3,67.5
1977-05-14,50.4,71.2,60.6
1977-05-15,43.5,71.0,58.0
1977-05-16,48.0,81.1,65.6
1977-05-17,60.3,83.8,72.7
1977-05-18,65.6,81.1,72.8
1977-05-19,58.1,82.3,70.9
1977-05-20,57.7,84.5,72.5
1977-05-21,61.5,84.8,74.2
1977-05-22,63.2,82.4,72.2
1977-05-23,63.0,83.2,72.8
1977-05-24,61.5,83.1,72.9
1977-05-25,61.4,82.1,72.1
1977-05-26,55.3,76.3,66.0
1977-05-27,50.4,78.7,66.1
1977-05-28,54.4,83.8,70.5
1977-05-29,59.1,72.9,65.8
1977-05-30,55.3,75.3,65.3
1977-05-31,53.7,82.9,67.6
1977-06-01,58.7,64.9,62.3
1977-06-02,50.5,61.4,56.6
1977-06-03,44.2,69.3,57.9
1977-06-04,50.6,80.3,66.9
1977-06-05,63.1,71.2,67.2
1977-06-06,53.5,63.8,58.8
1977-06-07,47.3,60.1,53.7
1977-06-08,44.5,62.2,52.9
1977-06-09,45.0,60.0,52.9
1977-06-10,42.1,68.4,56.8
1977-06-11,50.8,64.8,58.7
1977-06-12,54.4,63.3,59.2
1977-06-13,50.5,68.5,60.8
1977-06-14,54.5,72.7,64.0
1977-06-15,53.5,77.1,66.1
1977-06-16,59.3,82.1,71.0
1977-06-17,69.1,84.4,75.1
1977-06-18,66.7,81.3,73.6
1977-06-19,62.0,76.6,69.3
1977-06-20,60.5,73.0,66.9
1977-06-21,56.7,74.2,65.5
1977-06-22,55.1,76.5,66.2
1977-06-23,52.2,76.6,66.8
1977-06-24,59.7,82.9,72.4
1977-06-25,66.7,80.3,72.2
1977-06-26,59.0,81.8,71.7
1977-06-27,59.5,83.8,73.1
1977-06-28,66.3,87.4,76.4
1977-06-29,63.0,74.6,69.0
1977-06-30,58.1,74.9,67.5
1977-07-01,62.0,75.7,69.1
1977-07-02,56.8,75.9,66.9
1977-07-03,54.2,80.2,69.9
1977-07-04,71.3,84.4,76.0
1977-07-05,72.1,91.5,80.3
1977-07-06,72.8,92.2,82.3
1977-07-07,72.4,88.1,78.7
1977-07-08,67.1,84.1,75.7
1977-07-09,65.3,79.2,73.3
1977-07-10,60.2,77.4,68.6
1977-07-11,60.1,78.8,70.3
1977-07-12,67.6,81.0,73.3
1977-07-13,65.8,81.3,73.8
1977-07-14,61.8,88.2,76.3
1977-07-15,74.2,94.0,83.1
1977-07-16,71.2,87.1,77.8
1977-07-17,71.2,86.8,78.3
1977-07-18,67.6,88.3,77.9
1977-07-19,71.9,91.1,80.3
1977-07-20,75.0,91.6,82.6
1977-07-21,68.5,79.5,76.1
1977-07-22,62.4,76.9,69.6
1977-07-23,60.7,79.9,70.4
1977-07-24,62.2,80.1,71.3
1977-07-25,63.9,76.1,71.3
1977-07-26,56.2,71.3,63.7
1977-07-27,55.0,72.7,64.4
1977-07-28,54.5,77.7,67.6
1977-07-29,60.6,77.4,70.2
1977-07-30,61.7,78.9,70.8
1977-07-31,67.9,82.5,75.0
1977-08-01,62.8,74.7,68.4
1977-08-02,55.6,80.7,69.4
1977-08-03,60.1,80.0,69.8
1977-08-04,64.0,86.0,75.2
1977-08-05,68.1,83.8,74.3
1977-08-06,68.9,77.9,72.7
1977-08-07,68.4,78.3,72.7
1977-08-08,68.4,76.5,71.8
1977-08-09,64.4,76.6,70.2
1977-08-10,68.7,78.6,72.7
1977-08-11,63.2,78.3,70.0
1977-08-12,53.7,73.8,64.9
1977-08-13,56.8,78.3,68.2
1977-08-14,62.5,74.6,69.1
1977-08-15,56.4,76.1,66.6
1977-08-16,63.9,82.8,71.6
1977-08-17,60.6,72.1,66.1
1977-08-18,52.2,67.0,60.4
1977-08-19,51.1,68.7,60.2
1977-08-20,48.5,69.7,60.0
1977-08-21,58.5,69.0,62.8
1977-08-22,58.2,71.2,64.0
1977-08-23,59.0,70.2,65.0
1977-08-24,55.3,68.8,61.3
1977-08-25,49.0,67.7,59.3
1977-08-26,54.2,77.2,65.8
1977-08-27,67.4,86.1,77.2
1977-08-28,73.1,87.0,79.6
1977-08-29,63.8,77.2,71.5
1977-08-30,63.0,75.1,68.6
1977-08-31,60.3,84.7,72.9
1977-09-01,69.4,82.7,75.0
1977-09-02,67.7,81.2,72.7
1977-09-03,61.4,73.5,67.7
1977-09-04,57.6,75.6,67.6
1977-09-05,64.6,75.5,70.1
1977-09-06,56.4,72.9,65.1
1977-09-07,56.6,75.3,66.4
1977-09-08,60.9,75.3,67.2
1977-09-09,62.2,80.8,69.4
1977-09-10,56.2,64.7,61.5
1977-09-11,48.8,67.6,58.7
1977-09-12,52.0,68.9,59.8
1977-09-13,57.8,63.1,60.1
1977-09-14,51.4,67.2,59.3
1977-09-15,52.8,62.9,57.6
1977-09-16,60.3,74.8,66.9
1977-09-17,60.7,75.9,67.2
1977-09-18,64.6,77.1,69.5
1977-09-19,61.9,74.3,66.7
1977-09-20,57.6,64.1,60.6
1977-09-21,54.1,63.7,59.5
1977-09-22,55.0,62.9,58.5
1977-09-23,57.0,68.0,62.1
1977-09-24,58.7,67.9,63.0
1977-09-25,56.8,73.8,64.3
1977-09-26,60.3,69.6,63.8
1977-09-27,54.1,63.5,59.5
1977-09-28,54.2,64.3,58.6
1977-09-29,48.7,62.1,55.1
1977-09-30,53.8,65.8,58.5
1977-10-01,53.2,56.5,54.9
1977-10-02,47.7,56.4,52.0
1977-10-03,44.7,57.2,50.2
1977-10-04,43.9,64.1,53.1
1977-10-05,49.2,60.6,53.5
1977-10-06,44.1,56.1,50.0
1977-10-07,42.8,52.8,48.2
1977-10-08,48.7,65.8,54.9
1977-10-09,45.2,51.8,48.3
1977-10-10,42.3,57.9,50.2
1977-10-11,42.3,51.0,47.3
1977-10-12,41.5,49.9,44.8
1977-10-13,35.7,51.2,43.5
1977-10-14,32.5,57.4,44.8
1977-10-15,40.8,52.5,45.6
1977-10-16,34.4,45.0,39.8
1977-10-17,29.1,51.6,40.3
1977-10-18,42.1,53.5,47.1
1977-10-19,40.6,52.5,45.8
1977-10-20,38.6,56.8,47.0
1977-10-21,42.3,63.0,51.8
1977-10-22,45.4,56.0,52.2
1977-10-23,43.4,49.3,45.9
1977-10-24,41.9,65.8,52.4
1977-10-25,49.0,64.7,55.9
1977-10-26,48.6,66.0,55.7
1977-10-27,43.1,62.6,52.0
1977-10-28,44.3,58.7,51.0
1977-10-29,41.1,53.2,46.6
1977-10-30,39.8,55.6,46.6
1977-10-31,44.7,59.9,52.1
1977-11-01,53.2,63.0,56.8
1977-11-02,50.6,64.3,56.4
1977-11-03,53.8,62.0,58.0
1977-11-04,48.7,60.3,56.3
1977-11-05,48.5,54.9,52.6
1977-11-06,54.0,66.1,59.1
1977-11-07,55.8,57.7,56.6
1977-11-08,55.6,60.6,57.2
1977-11-09,55.0,65.0,60.1
1977-11-10,34.6,61.2,43.2
1977-11-11,31.5,38.9,35.2
1977-11-12,26.8,34.9,30.3
1977-11-13,24.3,34.2,28.5
1977-11-14,26.9,36.5,31.7
1977-11-15,30.7,52.0,42.9
1977-11-16,42.5,53.2,48.4
1977-11-17,35.5,46.1,39.9
1977-11-18,35.1,41.2,37.3
1977-11-19,27.6,42.0,36.2
1977-11-20,38.4,56.8,46.6
1977-11-21,31.0,56.8,40.7
1977-11-22,27.2,35.1,31.2
1977-11-23,29.9,39.6,36.1
1977-11-24,30.3,40.3,36.0
1977-11-25,24.4,37.0,31.9
1977-11-26,18.4,27.9,22.2
1977-11-27,14.8,25.3,20.7
1977-11-28,20.7,28.2,25.3
1977-11-29,17.1,31.2,22.5
1977-11-30,19.4,36.9,31.0
1977-12-01,34.3,51.2,40.7
1977-12-02,30.6,37.7,33.5
1977-12-03,28.0,31.0,29.5
1977-12-04,25.1,31.2,27.4
1977-12-05,25.0,28.7,27.0
1977-12-06,20.1,26.1,23.9
1977-12-07,11.8,27.7,20.2
1977-12-08,4.6,30.5,16.3
1977-12-09,11.8,31.6,19.5
1977-12-10,-0.9,16.5,9.1
1977-12-11,-0.1,16.8,7.5
1977-12-12,3.8,35.8,25.1
1977-12-13,35.2,38.8,36.9
1977-12-14,33.6,37.8,35.4
1977-12-15,30.3,37.0,33.3
1977-12-16,23.8,41.2,32.3
1977-12-17,33.4,40.1,36.6
1977-12-18,35.2,43.0,38.8
1977-12-19,35.0,43.2,38.0
1977-12-20,25.2,38.8,33.5
1977-12-21,20.6,26.2,23.3
1977-12-22,25.4,29.2,27.2
1977-12-23,28.5,36.9,31.6
1977-12-24,16.2,41.6,30.6
1977-12-25,9.6,31.2,19.2
1977-12-26,9.3,16.9,12.3
1977-12-27,11.3,21.1,15.4
1977-12-28,7.2,22.2,15.0
1977-12-29,15.3,30.9,22.8
1977-12-30,24.0,34.9,28.3
1977-12-31,20.7,31.8,25.9
1978-01-01,20.8,28.4,25.7
1978-01-02,8.4,19.8,14.0
1978-01-03,7.7,22.0,14.0
1978-01-04,5.4,32.4,19.9
1978-01-05,17.0,33.1,25.6
1978-01-06,14.2,33.4,24.5
1978-01-07,29.8,36.1,32.9
1978-01-08,16.6,35.9,31.4
1978-01-09,6.7,15.4,9.2
1978-01-10,5.8,16.2,9.6
1978-01-11,6.1,20.5,12.7
1978-01-12,5.8,22.0,14.4
1978-01-13,16.0,24.6,20.4
1978-01-14,5.0,22.1,16.1
1978-01-15,-3.4,20.3,8.4
1978-01-16,5.0,20.6,12.7
1978-01-17,3.7,20.1,14.2
1978-01-18,13.3,26.9,18.0
1978-01-19,15.6,25.2,19.8
1978-01-20,13.3,20.1,17.8
1978-01-21,8.1,22.1,14.7
1978-01-22,7.1,22.4,13.6
1978-01-23,1.9,24.7,11.9
1978-01-24,13.7,31.3,23.8
1978-01-25,24.5,30.8,28.4
1978-01-26,10.8,33.4,24.1
1978-01-27,10.6,19.0,14.0
1978-01-28,9.2,21.9,14.1
1978-01-29,7.3,19.2,12.1
1978-01-30,5.1,21.8,12.2
1978-01-31,8.9,19.2,13.2
1978-02-01,6.0,20.2,13.2
1978-02-02,12.1,21.6,16.6
1978-02-03,1.9,19.2,10.6
1978-02-04,-2.4,16.2,6.0
1978-02-05,8.5,21.1,14.2
1978-02-06,1.7,11.8,6.9
1978-02-07,0.9,18.8,8.0
1978-02-08,3.6,24.7,13.2
1978-02-09,6.9,25.2,14.9
1978-02-10,5.9,26.5,14.9
1978-02-11,9.4,28.0,17.4
1978-02-12,12.6,28.6,18.9
1978-02-13,13.4,27.2,19.2
1978-02-14,3.6,21.5,12.1
1978-02-15,1.9,24.1,13.6
1978-02-16,16.5,23.5,19.3
1978-02-17,12.6,21.6,16.5
1978-02-18,2.5,24.4,13.4
1978-02-19,-0.4,21.2,11.1
1978-02-20,1.8,21.8,12.3
1978-02-21,3.8,25.5,14.0
1978-02-22,3.4,24.1,12.9
1978-02-23,-0.1,25.7,14.3
1978-02-24,16.2,30.6,23.6
1978-02-25,22.5,33.4,30.1
1978-02-26,14.5,25.8,20.1
1978-02-27,6.4,25.6,17.4
1978-02-28,10.9,30.1,20.7
1978-03-01,8.7,25.0,18.0
1978-03-02,-1.7,24.0,12.8
1978-03-03,14.3,27.4,19.8
1978-03-04,5.5,19.9,13.5
1978-03-05,2.4,24.3,13.1
1978-03-06,12.0,29.9,20.4
1978-03-07,8.5,27.9,19.1
1978-03-08,11.6,33.0,20.7
1978-03-09,2.1,37.3,20.6
1978-03-10,15.2,40.9,27.2
1978-03-11,23.7,35.7,30.7
1978-03-12,28.4,40.4,34.1
1978-03-13,22.4,37.7,30.6
1978-03-14,32.8,42.0,38.5
1978-03-15,28.4,38.4,32.9
1978-03-16,20.2,36.1,28.3
1978-03-17,20.3,32.0,25.2
1978-03-18,14.2,34.8,25.4
1978-03-19,24.7,40.4,35.1
1978-03-20,15.2,42.3,30.6
1978-03-21,33.4,46.8,39.8
1978-03-22,29.2,48.6,38.8
1978-03-23,32.5,47.9,38.8
1978-03-24,20.8,31.4,26.4
1978-03-25,24.0,30.1,26.8
1978-03-26,30.6,37.0,33.5
1978-03-27,31.8,40.8,35.2
1978-03-28,29.5,51.4,39.7
1978-03-29,26.5,41.2,34.0
1978-03-30,24.3,45.5,35.2
1978-03-31,34.5,61.6,47.6
1978-04-01,30.6,62.0,51.7
1978-04-02,26.5,38.1,30.6
1978-04-03,29.7,57.7,41.3
1978-04-04,40.6,66.6,50.8
1978-04-05,32.7,54.9,43.9
1978-04-06,37.3,48.1,41.8
1978-04-07,37.3,63.0,49.6
1978-04-08,31.4,48.7,39.1
1978-04-09,28.1,39.0,32.6
1978-04-10,33.0,72.7,52.3
1978-04-11,39.4,62.6,48.1
1978-04-12,33.6,64.7,50.7
1978-04-13,37.7,52.6,44.0
1978-04-14,34.4,51.5,41.9
1978-04-15,29.8,46.0,38.0
1978-04-16,25.9,49.1,38.4
1978-04-17,27.7,52.0,40.0
1978-04-18,36.1,46.0,41.5
1978-04-19,43.2,58.9,49.4
1978-04-20,38.0,46.1,41.9
1978-04-21,32.4,46.4,37.7
1978-04-22,26.7,54.2,40.7
1978-04-23,31.5,50.8,40.8
1978-04-24,39.7,55.1,46.6
1978-04-25,35.7,58.4,46.3
1978-04-26,39.0,60.6,49.1
1978-04-27,39.0,61.8,49.7
1978-04-28,38.5,64.0,51.6
1978-04-29,41.5,66.0,52.8
1978-04-30,34.8,49.3,41.4
1978-05-01,28.7,50.1,39.4
1978-05-02,32.6,54.8,43.1
1978-05-03,29.6,57.4,44.5
1978-05-04,38.4,49.4,43.8
1978-05-05,40.5,46.1,42.9
1978-05-06,41.3,56.2,47.3
1978-05-07,37.2,58.5,48.4
1978-05-08,48.3,63.6,55.3
1978-05-09,47.5,57.8,53.1
1978-05-10,44.8,60.7,52.3
1978-05-11,45.1,67.6,56.4
1978-05-12,55.6,66.7,60.0
1978-05-13,53.0,63.8,59.2
1978-05-14,49.4,59.4,52.9
1978-05-15,50.9,57.8,53.5
1978-05-16,51.0,60.6,56.1
1978-05-17,51.0,70.5,59.5
1978-05-18,52.7,75.1,63.6
1978-05-19,56.4,80.0,68.3
1978-05-20,57.8,77.0,65.9
1978-05-21,47.1,60.9,53.6
1978-05-22,40.2,65.4,53.7
1978-05-23,48.2,68.2,58.3
1978-05-24,51.9,75.3,63.7
1978-05-25,52.1,79.2,67.0
1978-05-26,55.3,81.1,69.7
1978-05-27,59.8,82.3,71.0
1978-05-28,57.3,82.8,71.8
1978-05-29,61.0,82.3,72.5
1978-05-30,65.3,83.0,72.1
1978-05-31,62.1,78.0,69.2
1978-06-01,57.8,84.2,71.1
1978-06-02,58.4,69.1,65.3
1978-06-03,50.9,65.8,59.2
1978-06-04,47.4,71.6,61.5
1978-06-05,53.1,67.9,60.4
1978-06-06,50.5,75.7,63.8
1978-06-07,61.8,74.1,66.8
1978-06-08,58.2,68.6,63.4
1978-06-09,49.2,71.6,61.8
1978-06-10,48.2,77.3,64.9
1978-06-11,59.6,81.2,71.3
1978-06-12,55.1,76.8,70.2
1978-06-13,46.1,62.9,54.0
1978-06-14,44.8,64.3,55.5
1978-06-15,53.1,72.9,62.8
1978-06-16,57.8,76.0,67.1
1978-06-17,66.5,85.5,74.7
1978-06-18,69.7,78.5,74.5
1978-06-19,61.8,78.3,70.2
1978-06-20,59.4,80.9,71.6
1978-06-21,60.6,74.0,67.7
1978-06-22,52.7,73.1,64.1
1978-06-23,54.0,76.3,65.7
1978-06-24,53.7,78.9,67.0
1978-06-25,64.4,85.9,74.0
1978-06-26,70.2,80.5,75.1
1978-06-27,67.6,85.6,75.7
1978-06-28,62.7,83.8,74.0
1978-06-29,66.5,83.4,75.3
1978-06-30,65.6,81.7,73.4
1978-07-01,62.0,66.6,64.1
1978-07-02,61.1,66.5,63.3
1978-07-03,59.5,68.4,64.2
1978-07-04,57.5,70.5,64.9
1978-07-05,55.8,76.7,67.5
1978-07-06,58.5,82.8,72.1
1978-07-07,65.2,86.4,76.8
1978-07-08,65.8,77.9,72.6
1978-07-09,60.0,80.5,71.0
1978-07-10,60.6,70.8,66.4
1978-07-11,52.4,69.6,61.7
1978-07-12,52.7,74.7,64.3
1978-07-13,61.7,76.2,68.9
1978-07-14,64.9,80.2,72.4
1978-07-15,63.1,83.9,73.2
1978-07-16,60.4,72.2,66.7
1978-07-17,52.9,78.7,66.8
1978-07-18,63.4,84.9,74.6
1978-07-19,71.3,87.3,78.9
1978-07-20,70.5,90.1,80.9
1978-07-21,72.6,86.9,79.4
1978-07-22,72.9,89.5,81.0
1978-07-23,69.4,78.8,74.4
1978-07-24,62.9,76.3,69.7
1978-07-25,65.3,82.4,73.4
1978-07-26,67.6,88.7,76.9
1978-07-27,65.5,80.9,73.7
1978-07-28,55.0,73.9,64.7
1978-07-29,62.7,80.7,70.8
1978-07-30,59.0,68.5,63.7
1978-07-31,53.3,74.7,65.3
1978-08-01,61.2,78.8,70.3
1978-08-02,59.7,81.9,70.4
1978-08-03,64.4,77.9,70.8
1978-08-04,54.0,72.7,64.9
1978-08-05,53.4,75.6,66.3
1978-08-06,57.1,77.7,67.8
1978-08-07,61.2,70.8,66.8
1978-08-08,63.9,81.4,72.2
1978-08-09,66.4,79.9,72.3
1978-08-10,61.8,74.9,67.4
1978-08-11,57.0,73.9,66.4
1978-08-12,59.7,78.8,70.1
1978-08-13,61.9,83.5,73.8
1978-08-14,64.0,84.7,74.8
1978-08-15,68.0,84.3,76.7
1978-08-16,71.4,81.5,76.9
1978-08-17,65.3,83.7,73.7
1978-08-18,66.4,84.4,75.8
1978-08-19,66.6,81.5,75.1
1978-08-20,56.8,73.9,65.3
1978-08-21,54.7,76.9,66.1
1978-08-22,54.6,81.9,69.6
1978-08-23,60.0,85.4,73.8
1978-08-24,66.4,84.0,75.6
1978-08-25,66.7,78.3,72.5
1978-08-26,64.0,72.8,68.7
1978-08-27,66.6,79.6,72.1
1978-08-28,69.4,80.2,73.7
1978-08-29,64.0,76.5,69.8
1978-08-30,59.0,74.5,67.0
1978-08-31,59.8,72.9,65.7
1978-09-01,53.7,77.0,65.5
1978-09-02,58.5,80.7,69.5
1978-09-03,60.8,77.8,69.6
1978-09-04,54.2,76.9,65.2
1978-09-05,58.7,85.5,71.6
1978-09-06,65.8,86.8,76.3
1978-09-07,66.8,86.5,76.2
1978-09-08,65.8,90.8,77.9
1978-09-09,65.0,76.6,70.7
1978-09-10,63.0,87.6,75.0
1978-09-11,69.1,86.7,77.1
1978-09-12,61.2,73.8,66.4
1978-09-13,57.2,64.4,60.5
1978-09-14,63.0,77.1,68.9
1978-09-15,58.4,75.5,66.8
1978-09-16,61.3,72.9,66.7
1978-09-17,60.5,74.5,67.1
1978-09-18,62.7,82.6,71.2
1978-09-19,63.1,78.7,69.7
1978-09-20,67.8,87.1,76.6
1978-09-21,55.6,75.3,64.8
1978-09-22,50.5,63.4,56.5
1978-09-23,47.0,65.1,56.2
1978-09-24,46.5,71.8,59.7
1978-09-25,50.4,63.2,56.5
1978-09-26,43.9,67.7,56.2
1978-09-27,52.0,73.4,59.3
1978-09-28,46.0,59.5,52.4
1978-09-29,43.2,63.2,53.3
1978-09-30,51.2,63.2,57.0
1978-10-01,50.2,62.8,56.3
1978-10-02,49.8,62.1,55.9
1978-10-03,53.2,60.8,56.3
1978-10-04,48.1,60.0,53.9
1978-10-05,47.7,65.0,53.4
1978-10-06,47.7,57.8,51.5
1978-10-07,42.0,51.8,46.4
1978-10-08,36.1,49.6,43.3
1978-10-09,34.3,60.0,48.3
1978-10-10,48.5,68.7,57.1
1978-10-11,47.4,65.2,56.1
1978-10-12,48.1,66.9,57.1
1978-10-13,44.6,58.4,49.8
1978-10-14,39.8,51.6,45.4
1978-10-15,34.1,48.8,42.0
1978-10-16,37.1,48.4,42.0
1978-10-17,29.6,51.2,40.5
1978-10-18,39.3,57.4,47.8
1978-10-19,42.4,55.1,47.7
1978-10-20,37.8,60.7,49.2
1978-10-21,47.3,70.4,57.8
1978-10-22,55.0,71.5,61.8
1978-10-23,37.7,58.2,45.4
1978-10-24,29.1,49.7,40.3
1978-10-25,39.7,56.8,49.0
1978-10-26,42.8,56.3,49.7
1978-10-27,38.8,56.8,46.8
1978-10-28,40.3,50.5,45.5
1978-10-29,33.3,49.1,40.5
1978-10-30,37.2,60.2,46.9
1978-10-31,42.1,59.9,49.5
1978-11-01,32.9,53.1,42.8
1978-11-02,37.8,62.2,48.1
1978-11-03,38.7,65.9,50.5
1978-11-04,46.0,68.1,55.8
1978-11-05,49.9,70.9,59.5
1978-11-06,39.9,60.8,49.0
1978-11-07,34.2,46.5,41.2
1978-11-08,27.0,50.3,39.6
1978-11-09,40.5,57.6,46.9
1978-11-10,37.1,54.6,44.8
1978-11-11,39.7,57.3,47.4
1978-11-12,38.6,43.3,40.6
1978-11-13,37.3,59.9,47.5
1978-11-14,36.1,59.5,46.0
1978-11-15,31.0,40.8,36.6
1978-11-16,30.2,44.2,37.5
1978-11-17,39.4,59.8,48.2
1978-11-18,38.1,44.2,41.5
1978-11-19,30.2,42.6,37.1
1978-11-20,27.9,34.7,30.7
1978-11-21,27.0,34.0,29.8
1978-11-22,26.9,37.2,31.7
1978-11-23,32.2,45.3,39.8
1978-11-24,33.2,39.9,36.3
1978-11-25,29.9,36.9,32.9
1978-11-26,28.2,31.7,30.2
1978-11-27,27.0,32.5,29.2
1978-11-28,18.0,31.6,26.8
1978-11-29,15.4,37.6,27.8
1978-11-30,17.8,35.6,27.1
1978-12-01,20.6,35.1,29.1
1978-12-02,18.5,27.5,23.7
1978-12-03,25.7,49.1,38.2
1978-12-04,22.2,37.9,26.8
1978-12-05,28.2,37.1,31.3
1978-12-06,24.7,37.0,30.2
1978-12-07,26.0,38.8,32.3
1978-12-08,23.7,37.7,30.1
1978-12-09,17.0,23.6,20.4
1978-12-10,11.9,22.1,16.5
1978-12-11,7.1,32.1,20.8
1978-12-12,29.0,38.6,33.2
1978-12-13,25.2,36.9,32.3
1978-12-14,23.3,33.4,28.1
1978-12-15,30.5,39.4,33.3
1978-12-16,20.2,41.4,31.2
1978-12-17,28.8,37.3,31.9
1978-12-18,26.7,38.6,31.2
1978-12-19,23.2,28.6,25.5
1978-12-20,26.4,45.2,32.7
1978-12-21,27.1,33.1,30.7
1978-12-22,25.8,38.8,30.8
1978-12-23,26.5,37.2,30.6
1978-12-24,29.3,38.6,32.4
1978-12-25,23.7,32.1,27.7
1978-12-26,20.5,28.2,23.8
1978-12-27,15.4,23.0,19.8
1978-12-28,8.2,25.7,18.1
1978-12-29,22.5,30.5,26.7
1978-12-30,30.9,38.5,35.0
1978-12-31,32.5,34.6,34.0
1979-01-01,22.3,32.4,28.1
1979-01-02,-4.5,21.6,13.3
1979-01-03,-5.3,7.8,1.8
1979-01-04,5.1,14.1,8.5
1979-01-05,4.6,14.4,9.1
1979-01-06,-1.3,16.0,7.2
1979-01-07,3.1,18.1,12.0
1979-01-08,-0.6,17.1,9.7
1979-01-09,-1.4,16.4,8.0
1979-01-10,-4.5,13.9,6.8
1979-01-11,-5.4,12.9,2.4
1979-01-12,-0.0,20.7,11.2
1979-01-13,15.7,33.1,24.6
1979-01-14,4.4,32.8,16.3
1979-01-15,-6.7,6.8,1.0
1979-01-16,4.7,17.4,11.4
1979-01-17,13.3,34.8,23.4
1979-01-18,-2.0,15.9,8.8
1979-01-19,-3.8,19.9,9.6
1979-01-20,21.0,33.3,29.4
1979-01-21,22.5,31.9,28.6
1979-01-22,21.4,29.6,24.5
1979-01-23,19.2,30.0,24.0
1979-01-24,26.6,33.9,29.9
1979-01-25,15.8,29.3,20.6
1979-01-26,14.9,31.2,22.4
1979-01-27,24.3,31.9,28.1
1979-01-28,29.1,33.5,31.0
1979-01-29,22.6,28.9,25.4
1979-01-30,19.8,27.4,22.7
1979-01-31,14.7,22.9,18.5
1979-02-01,8.5,19.0,12.8
1979-02-02,-2.5,21.4,9.9
1979-02-03,9.3,25.7,17.6
1979-02-04,4.1,20.8,12.3
1979-02-05,-3.5,10.0,2.3
1979-02-06,-9.6,17.1,4.2
1979-02-07,8.9,25.7,17.1
1979-02-08,1.1,12.1,5.9
1979-02-09,-8.2,10.1,0.5
1979-02-10,-2.7,5.9,0.3
1979-02-11,-10.8,9.8,0.2
1979-02-12,3.4,15.7,9.1
1979-02-13,-1.9,15.4,5.6
1979-02-14,3.6,15.3,9.4
1979-02-15,12.5,17.4,14.8
1979-02-16,-3.2,14.6,7.3
1979-02-17,-11.9,3.9,-3.8
1979-02-18,-5.7,10.1,2.3
1979-02-19,6.4,20.6,12.3
1979-02-20,6.4,27.6,17.0
1979-02-21,26.1,38.6,34.0
1979-02-22,29.0,34.2,31.6
1979-02-23,34.0,44.9,39.2
1979-02-24,25.2,33.8,28.9
1979-02-25,18.0,25.6,22.2
1979-02-26,14.5,28.6,19.7
1979-02-27,14.3,40.5,24.9
1979-02-28,13.6,38.8,27.1
1979-03-01,29.1,41.3,34.1
1979-03-02,26.8,38.0,32.0
1979-03-03,27.9,51.0,40.5
1979-03-04,41.5,61.4,51.2
1979-03-05,32.7,40.2,36.4
1979-03-06,26.6,38.9,33.1
1979-03-07,26.0,48.1,36.1
1979-03-08,27.5,47.6,36.6
1979-03-09,26.1,41.6,34.1
1979-03-10,16.9,35.2,27.8
1979-03-11,13.4,24.8,18.6
1979-03-12,16.5,39.2,26.4
1979-03-13,27.5,56.6,43.0
1979-03-14,17.9,44.7,30.7
1979-03-15,14.5,29.4,20.7
1979-03-16,19.2,44.5,30.5
1979-03-17,26.3,52.8,39.2
1979-03-18,34.0,55.3,41.8
1979-03-19,34.8,48.7,38.3
1979-03-20,33.5,50.0,39.5
1979-03-21,35.2,55.0,44.3
1979-03-22,29.6,60.0,44.3
1979-03-23,41.0,66.7,53.5
1979-03-24,36.6,53.1,49.1
1979-03-25,24.5,34.0,29.4
1979-03-26,19.3,35.5,25.6
1979-03-27,18.0,34.3,25.6
1979-03-28,21.7,53.1,37.5
1979-03-29,53.3,59.4,56.3
1979-03-30,55.2,65.5,60.0
1979-03-31,34.8,57.0,47.0
1979-04-01,33.0,46.3,38.2
1979-04-02,34.4,54.0,42.1
1979-04-03,32.5,48.5,38.5
1979-04-04,31.6,38.4,33.9
1979-04-05,28.7,44.1,36.9
1979-04-06,22.0,30.6,25.1
1979-04-07,20.6,38.8,28.9
1979-04-08,29.6,32.0,30.9
1979-04-09,27.7,40.5,32.4
1979-04-10,23.8,46.8,34.7
1979-04-11,28.2,46.4,36.3
1979-04-12,39.6,64.4,49.7
1979-04-13,45.8,61.8,55.7
1979-04-14,39.7,58.5,48.2
1979-04-15,39.2,49.2,43.9
1979-04-16,36.1,53.1,44.3
1979-04-17,35.5,52.2,43.7
1979-04-18,29.8,57.3,43.9
1979-04-19,29.6,60.3,45.9
1979-04-20,35.4,63.1,48.8
1979-04-21,41.1,69.3,54.6
1979-04-22,45.8,64.6,54.6
1979-04-23,44.1,68.5,55.7
1979-04-24,43.4,66.0,55.7
1979-04-25,57.0,68.3,62.1
1979-04-26,45.6,68.4,57.4
1979-04-27,40.6,55.1,47.4
1979-04-28,36.3,45.9,41.2
1979-04-29,30.9,51.1,43.1
1979-04-30,39.8,50.7,45.1
1979-05-01,33.0,56.7,45.1
1979-05-02,38.7,62.6,51.2
1979-05-03,46.7,63.5,57.2
1979-05-04,38.3,51.8,45.3
1979-05-05,33.4,54.4,45.1
1979-05-06,48.0,68.4,56.3
1979-05-07,49.8,76.2,63.6
1979-05-08,58.5,81.9,70.9
1979-05-09,64.5,82.3,73.6
1979-05-10,62.5,80.7,71.7
1979-05-11,62.8,82.0,71.3
1979-05-12,50.3,61.1,54.3
1979-05-13,46.9,64.4,54.7
1979-05-14,49.2,66.4,56.7
1979-05-15,47.5,64.4,55.6
1979-05-16,40.6,61.2,51.9
1979-05-17,41.3,65.1,54.7
1979-05-18,52.0,76.1,63.6
1979-05-19,53.7,75.5,64.4
1979-05-20,53.0,73.1,62.6
1979-05-21,49.4,60.1,55.8
1979-05-22,43.4,60.8,52.7
1979-05-23,48.0,69.3,57.4
1979-05-24,43.8,52.0,48.1
1979-05-25,44.3,51.5,48.1
1979-05-26,43.3,50.9,47.1
1979-05-27,42.3,59.7,51.8
1979-05-28,47.2,58.3,52.2
1979-05-29,43.2,64.8,55.4
1979-05-30,47.5,66.4,56.2
1979-05-31,52.7,73.6,63.4
1979-06-01,57.0,77.6,66.9
1979-06-02,53.0,75.0,64.5
1979-06-03,55.8,77.8,67.4
1979-06-04,55.5,82.1,69.4
1979-06-05,59.0,73.8,66.4
1979-06-06,55.8,76.5,66.1
1979-06-07,65.3,81.7,71.9
1979-06-08,66.5,83.9,74.6
1979-06-09,68.8,81.5,75.3
1979-06-10,58.0,84.9,72.6
1979-06-11,54.9,67.9,61.1
1979-06-12,47.4,67.6,58.3
1979-06-13,47.5,71.8,60.9
1979-06-14,56.5,80.1,68.8
1979-06-15,66.2,85.2,75.8
1979-06-16,65.8,83.6,75.3
1979-06-17,64.9,83.1,73.5
1979-06-18,56.1,69.3,62.3
1979-06-19,53.2,74.3,64.7
1979-06-20,63.0,83.1,72.5
1979-06-21,66.9,83.5,74.4
1979-06-22,60.3,76.5,68.8
1979-06-23,49.7,59.0,54.8
1979-06-24,50.2,67.9,58.2
1979-06-25,44.8,70.3,59.2
1979-06-26,50.6,77.0,65.2
1979-06-27,60.0,81.8,70.7
1979-06-28,61.4,79.2,70.2
1979-06-29,62.6,74.3,67.8
1979-06-30,59.8,65.0,62.5
1979-07-01,57.9,64.0,60.3
1979-07-02,59.0,71.4,64.1
1979-07-03,56.4,76.0,66.4
1979-07-04,57.0,72.5,63.6
1979-07-05,51.9,68.8,60.7
1979-07-06,51.6,74.1,64.0
1979-07-07,53.1,77.0,66.1
1979-07-08,58.9,80.0,69.8
1979-07-09,64.0,73.0,67.1
1979-07-10,60.0,81.3,70.4
1979-07-11,63.8,82.6,73.3
1979-07-12,64.1,83.7,75.0
1979-07-13,69.5,82.8,76.8
1979-07-14,68.1,86.6,76.9
1979-07-15,69.8,86.0,77.6
1979-07-16,65.6,80.0,72.9
1979-07-17,59.9,74.6,67.2
1979-07-18,54.3,75.3,66.0
1979-07-19,54.5,78.6,68.5
1979-07-20,56.1,82.0,70.2
1979-07-21,58.3,81.4,71.5
1979-07-22,60.6,83.2,73.9
1979-07-23,64.0,84.1,75.2
1979-07-24,69.6,82.4,75.2
1979-07-25,71.2,76.1,73.2
1979-07-26,67.3,76.7,70.9
1979-07-27,61.0,82.1,72.5
1979-07-28,68.4,80.5,72.5
1979-07-29,63.1,80.8,72.2
1979-07-30,62.2,83.4,73.6
1979-07-31,73.2,83.6,77.3
1979-08-01,68.7,75.7,71.2
1979-08-02,63.7,77.7,70.5
1979-08-03,59.5,78.9,70.7
1979-08-04,65.3,85.0,75.1
1979-08-05,68.8,84.4,74.9
1979-08-06,65.7,78.3,71.5
1979-08-07,63.4,89.0,76.4
1979-08-08,69.7,85.3,76.7
1979-08-09,65.6,73.8,70.1
1979-08-10,69.4,79.4,75.3
1979-08-11,57.5,68.3,64.0
1979-08-12,52.2,69.9,61.4
1979-08-13,53.0,73.0,63.6
1979-08-14,57.1,66.2,62.5
1979-08-15,51.2,67.3,58.9
1979-08-16,46.0,69.2,59.2
1979-08-17,56.6,68.6,62.7
1979-08-18,61.4,76.8,68.4
1979-08-19,62.6,78.2,70.3
1979-08-20,63.6,75.9,68.2
1979-08-21,62.3,77.4,69.3
1979-08-22,62.5,75.7,68.6
1979-08-23,64.7,77.1,70.3
1979-08-24,65.3,77.6,71.2
1979-08-25,58.2,72.4,66.1
1979-08-26,58.3,74.6,65.8
1979-08-27,60.2,74.8,67.0
1979-08-28,63.6,76.9,69.5
1979-08-29,66.2,79.4,71.0
1979-08-30,62.3,82.7,72.4
1979-08-31,63.2,80.2,71.2
1979-09-01,67.6,80.9,73.8
1979-09-02,69.1,78.2,73.1
1979-09-03,62.2,78.7,70.0
1979-09-04,63.0,76.6,68.7
1979-09-05,60.6,81.7,71.0
1979-09-06,64.0,78.0,70.9
1979-09-07,55.5,66.3,61.6
1979-09-08,49.0,59.6,54.8
1979-09-09,49.7,66.1,57.9
1979-09-10,56.0,78.6,66.1
1979-09-11,56.1,68.4,61.4
1979-09-12,54.6,79.0,67.2
1979-09-13,66.4,78.2,70.5
1979-09-14,57.8,67.2,62.4
1979-09-15,50.0,65.0,58.0
1979-09-16,48.7,71.2,60.1
1979-09-17,53.4,73.4,62.9
1979-09-18,57.8,75.2,65.3
1979-09-19,47.1,59.5,53.6
1979-09-20,45.8,69.0,56.8
1979-09-21,54.3,62.1,58.9
1979-09-22,49.5,62.7,55.7
1979-09-23,44.8,62.2,52.9
1979-09-24,45.6,68.3,56.6
1979-09-25,50.6,73.2,61.8
1979-09-26,51.4,75.3,62.8
1979-09-27,50.3,74.4,62.7
1979-09-28,57.9,72.1,64.2
1979-09-29,56.5,77.9,66.8
1979-09-30,59.7,76.8,67.6
1979-10-01,58.1,74.1,65.6
1979-10-02,59.8,68.9,63.2
1979-10-03,56.5,65.6,60.4
1979-10-04,50.0,60.3,55.2
1979-10-05,44.2,57.7,50.5
1979-10-06,44.7,50.0,47.4
1979-10-07,43.2,52.0,47.2
1979-10-08,40.7,59.5,48.5
1979-10-09,41.9,51.7,47.2
1979-10-10,34.6,49.7,42.0
1979-10-11,33.3,46.0,40.7
1979-10-12,38.0,48.4,43.9
1979-10-13,36.6,47.4,41.6
1979-10-14,33.5,49.7,41.7
1979-10-15,40.1,60.4,48.7
1979-10-16,44.0,57.8,51.5
1979-10-17,51.5,59.6,54.8
1979-10-18,51.5,61.9,55.5
1979-10-19,53.1,66.2,60.5
1979-10-20,61.3,71.8,67.0
1979-10-21,65.8,75.8,70.7
1979-10-22,65.0,76.3,70.3
1979-10-23,43.4,61.9,48.2
1979-10-24,40.0,44.9,42.4
1979-10-25,33.1,42.0,38.7
1979-10-26,28.8,40.7,34.8
1979-10-27,31.2,52.7,41.4
1979-10-28,42.5,52.8,47.7
1979-10-29,33.3,52.1,42.4
1979-10-30,36.6,53.9,44.1
1979-10-31,45.5,67.3,57.0
1979-11-01,44.7,60.3,54.3
1979-11-02,37.0,46.4,41.7
1979-11-03,32.9,47.3,39.2
1979-11-04,31.5,45.3,38.7
1979-11-05,33.3,52.2,41.6
1979-11-06,37.7,48.8,42.7
1979-11-07,33.5,40.9,36.9
1979-11-08,31.5,42.4,36.9
1979-11-09,27.5,39.3,34.5
1979-11-10,31.1,34.8,33.4
1979-11-11,27.1,34.7,30.9
1979-11-12,24.0,38.6,30.2
1979-11-13,27.0,40.7,33.4
1979-11-14,26.1,38.8,33.0
1979-11-15,33.2,42.6,36.3
1979-11-16,28.1,39.1,33.3
1979-11-17,36.9,56.2,45.0
1979-11-18,40.4,60.0,48.5
1979-11-19,44.2,59.5,51.2
1979-11-20,42.4,58.5,50.7
1979-11-21,41.3,56.1,47.6
1979-11-22,52.7,58.3,55.7
1979-11-23,40.8,57.5,47.2
1979-11-24,34.9,44.4,38.7
1979-11-25,30.5,52.1,39.7
1979-11-26,42.1,56.8,47.2
1979-11-27,34.3,45.3,41.1
1979-11-28,26.9,35.9,32.7
1979-11-29,23.4,32.3,27.1
1979-11-30,21.3,29.5,26.0
1979-12-01,20.9,28.9,24.3
1979-12-02,10.3,25.2,17.6
1979-12-03,10.4,29.2,21.5
1979-12-04,27.1,36.5,30.4
1979-12-05,28.1,50.7,41.4
1979-12-06,29.5,38.9,34.3
1979-12-07,29.2,44.0,35.5
1979-12-08,23.6,32.5,28.3
1979-12-09,23.8,39.0,30.7
1979-12-10,26.6,46.1,36.7
1979-12-11,43.7,55.2,49.6
1979-12-12,30.0,55.3,39.7
1979-12-13,25.5,32.0,28.1
1979-12-14,22.9,31.8,27.4
1979-12-15,23.4,38.8,29.8
1979-12-16,14.7,34.2,28.1
1979-12-17,13.1,23.8,17.2
1979-12-18,15.4,27.5,21.6
1979-12-19,24.4,38.0,29.4
1979-12-20,22.0,35.2,27.0
1979-12-21,24.9,41.5,33.2
1979-12-22,40.5,44.3,42.3
1979-12-23,43.2,51.1,46.8
1979-12-24,43.3,50.5,46.2
1979-12-25,28.6,44.1,35.3
1979-12-26,25.1,34.4,29.8
1979-12-27,27.8,37.2,31.3
1979-12-28,28.6,41.0,32.4
1979-12-29,28.6,43.3,33.1
1979-12-30,26.1,41.0,31.0
1979-12-31,23.7,38.2,29.5
1980-01-01,23.2,31.0,27.9
1980-01-02,27.3,33.8,29.8
1980-01-03,23.1,28.5,25.5
1980-01-04,21.1,26.9,23.5
1980-01-05,20.5,28.4,24.2
1980-01-06,14.7,30.1,22.1
1980-01-07,15.8,35.0,22.3
1980-01-08,13.6,22.0,17.3
1980-01-09,12.2,20.8,16.5
1980-01-10,6.9,42.9,22.7
1980-01-11,21.0,51.6,40.3
1980-01-12,12.1,24.0,18.1
1980-01-13,18.8,40.7,30.2
1980-01-14,28.9,41.0,34.0
1980-01-15,29.1,36.0,31.6
1980-01-16,30.7,45.1,36.7
1980-01-17,35.4,47.0,42.4
1980-01-18,31.1,37.2,34.3
1980-01-19,27.1,37.6,31.7
1980-01-20,25.1,32.3,27.7
1980-01-21,24.6,37.7,29.5
1980-01-22,27.5,35.4,30.8
1980-01-23,9.0,26.7,17.2
1980-01-24,8.3,19.9,15.1
1980-01-25,16.8,28.5,22.2
1980-01-26,10.0,23.8,17.5
1980-01-27,16.9,25.5,21.7
1980-01-28,11.6,21.3,16.5
1980-01-29,12.0,21.4,15.8
1980-01-30,6.5,17.9,11.8
1980-01-31,5.0,18.1,10.7
1980-02-01,1.0,17.0,8.3
1980-02-02,-0.1,19.6,9.0
1980-02-03,0.5,20.0,9.7
1980-02-04,3.6,25.0,12.9
1980-02-05,6.1,25.0,15.1
1980-02-06,15.2,27.3,20.1
1980-02-07,17.0,30.0,21.7
1980-02-08,12.8,29.9,21.9
1980-02-09,18.5,27.9,22.8
1980-02-10,18.1,28.2,22.7
1980-02-11,15.0,25.3,20.3
1980-02-12,12.7,27.2,19.5
1980-02-13,13.1,28.9,21.5
1980-02-14,24.5,32.3,28.3
1980-02-15,20.7,26.5,23.9
1980-02-16,5.5,21.4,15.1
1980-02-17,-5.8,17.8,6.6
1980-02-18,4.0,25.1,15.3
1980-02-19,26.9,37.6,32.2
1980-02-20,33.7,38.0,35.4
1980-02-21,27.3,39.9,34.4
1980-02-22,33.2,42.3,35.8
1980-02-23,31.4,37.6,33.8
1980-02-24,26.0,34.2,31.3
1980-02-25,14.5,31.1,24.6
1980-02-26,6.2,24.1,14.8
1980-02-27,16.8,25.6,21.8
1980-02-28,15.1,25.6,19.5
1980-02-29,1.5,12.8,7.6
1980-03-01,1.9,16.2,7.3
1980-03-02,-0.6,22.5,10.2
1980-03-03,9.4,30.1,19.6
1980-03-04,22.7,39.6,30.2
1980-03-05,19.3,33.4,29.1
1980-03-06,7.8,28.5,21.1
1980-03-07,19.4,30.7,26.6
1980-03-08,17.9,31.1,27.2
1980-03-09,12.6,33.5,24.4
1980-03-10,18.7,43.1,33.9
1980-03-11,8.7,22.5,17.1
1980-03-12,-2.9,21.2,11.3
1980-03-13,17.5,32.0,26.0
1980-03-14,20.1,35.3,27.7
1980-03-15,16.9,36.2,27.0
1980-03-16,25.7,54.2,39.9
1980-03-17,30.1,49.2,42.2
1980-03-18,26.8,42.0,33.3
1980-03-19,30.6,54.0,41.7
1980-03-20,35.7,59.7,46.6
1980-03-21,28.3,44.6,35.8
1980-03-22,24.7,41.0,31.9
1980-03-23,25.1,36.1,31.0
1980-03-24,31.9,39.9,34.6
1980-03-25,27.8,40.9,34.1
1980-03-26,27.2,40.4,34.3
1980-03-27,26.0,47.7,36.5
1980-03-28,31.7,50.2,40.5
1980-03-29,34.7,45.9,39.2
1980-03-30,31.4,50.1,39.7
1980-03-31,37.1,41.5,39.4
1980-04-01,35.4,44.0,39.5
1980-04-02,35.1,52.7,43.1
1980-04-03,30.2,46.1,38.8
1980-04-04,36.9,42.7,40.9
1980-04-05,31.5,55.3,42.8
1980-04-06,31.2,57.8,45.8
1980-04-07,40.5,58.1,49.8
1980-04-08,49.2,58.7,54.3
1980-04-09,37.2,51.8,45.6
1980-04-10,34.9,47.3,39.7
1980-04-11,35.2,53.6,43.4
1980-04-12,37.0,51.4,46.2
1980-04-13,29.4,46.2,38.2
1980-04-14,32.8,43.4,37.7
1980-04-15,33.6,43.3,38.3
1980-04-16,27.7,43.0,34.5
1980-04-17,25.2,55.2,40.3
1980-04-18,36.8,65.2,50.6
1980-04-19,35.9,68.1,54.1
1980-04-20,45.0,68.5,57.3
1980-04-21,34.4,65.8,51.4
1980-04-22,45.0,80.0,61.4
1980-04-23,41.3,60.8,52.6
1980-04-24,34.2,47.7,40.7
1980-04-25,33.2,54.1,43.7
1980-04-26,34.0,55.1,45.8
1980-04-27,40.4,55.4,47.1
1980-04-28,42.7,51.9,47.2
1980-04-29,42.6,55.8,48.6
1980-04-30,44.1,57.4,50.1
1980-05-01,40.3,62.3,52.6
1980-05-02,43.2,68.4,56.4
1980-05-03,46.0,75.7,61.0
1980-05-04,44.9,77.7,63.2
1980-05-05,58.6,80.4,68.2
1980-05-06,49.5,66.9,58.3
1980-05-07,41.5,52.8,47.7
1980-05-08,35.9,50.1,44.1
1980-05-09,35.4,53.2,45.1
1980-05-10,38.4,62.2,52.5
1980-05-11,51.1,66.1,57.9
1980-05-12,47.0,65.3,56.5
1980-05-13,48.2,73.8,58.5
1980-05-14,44.5,54.9,49.6
1980-05-15,39.0,59.1,50.2
1980-05-16,41.6,62.6,52.9
1980-05-17,53.3,60.3,56.5
1980-05-18,55.4,67.6,60.9
1980-05-19,51.2,67.2,58.7
1980-05-20,47.6,69.3,58.9
1980-05-21,49.5,72.8,61.4
1980-05-22,49.2,79.4,65.8
1980-05-23,53.3,79.0,68.5
1980-05-24,61.6,78.1,69.6
1980-05-25,55.0,75.1,65.1
1980-05-26,49.5,68.8,58.8
1980-05-27,46.3,74.0,61.1
1980-05-28,55.7,80.8,68.9
1980-05-29,57.8,80.1,70.1
1980-05-30,65.5,79.5,72.1
1980-05-31,60.3,72.5,67.8
1980-06-01,51.0,71.2,61.1
1980-06-02,61.8,76.0,69.2
1980-06-03,59.3,70.5,65.2
1980-06-04,53.2,69.7,61.7
1980-06-05,46.8,69.3,60.5
1980-06-06,60.4,83.1,71.3
1980-06-07,60.9,78.6,68.8
1980-06-08,47.9,62.8,54.3
1980-06-09,50.1,62.3,55.9
1980-06-10,41.2,58.6,49.5
1980-06-11,41.0,64.1,53.5
1980-06-12,44.7,72.6,60.4
1980-06-13,54.6,76.9,65.9
1980-06-14,58.3,74.8,66.2
1980-06-15,51.6,71.7,61.6
1980-06-16,45.7,63.6,54.7
1980-06-17,43.3,70.1,58.2
1980-06-18,51.7,75.0,63.1
1980-06-19,50.2,74.8,60.8
1980-06-20,49.8,71.1,60.3
1980-06-21,51.8,74.3,64.1
1980-06-22,52.6,79.1,67.7
1980-06-23,57.8,81.9,71.6
1980-06-24,63.9,79.0,72.3
1980-06-25,63.3,82.3,73.9
1980-06-26,66.3,87.9,76.6
1980-06-27,64.0,80.2,72.3
1980-06-28,61.2,85.6,72.5
1980-06-29,60.1,83.6,70.1
1980-06-30,59.0,69.3,64.5
1980-07-01,55.9,75.6,67.4
1980-07-02,64.4,77.4,70.7
1980-07-03,55.2,80.0,69.0
1980-07-04,59.9,79.1,68.1
1980-07-05,60.2,84.1,72.3
1980-07-06,57.5,75.0,66.8
1980-07-07,55.4,81.0,68.7
1980-07-08,69.3,84.0,77.3
1980-07-09,61.9,78.3,70.5
1980-07-10,64.8,83.9,74.4
1980-07-11,66.7,87.5,76.6
1980-07-12,65.1,76.8,71.4
1980-07-13,59.5,81.2,71.2
1980-07-14,64.8,87.0,76.3
1980-07-15,75.3,92.5,82.7
1980-07-16,72.1,89.4,79.9
1980-07-17,68.9,80.9,74.7
1980-07-18,61.9,82.5,72.9
1980-07-19,72.4,87.1,80.2
1980-07-20,75.8,93.4,84.5
1980-07-21,71.0,83.8,77.1
1980-07-22,67.2,79.8,72.1
1980-07-23,61.8,75.5,68.7
1980-07-24,61.2,78.0,69.9
1980-07-25,61.3,81.9,72.8
1980-07-26,65.5,82.6,74.4
1980-07-27,68.2,80.7,72.2
1980-07-28,67.3,73.8,70.1
1980-07-29,62.1,79.9,70.3
1980-07-30,60.2,79.5,70.6
1980-07-31,66.0,86.6,75.1
1980-08-01,68.9,86.0,77.1
1980-08-02,66.2,75.4,70.9
1980-08-03,64.8,78.3,71.3
1980-08-04,61.9,81.9,72.9
1980-08-05,71.2,80.8,75.3
1980-08-06,66.9,83.5,74.7
1980-08-07,69.7,88.6,79.4
1980-08-08,73.8,89.4,81.4
1980-08-09,70.7,76.9,74.8
1980-08-10,63.7,76.0,68.7
1980-08-11,66.8,79.0,71.7
1980-08-12,63.4,74.7,68.5
1980-08-13,57.6,74.1,66.7
1980-08-14,66.5,78.3,71.7
1980-08-15,61.5,74.2,67.8
1980-08-16,55.6,70.3,63.5
1980-08-17,61.2,66.1,62.9
1980-08-18,62.9,81.0,72.2
1980-08-19,59.4,83.7,72.4
1980-08-20,70.5,82.2,75.8
1980-08-21,71.6,85.4,76.2
1980-08-22,64.8,78.2,71.0
1980-08-23,59.8,79.2,69.2
1980-08-24,57.3,80.2,69.6
1980-08-25,60.4,81.0,71.5
1980-08-26,64.8,82.8,74.1
1980-08-27,66.3,84.9,75.9
1980-08-28,67.6,83.9,75.6
1980-08-29,67.9,84.5,75.4
1980-08-30,68.5,80.4,74.1
1980-08-31,67.0,77.3,71.2
1980-09-01,68.1,82.0,74.8
1980-09-02,64.3,77.6,70.8
1980-09-03,57.9,76.0,67.3
1980-09-04,61.5,81.6,70.8
1980-09-05,65.1,78.3,71.0
1980-09-06,60.7,76.9,68.2
1980-09-07,55.0,74.9,66.3
1980-09-08,61.9,78.3,69.8
1980-09-09,61.1,77.4,68.2
1980-09-10,51.8,68.1,60.8
1980-09-11,52.6,73.1,62.7
1980-09-12,59.7,68.4,63.8
1980-09-13,63.5,79.1,70.2
1980-09-14,59.8,73.9,67.2
1980-09-15,55.9,63.0,59.6
1980-09-16,57.6,67.6,63.1
1980-09-17,52.7,65.7,59.3
1980-09-18,47.3,65.5,56.7
1980-09-19,52.3,71.6,62.6
1980-09-20,64.3,78.4,70.5
1980-09-21,65.9,81.7,72.8
1980-09-22,61.0,82.6,70.8
1980-09-23,55.4,63.0,58.8
1980-09-24,50.4,61.2,55.8
1980-09-25,50.1,68.2,58.3
1980-09-26,45.5,55.6,50.7
1980-09-27,38.8,61.9,51.2
1980-09-28,47.6,62.2,54.9
1980-09-29,48.2,69.9,58.3
1980-09-30,48.8,74.0,61.5
1980-10-01,58.5,75.0,65.5
1980-10-02,49.8,61.4,55.4
1980-10-03,40.1,55.3,47.4
1980-10-04,37.4,47.2,42.1
1980-10-05,36.1,48.0,43.1
1980-10-06,37.8,56.3,47.8
1980-10-07,40.5,62.7,52.0
1980-10-08,51.3,71.6,59.9
1980-10-09,44.0,57.2,50.5
1980-10-10,38.6,64.6,51.6
1980-10-11,44.8,51.4,48.3
1980-10-12,41.4,47.9,44.5
1980-10-13,36.3,46.8,41.6
1980-10-14,37.5,45.9,41.9
1980-10-15,44.2,59.0,49.8
1980-10-16,47.6,65.4,55.6
1980-10-17,59.4,65.0,61.8
1980-10-18,48.0,57.7,52.8
1980-10-19,43.7,47.5,45.4
1980-10-20,41.3,49.6,45.3
1980-10-21,43.2,50.1,47.0
1980-10-22,32.5,48.8,41.2
1980-10-23,35.9,49.2,41.8
1980-10-24,41.5,59.8,49.4
1980-10-25,36.1,51.1,43.3
1980-10-26,35.0,41.7,37.6
1980-10-27,30.6,42.3,36.3
1980-10-28,33.1,39.5,35.9
1980-10-29,30.4,41.4,35.7
1980-10-30,27.6,45.3,36.8
1980-10-31,36.0,53.4,43.8
1980-11-01,34.9,43.6,39.8
1980-11-02,27.0,45.2,36.7
1980-11-03,37.2,63.2,50.4
1980-11-04,43.2,53.8,48.4
1980-11-05,35.6,42.9,40.2
1980-11-06,30.6,53.0,42.3
1980-11-07,41.9,60.7,51.3
1980-11-08,37.2,42.4,40.0
1980-11-09,43.0,57.0,51.0
1980-11-10,31.7,44.1,36.1
1980-11-11,25.5,35.2,30.7
1980-11-12,22.5,38.8,30.3
1980-11-13,32.9,55.2,44.0
1980-11-14,35.6,50.3,40.6
1980-11-15,30.0,39.7,34.8
1980-11-16,25.2,36.6,31.2
1980-11-17,26.9,35.9,30.5
1980-11-18,28.6,34.6,31.2
1980-11-19,25.8,39.5,31.6
1980-11-20,25.7,42.1,33.5
1980-11-21,33.2,40.3,36.3
1980-11-22,27.0,45.8,35.0
1980-11-23,34.6,40.8,38.5
1980-11-24,32.3,39.9,37.2
1980-11-25,25.5,35.2,31.0
1980-11-26,22.5,36.9,28.8
1980-11-27,28.1,38.3,33.9
1980-11-28,31.5,35.5,33.1
1980-11-29,30.1,36.0,32.7
1980-11-30,30.0,44.2,37.7
1980-12-01,36.1,47.1,41.0
1980-12-02,22.1,49.4,35.5
1980-12-03,14.9,23.8,20.4
1980-12-04,22.3,34.0,27.2
1980-12-05,29.6,35.7,33.5
1980-12-06,35.6,50.0,43.1
1980-12-07,49.7,56.8,52.5
1980-12-08,36.2,55.8,48.8
1980-12-09,32.0,35.8,33.9
1980-12-10,21.6,32.5,28.7
1980-12-11,13.7,25.0,19.9
1980-12-12,20.2,44.6,31.3
1980-12-13,24.8,34.0,28.5
1980-12-14,23.0,29.3,26.5
1980-12-15,21.6,31.4,25.1
1980-12-16,18.0,29.7,23.4
1980-12-17,12.3,31.5,20.9
1980-12-18,27.3,34.5,31.5
1980-12-19,7.7,27.2,13.7
1980-12-20,6.8,17.1,11.4
1980-12-21,9.6,21.6,14.9
1980-12-22,14.8,24.4,19.7
1980-12-23,23.9,33.9,28.6
1980-12-24,3.2,28.2,18.2
1980-12-25,-3.9,15.0,5.6
1980-12-26,4.8,20.8,13.6
1980-12-27,6.6,22.6,14.7
1980-12-28,5.3,30.2,18.3
1980-12-29,25.4,33.3,29.3
1980-12-30,21.2,26.3,24.1
1980-12-31,21.5,28.0,24.3
1981-01-01,20.4,28.1,24.0
1981-01-02,11.5,21.8,15.2
1981-01-03,-7.0,11.0,3.5
1981-01-04,-16.9,4.3,-6.1
1981-01-05,-6.6,13.5,3.7
1981-01-06,12.8,26.1,20.8
1981-01-07,-1.2,24.4,7.0
1981-01-08,-16.0,10.1,-3.0
1981-01-09,-4.7,18.1,7.2
1981-01-10,-6.7,9.6,0.9
1981-01-11,-8.9,1.0,-3.9
1981-01-12,-15.4,12.9,-0.1
1981-01-13,10.7,23.2,18.0
1981-01-14,17.2,25.4,21.2
1981-01-15,18.4,27.5,22.5
1981-01-16,11.5,23.5,18.5
1981-01-17,3.4,21.3,12.3
1981-01-18,14.4,34.1,23.7
1981-01-19,19.7,38.4,28.1
1981-01-20,21.7,35.5,29.0
1981-01-21,13.7,30.3,22.9
1981-01-22,24.4,33.9,29.2
1981-01-23,23.4,33.2,27.8
1981-01-24,14.1,36.1,24.9
1981-01-25,19.8,41.2,30.9
1981-01-26,32.9,41.9,37.8
1981-01-27,25.4,33.4,30.8
1981-01-28,16.6,29.8,24.2
1981-01-29,15.3,23.3,19.5
1981-01-30,10.2,22.1,16.5
1981-01-31,10.9,25.5,19.2
1981-02-01,22.5,35.9,31.2
1981-02-02,1.9,29.1,16.3
1981-02-03,-2.6,9.7,3.7
1981-02-04,-3.5,8.3,4.6
1981-02-05,-10.8,19.5,5.7
1981-02-06,19.5,27.0,22.7
1981-02-07,20.2,34.2,26.9
1981-02-08,13.0,26.4,19.6
1981-02-09,6.0,22.9,14.2
1981-02-10,10.0,39.5,25.8
1981-02-11,-3.7,39.3,16.1
1981-02-12,-11.7,10.0,0.1
1981-02-13,-2.3,24.6,11.5
1981-02-14,8.5,34.7,20.9
1981-02-15,21.3,40.5,31.5
1981-02-16,36.0,47.4,41.2
1981-02-17,39.8,53.2,44.5
1981-02-18,43.0,55.3,49.4
1981-02-19,41.9,50.8,46.4
1981-02-20,35.5,44.4,40.7
1981-02-21,29.2,48.0,37.1
1981-02-22,31.3,49.9,40.7
1981-02-23,35.3,48.0,42.1
1981-02-24,33.5,43.5,37.0
1981-02-25,25.8,39.1,32.4
1981-02-26,23.2,38.8,29.7
1981-02-27,22.7,37.7,29.7
1981-02-28,33.4,46.9,39.1
1981-03-01,31.2,38.9,34.6
1981-03-02,23.2,33.3,29.8
1981-03-03,20.9,34.7,26.7
1981-03-04,27.0,36.0,32.3
1981-03-05,28.0,35.6,31.2
1981-03-06,25.2,34.3,29.3
1981-03-07,21.2,36.7,28.7
1981-03-08,29.7,42.2,34.7
1981-03-09,26.1,42.3,34.2
1981-03-10,29.7,42.2,35.5
1981-03-11,27.5,34.3,31.0
1981-03-12,26.7,50.4,37.7
1981-03-13,24.3,37.4,31.8
1981-03-14,21.0,38.9,29.4
1981-03-15,33.3,54.0,41.7
1981-03-16,19.0,33.1,27.3
1981-03-17,22.5,32.0,28.2
1981-03-18,19.9,31.5,24.9
1981-03-19,18.9,29.2,24.2
1981-03-20,24.4,38.5,30.5
1981-03-21,26.7,40.1,32.4
1981-03-22,23.4,44.0,34.0
1981-03-23,28.2,48.5,37.4
1981-03-24,28.2,48.7,38.0
1981-03-25,25.5,49.4,37.2
1981-03-26,29.6,50.5,39.1
1981-03-27,34.2,52.5,41.9
1981-03-28,27.7,61.3,45.2
1981-03-29,53.1,68.4,59.4
1981-03-30,49.5,57.8,54.7
1981-03-31,44.0,66.2,55.4
1981-04-01,47.0,63.5,54.9
1981-04-02,35.5,62.1,50.3
1981-04-03,53.9,70.0,61.0
1981-04-04,49.4,68.9,63.7
1981-04-05,33.2,47.3,38.0
1981-04-06,28.6,49.1,38.0
1981-04-07,33.3,61.3,47.4
1981-04-08,50.9,69.4,58.8
1981-04-09,43.1,60.3,52.8
1981-04-10,35.2,65.6,52.6
1981-04-11,49.9,67.8,60.3
1981-04-12,43.4,50.2,47.4
1981-04-13,39.5,57.8,49.1
1981-04-14,37.0,62.2,51.0
1981-04-15,28.4,48.2,39.1
1981-04-16,34.3,60.9,48.3
1981-04-17,49.2,72.4,60.6
1981-04-18,43.3,60.5,53.2
1981-04-19,37.5,48.7,43.8
1981-04-20,31.1,45.7,38.8
1981-04-21,23.9,44.5,34.8
1981-04-22,34.1,49.2,43.1
1981-04-23,45.5,60.8,55.2
1981-04-24,38.8,46.0,42.5
1981-04-25,33.2,48.9,40.9
1981-04-26,30.6,56.4,45.0
1981-04-27,37.2,64.4,52.2
1981-04-28,49.4,74.7,59.3
1981-04-29,45.1,53.4,48.9
1981-04-30,42.8,59.1,51.0
1981-05-01,40.9,56.8,47.8
1981-05-02,37.9,55.5,46.3
1981-05-03,36.5,63.0,50.6
1981-05-04,45.7,73.2,60.2
1981-05-05,48.2,68.8,59.9
1981-05-06,40.4,51.9,45.7
1981-05-07,35.1,57.0,46.4
1981-05-08,35.5,62.2,50.5
1981-05-09,50.7,66.5,56.5
1981-05-10,48.8,58.0,53.8
1981-05-11,41.9,48.5,44.9
1981-05-12,38.9,59.0,48.6
1981-05-13,40.7,63.2,52.1
1981-05-14,43.3,49.4,46.1
1981-05-15,43.2,52.4,47.1
1981-05-16,43.7,66.4,54.9
1981-05-17,41.9,61.3,51.2
1981-05-18,38.9,55.9,47.4
1981-05-19,41.8,61.7,50.9
1981-05-20,37.7,68.2,54.4
1981-05-21,42.7,75.5,60.6
1981-05-22,51.3,76.8,65.3
1981-05-23,54.5,76.6,66.4
1981-05-24,60.4,74.9,68.4
1981-05-25,62.9,73.9,67.3
1981-05-26,61.4,73.2,66.2
1981-05-27,54.6,66.5,60.2
1981-05-28,51.7,70.5,61.4
1981-05-29,51.5,76.1,65.9
1981-05-30,55.0,68.4,64.6
1981-05-31,45.9,64.5,55.9
1981-06-01,46.2,66.1,57.5
1981-06-02,55.0,73.8,65.0
1981-06-03,63.0,78.4,69.2
1981-06-04,58.9,73.5,66.5
1981-06-05,53.0,81.2,68.1
1981-06-06,62.4,77.0,70.4
1981-06-07,54.6,77.4,66.5
1981-06-08,61.9,81.1,69.5
1981-06-09,59.0,73.4,65.9
1981-06-10,59.6,73.8,66.0
1981-06-11,55.2,75.8,66.7
1981-06-12,59.2,79.0,70.4
1981-06-13,64.4,72.5,69.2
1981-06-14,69.9,83.2,76.5
1981-06-15,72.8,86.6,79.7
1981-06-16,63.7,77.9,72.7
1981-06-17,55.9,72.6,64.3
1981-06-18,56.5,77.7,68.0
1981-06-19,61.0,77.3,69.6
1981-06-20,57.7,73.5,64.9
1981-06-21,63.0,77.5,69.5
1981-06-22,62.1,71.0,66.5
1981-06-23,57.9,72.7,64.8
1981-06-24,58.5,76.8,68.0
1981-06-25,59.8,76.6,69.4
1981-06-26,51.9,69.0,60.6
1981-06-27,48.8,70.8,61.4
1981-06-28,53.1,76.6,66.5
1981-06-29,64.3,86.9,76.0
1981-06-30,63.5,77.2,71.5
1981-07-01,61.8,74.1,68.3
1981-07-02,66.2,77.6,71.7
1981-07-03,63.3,77.8,70.8
1981-07-04,64.9,79.8,71.8
1981-07-05,65.0,81.9,73.2
1981-07-06,64.1,84.7,74.7
1981-07-07,64.0,88.6,77.6
1981-07-08,70.6,88.5,80.2
1981-07-09,75.3,87.5,80.1
1981-07-10,63.5,82.5,73.8
1981-07-11,60.3,85.5,75.1
1981-07-12,67.0,85.2,76.7
1981-07-13,71.7,86.5,78.6
1981-07-14,64.1,78.3,72.0
1981-07-15,64.2,74.7,69.3
1981-07-16,65.1,77.4,71.1
1981-07-17,65.5,82.1,74.6
1981-07-18,66.1,86.4,76.8
1981-07-19,69.0,86.0,76.5
1981-07-20,68.7,81.9,74.2
1981-07-21,65.2,75.7,70.5
1981-07-22,58.1,72.4,66.1
1981-07-23,56.6,75.0,66.0
1981-07-24,58.8,78.3,69.4
1981-07-25,59.0,83.6,73.3
1981-07-26,69.2,76.6,72.0
1981-07-27,63.4,75.2,68.6
1981-07-28,60.2,66.4,62.6
1981-07-29,59.5,71.8,64.7
1981-07-30,52.2,76.2,66.2
1981-07-31,56.2,78.0,69.2
1981-08-01,59.5,81.0,71.5
1981-08-02,64.2,83.5,74.5
1981-08-03,66.8,82.3,74.1
1981-08-04,66.9,84.8,74.8
1981-08-05,63.6,80.7,72.8
1981-08-06,65.8,78.6,71.1
1981-08-07,65.1,82.1,71.3
1981-08-08,63.9,76.6,69.3
1981-08-09,62.7,79.2,70.7
1981-08-10,65.4,80.3,72.5
1981-08-11,64.0,76.0,69.8
1981-08-12,59.2,79.7,70.3
1981-08-13,64.1,85.0,74.1
1981-08-14,67.6,81.1,72.6
1981-08-15,68.6,77.8,71.9
1981-08-16,58.6,69.3,65.1
1981-08-17,52.6,72.9,63.0
1981-08-18,47.9,74.5,62.6
1981-08-19,56.0,77.5,66.8
1981-08-20,56.4,78.5,67.9
1981-08-21,59.7,79.1,69.1
1981-08-22,56.8,79.3,69.7
1981-08-23,60.9,82.4,72.0
1981-08-24,62.8,77.5,70.3
1981-08-25,55.0,78.3,67.4
1981-08-26,57.4,80.1,70.0
1981-08-27,64.9,76.7,69.6
1981-08-28,66.7,78.3,69.8
1981-08-29,66.7,77.9,71.0
1981-08-30,64.4,77.4,70.4
1981-08-31,66.5,74.9,70.2
1981-09-01,67.3,81.1,71.9
1981-09-02,66.7,69.1,68.0
1981-09-03,64.9,72.2,67.9
1981-09-04,61.2,67.9,64.3
1981-09-05,64.0,70.5,66.3
1981-09-06,59.4,71.1,65.6
1981-09-07,58.5,73.9,66.0
1981-09-08,60.1,68.8,63.9
1981-09-09,50.4,66.1,58.7
1981-09-10,58.4,78.7,67.6
1981-09-11,63.3,82.2,72.2
1981-09-12,63.0,79.2,72.2
1981-09-13,58.6,80.2,69.7
1981-09-14,63.8,78.8,70.3
1981-09-15,55.7,68.4,62.0
1981-09-16,52.2,59.8,55.7
1981-09-17,51.2,53.3,52.2
1981-09-18,50.5,58.4,53.5
1981-09-19,49.1,68.5,57.9
1981-09-20,47.8,60.8,54.5
1981-09-21,43.7,55.4,50.1
1981-09-22,45.8,56.5,50.7
1981-09-23,41.7,58.8,49.5
1981-09-24,42.3,65.0,53.5
1981-09-25,53.8,64.0,58.9
1981-09-26,57.0,77.9,66.5
1981-09-27,54.8,68.1,62.4
1981-09-28,46.1,56.4,51.1
1981-09-29,42.7,58.7,49.7
1981-09-30,48.9,56.7,52.1
1981-10-01,47.1,63.7,55.4
1981-10-02,38.8,46.9,43.5
1981-10-03,37.9,53.3,45.1
1981-10-04,38.4,55.1,48.0
1981-10-05,55.3,63.6,58.5
1981-10-06,50.1,64.9,58.0
1981-10-07,44.0,53.2,48.4
1981-10-08,39.0,53.7,46.3
1981-10-09,37.1,54.9,46.0
1981-10-10,43.5,53.2,47.7
1981-10-11,44.2,57.6,50.0
1981-10-12,40.5,57.8,48.4
1981-10-13,41.6,60.8,50.1
1981-10-14,45.6,60.6,53.4
1981-10-15,53.4,61.6,56.4
1981-10-16,39.7,54.0,47.9
1981-10-17,36.8,59.2,48.8
1981-10-18,38.8,60.7,49.8
1981-10-19,33.9,43.3,38.7
1981-10-20,39.5,61.5,49.6
1981-10-21,38.6,51.6,42.8
1981-10-22,37.8,41.5,39.5
1981-10-23,30.9,42.9,36.2
1981-10-24,23.9,38.5,32.1
1981-10-25,28.2,49.0,38.3
1981-10-26,40.5,54.9,47.5
1981-10-27,43.0,49.5,48.1
1981-10-28,36.9,54.2,45.0
1981-10-29,37.8,52.2,44.2
1981-10-30,39.6,58.5,47.8
1981-10-31,45.1,59.1,50.8
1981-11-01,45.9,64.2,53.6
1981-11-02,47.8,61.4,53.1
1981-11-03,39.7,56.8,47.1
1981-11-04,37.8,60.5,47.5
1981-11-05,47.7,61.2,52.7
1981-11-06,38.0,49.1,42.6
1981-11-07,33.0,47.5,39.6
1981-11-08,36.4,57.4,45.9
1981-11-09,29.6,44.1,37.2
1981-11-10,25.9,42.6,34.4
1981-11-11,30.4,44.2,36.7
1981-11-12,27.0,42.3,33.7
1981-11-13,27.8,47.9,36.4
1981-11-14,29.7,52.2,38.7
1981-11-15,30.3,53.9,40.2
1981-11-16,29.7,53.7,41.4
1981-11-17,29.1,52.0,40.1
1981-11-18,37.6,47.0,41.6
1981-11-19,37.4,42.8,40.4
1981-11-20,32.5,42.4,37.3
1981-11-21,29.2,34.9,31.8
1981-11-22,27.0,34.2,30.4
1981-11-23,23.4,32.9,28.0
1981-11-24,27.6,36.7,31.3
1981-11-25,26.0,35.8,31.0
1981-11-26,32.7,55.4,42.0
1981-11-27,34.2,47.1,37.7
1981-11-28,31.0,36.7,33.9
1981-11-29,27.0,35.2,30.8
1981-11-30,27.0,36.7,31.5
1981-12-01,33.2,49.2,40.6
1981-12-02,34.2,38.8,36.5
1981-12-03,29.5,39.9,34.3
1981-12-04,29.7,37.8,34.2
1981-12-05,26.7,36.1,30.5
1981-12-06,23.5,36.4,29.8
1981-12-07,32.2,46.0,37.8
1981-12-08,26.8,37.0,32.8
1981-12-09,22.5,27.5,24.9
1981-12-10,20.5,27.5,23.4
1981-12-11,22.1,30.4,25.9
1981-12-12,24.1,32.9,28.5
1981-12-13,27.7,34.7,30.9
1981-12-14,28.3,34.0,30.6
1981-12-15,27.4,31.7,29.6
1981-12-16,23.6,30.9,26.6
1981-12-17,21.2,26.5,24.4
1981-12-18,11.9,25.6,17.5
1981-12-19,9.1,22.1,15.8
1981-12-20,10.6,25.7,16.5
1981-12-21,10.8,30.2,23.7
1981-12-22,30.1,35.2,32.2
1981-12-23,21.6,33.1,29.9
1981-12-24,13.3,26.4,19.2
1981-12-25,13.5,29.0,20.5
1981-12-26,19.3,32.3,25.5
1981-12-27,26.2,35.3,30.5
1981-12-28,20.8,26.3,24.1
1981-12-29,11.6,28.4,19.8
1981-12-30,11.8,20.2,16.3
1981-12-31,21.1,35.2,28.9
1982-01-01,8.4,35.8,25.3
1982-01-02,1.6,31.9,17.0
1982-01-03,33.1,40.4,36.4
1982-01-04,25.7,46.9,34.1
1982-01-05,23.1,29.0,25.4
1982-01-06,25.9,34.2,30.7
1982-01-07,10.9,25.0,17.4
1982-01-08,2.9,20.1,11.7
1982-01-09,-2.6,13.0,6.4
1982-01-10,-13.3,-2.0,-7.9
1982-01-11,-4.2,14.1,6.5
1982-01-12,3.5,18.2,9.6
1982-01-13,5.2,19.3,13.9
1982-01-14,1.8,19.7,10.7
1982-01-15,3.4,11.7,7.8
1982-01-16,-17.9,19.6,1.1
1982-01-17,-21.5,-5.5,-12.9
1982-01-18,-5.2,14.0,6.1
1982-01-19,3.4,25.1,13.5
1982-01-20,8.3,22.3,14.9
1982-01-21,8.9,19.2,15.6
1982-01-22,2.6,26.6,10.6
1982-01-23,5.6,44.0,25.1
1982-01-24,-2.8,8.4,3.7
1982-01-25,-5.8,11.5,1.6
1982-01-26,-8.3,14.9,1.4
1982-01-27,-4.1,30.1,13.3
1982-01-28,17.4,34.4,29.6
1982-01-29,7.1,26.6,18.5
1982-01-30,26.9,35.7,31.6
1982-01-31,11.6,25.8,16.5
1982-02-01,4.1,17.5,9.2
1982-02-02,4.5,24.1,13.0
1982-02-03,15.9,22.4,20.1
1982-02-04,2.9,16.7,10.2
1982-02-05,3.6,15.7,10.7
1982-02-06,-2.7,11.1,5.0
1982-02-07,-3.5,18.9,8.6
1982-02-08,7.1,22.1,15.1
1982-02-09,4.9,18.3,14.1
1982-02-10,-6.2,4.5,0.1
1982-02-11,-2.3,16.9,6.2
1982-02-12,0.5,18.8,10.4
1982-02-13,6.1,23.8,14.8
1982-02-14,21.4,32.9,26.3
1982-02-15,33.0,42.3,37.0
1982-02-16,29.5,37.3,32.8
1982-02-17,23.8,30.0,27.0
1982-02-18,27.0,33.1,30.7
1982-02-19,28.2,36.7,32.5
1982-02-20,29.7,41.4,34.6
1982-02-21,27.5,38.3,32.6
1982-02-22,20.2,38.0,29.3
1982-02-23,26.1,37.8,31.8
1982-02-24,14.2,26.0,21.7
1982-02-25,4.7,22.4,13.6
1982-02-26,-1.4,26.7,12.4
1982-02-27,2.8,33.6,18.7
1982-02-28,15.2,31.0,22.2
1982-03-01,17.5,38.2,29.0
1982-03-02,14.4,28.0,24.8
1982-03-03,4.8,19.8,11.9
1982-03-04,9.1,31.8,19.3
1982-03-05,10.1,29.5,19.1
1982-03-06,5.5,29.4,18.5
1982-03-07,11.7,26.4,19.8
1982-03-08,-2.0,23.8,12.4
1982-03-09,15.2,29.2,22.1
1982-03-10,13.7,39.8,28.8
1982-03-11,34.5,45.6,40.7
1982-03-12,31.6,45.9,37.6
1982-03-13,35.2,55.5,44.3
1982-03-14,30.8,44.2,37.0
1982-03-15,29.9,37.2,34.0
1982-03-16,34.9,51.3,40.2
1982-03-17,33.1,42.3,37.3
1982-03-18,31.9,49.6,39.4
1982-03-19,31.3,39.7,35.1
1982-03-20,32.1,39.1,35.4
1982-03-21,31.3,44.0,37.3
1982-03-22,29.9,44.2,36.6
1982-03-23,26.0,44.4,36.0
1982-03-24,32.4,48.7,39.9
1982-03-25,28.7,36.8,33.3
1982-03-26,20.0,33.2,28.0
1982-03-27,16.9,30.3,22.9
1982-03-28,19.9,39.6,29.7
1982-03-29,23.3,49.1,36.0
1982-03-30,35.3,63.3,50.0
1982-03-31,46.4,57.7,51.9
1982-04-01,37.7,52.4,45.2
1982-04-02,27.0,50.2,38.5
1982-04-03,27.0,56.9,43.6
1982-04-04,15.0,27.8,21.1
1982-04-05,10.3,28.4,19.2
1982-04-06,12.6,25.2,18.2
1982-04-07,1.0,28.0,14.5
1982-04-08,1.9,32.8,19.4
1982-04-09,23.1,40.0,30.4
1982-04-10,20.8,38.9,31.0
1982-04-11,28.0,40.5,33.6
1982-04-12,24.8,47.3,37.5
1982-04-13,38.0,52.3,48.1
1982-04-14,27.0,50.6,38.6
1982-04-15,27.4,60.4,43.8
1982-04-16,43.7,73.8,58.6
1982-04-17,43.0,60.7,54.2
1982-04-18,36.6,56.4,46.1
1982-04-19,40.5,66.2,52.7
1982-04-20,36.0,57.0,51.0
1982-04-21,30.0,49.3,39.4
1982-04-22,28.5,52.0,40.7
1982-04-23,38.8,61.1,49.6
1982-04-24,43.2,66.7,54.9
1982-04-25,42.6,67.3,56.1
1982-04-26,50.6,66.0,58.0
1982-04-27,38.8,53.4,45.4
1982-04-28,34.0,56.4,45.3
1982-04-29,34.9,58.3,47.8
1982-04-30,45.3,59.5,52.0
1982-05-01,44.2,65.1,55.9
1982-05-02,40.8,66.9,55.4
1982-05-03,42.4,69.4,57.3
1982-05-04,45.1,69.8,57.6
1982-05-05,49.8,77.0,64.0
1982-05-06,59.1,80.6,70.3
1982-05-07,55.7,68.1,62.5
1982-05-08,49.8,66.8,58.3
1982-05-09,44.8,66.7,56.0
1982-05-10,44.8,66.7,55.8
1982-05-11,49.4,79.2,65.4
1982-05-12,59.4,78.3,68.9
1982-05-13,55.8,78.9,67.7
1982-05-14,58.1,78.6,67.9
1982-05-15,60.5,76.3,66.7
1982-05-16,54.6,77.2,66.4
1982-05-17,56.0,79.4,68.4
1982-05-18,59.6,84.3,71.4
1982-05-19,63.1,76.6,69.5
1982-05-20,55.9,75.6,67.1
1982-05-21,52.0,68.7,60.7
1982-05-22,53.9,67.2,59.6
1982-05-23,56.5,69.4,62.3
1982-05-24,55.7,66.6,60.9
1982-05-25,51.6,67.9,60.8
1982-05-26,55.8,72.2,64.3
1982-05-27,60.7,76.9,66.8
1982-05-28,62.5,74.8,68.3
1982-05-29,57.4,78.0,67.7
1982-05-30,64.3,74.2,68.9
1982-05-31,60.6,81.3,70.8
1982-06-01,56.2,67.9,63.3
1982-06-02,48.8,71.1,60.9
1982-06-03,48.1,56.6,52.4
1982-06-04,49.1,63.2,56.9
1982-06-05,52.2,64.8,58.5
1982-06-06,55.0,73.9,64.0
1982-06-07,52.9,73.6,63.6
1982-06-08,58.5,81.6,70.7
1982-06-09,60.6,76.8,69.2
1982-06-10,59.1,70.9,66.2
1982-06-11,49.5,72.5,62.7
1982-06-12,58.5,72.9,65.9
1982-06-13,56.3,71.1,64.3
1982-06-14,55.0,77.2,66.8
1982-06-15,62.1,80.1,66.5
1982-06-16,56.6,65.8,61.4
1982-06-17,52.1,71.5,62.2
1982-06-18,57.7,73.4,66.0
1982-06-19,56.4,66.3,61.2
1982-06-20,49.8,70.4,59.9
1982-06-21,53.6,68.9,60.9
1982-06-22,52.5,67.6,60.5
1982-06-23,50.5,66.4,58.9
1982-06-24,47.0,74.4,62.4
1982-06-25,60.5,79.7,69.8
1982-06-26,59.9,69.8,65.2
1982-06-27,60.3,77.9,69.5
1982-06-28,61.9,78.1,69.6
1982-06-29,64.8,78.5,70.4
1982-06-30,55.8,70.5,64.0
1982-07-01,53.2,72.4,63.2
1982-07-02,52.6,77.2,66.7
1982-07-03,62.8,74.5,67.8
1982-07-04,62.3,73.8,67.2
1982-07-05,57.7,80.4,70.1
1982-07-06,64.8,86.7,76.8
1982-07-07,68.7,82.4,77.3
1982-07-08,65.7,81.6,73.5
1982-07-09,59.7,82.7,72.4
1982-07-10,64.8,84.0,74.0
1982-07-11,66.7,76.8,72.1
1982-07-12,62.6,80.2,70.9
1982-07-13,60.0,79.9,70.9
1982-07-14,63.0,81.2,72.4
1982-07-15,64.2,83.8,75.2
1982-07-16,68.3,86.4,78.1
1982-07-17,72.2,85.2,78.0
1982-07-18,72.6,87.6,78.8
1982-07-19,67.5,78.8,71.9
1982-07-20,61.0,79.0,70.1
1982-07-21,55.0,80.3,69.1
1982-07-22,63.0,77.1,71.0
1982-07-23,62.3,79.2,71.5
1982-07-24,59.1,81.0,71.1
1982-07-25,63.7,85.9,75.6
1982-07-26,72.4,81.9,75.8
1982-07-27,66.7,81.9,72.1
1982-07-28,65.0,77.1,70.7
1982-07-29,60.0,78.2,69.9
1982-07-30,62.2,78.7,70.4
1982-07-31,61.7,76.3,69.3
1982-08-01,60.7,82.5,72.2
1982-08-02,66.8,79.0,71.4
1982-08-03,60.5,83.8,73.5
1982-08-04,72.7,83.2,77.9
1982-08-05,67.6,81.5,74.2
1982-08-06,65.2,82.8,73.5
1982-08-07,63.2,84.5,74.9
1982-08-08,67.8,81.1,73.1
1982-08-09,63.1,75.2,69.4
1982-08-10,57.5,66.9,62.7
1982-08-11,53.3,68.3,61.7
1982-08-12,51.8,71.2,62.0
1982-08-13,51.0,75.3,64.9
1982-08-14,54.7,78.3,67.6
1982-08-15,60.3,79.9,70.8
1982-08-16,63.7,82.3,73.1
1982-08-17,62.8,76.6,70.3
1982-08-18,55.5,77.2,67.6
1982-08-19,60.6,82.8,72.0
1982-08-20,67.0,79.8,72.5
1982-08-21,59.3,68.4,63.6
1982-08-22,54.2,71.3,62.8
1982-08-23,62.4,75.7,68.3
1982-08-24,56.8,77.3,67.8
1982-08-25,59.7,72.3,65.8
1982-08-26,56.0,75.5,65.8
1982-08-27,58.8,71.9,64.6
1982-08-28,49.8,65.8,57.5
1982-08-29,45.7,65.8,55.7
1982-08-30,57.2,77.0,66.3
1982-08-31,63.1,74.0,67.6
1982-09-01,63.8,76.7,69.2
1982-09-02,61.7,76.7,67.7
1982-09-03,56.4,67.1,61.7
1982-09-04,51.0,68.8,59.6
1982-09-05,52.3,76.2,64.2
1982-09-06,57.9,70.4,63.9
1982-09-07,55.6,61.8,58.2
1982-09-08,48.6,69.7,59.5
1982-09-09,47.9,76.6,62.7
1982-09-10,55.0,79.0,67.6
1982-09-11,62.1,80.8,71.2
1982-09-12,63.0,81.8,72.9
1982-09-13,66.9,83.8,75.5
1982-09-14,69.7,82.1,74.0
1982-09-15,63.8,70.7,67.3
1982-09-16,52.7,64.6,59.4
1982-09-17,46.0,69.8,58.4
1982-09-18,51.9,62.1,58.1
1982-09-19,45.4,63.6,55.4
1982-09-20,50.4,62.2,56.1
1982-09-21,42.9,55.0,49.8
1982-09-22,46.6,56.7,51.7
1982-09-23,50.2,64.2,56.0
1982-09-24,52.9,63.3,57.0
1982-09-25,54.0,64.4,57.9
1982-09-26,53.4,66.9,59.0
1982-09-27,54.6,59.4,57.2
1982-09-28,51.8,65.3,57.5
1982-09-29,54.0,69.2,60.3
1982-09-30,52.5,73.5,62.5
1982-10-01,56.5,78.2,65.4
1982-10-02,53.6,65.8,58.0
1982-10-03,56.3,72.6,64.0
1982-10-04,51.6,65.3,57.4
1982-10-05,48.8,72.4,60.0
1982-10-06,59.4,77.4,67.7
1982-10-07,54.4,69.2,64.9
1982-10-08,47.8,70.7,59.1
1982-10-09,51.3,62.9,57.0
1982-10-10,55.8,71.2,61.7
1982-10-11,46.5,59.9,54.7
1982-10-12,47.7,55.0,52.3
1982-10-13,44.0,59.1,50.9
1982-10-14,43.8,55.0,50.0
1982-10-15,43.5,57.8,51.7
1982-10-16,38.0,47.8,42.3
1982-10-17,32.7,48.8,40.9
1982-10-18,39.4,61.7,49.3
1982-10-19,48.1,67.9,57.3
1982-10-20,44.0,59.3,50.8
1982-10-21,40.3,45.7,42.8
1982-10-22,37.6,43.5,40.9
1982-10-23,34.5,47.6,40.7
1982-10-24,32.3,51.3,41.0
1982-10-25,30.7,55.1,42.3
1982-10-26,37.0,61.0,48.2
1982-10-27,40.9,61.9,50.3
1982-10-28,46.9,66.9,55.7
1982-10-29,49.9,59.4,54.6
1982-10-30,43.3,60.1,50.9
1982-10-31,52.2,59.6,56.4
1982-11-01,57.5,67.6,61.8
1982-11-02,57.8,67.7,63.0
1982-11-03,45.5,56.1,51.4
1982-11-04,32.5,45.0,39.2
1982-11-05,27.6,38.6,32.6
1982-11-06,30.6,37.1,33.4
1982-11-07,31.3,53.8,41.9
1982-11-08,41.8,58.0,50.6
1982-11-09,38.6,41.6,40.3
1982-11-10,37.6,51.8,44.1
1982-11-11,52.4,57.6,55.2
1982-11-12,37.7,59.9,51.3
1982-11-13,29.8,36.9,33.0
1982-11-14,26.1,36.0,30.4
1982-11-15,25.8,34.4,29.2
1982-11-16,26.7,39.0,31.9
1982-11-17,26.9,45.3,34.6
1982-11-18,30.5,49.4,39.2
1982-11-19,40.8,54.8,48.1
1982-11-20,50.5,57.1,53.4
1982-11-21,38.0,57.8,49.8
1982-11-22,36.8,49.6,42.6
1982-11-23,37.0,47.8,43.1
1982-11-24,26.1,36.9,31.2
1982-11-25,24.6,34.3,28.5
1982-11-26,28.0,35.4,32.1
1982-11-27,24.8,32.2,27.5
1982-11-28,25.9,47.1,35.8
1982-11-29,37.6,46.0,40.1
1982-11-30,35.6,52.1,44.0
1982-12-01,46.0,59.6,52.4
1982-12-02,56.4,66.3,60.1
1982-12-03,61.2,68.1,63.6
1982-12-04,45.0,61.5,50.5
1982-12-05,44.8,60.7,52.9
1982-12-06,34.3,49.5,42.4
1982-12-07,32.7,41.7,36.1
1982-12-08,28.1,43.3,33.9
1982-12-09,18.1,27.1,22.4
1982-12-10,21.1,32.6,28.2
1982-12-11,19.0,29.9,25.3
1982-12-12,15.4,25.8,20.4
1982-12-13,16.4,28.9,22.7
1982-12-14,27.2,39.7,33.2
1982-12-15,37.4,42.0,39.7
1982-12-16,26.1,36.7,31.8
1982-12-17,23.4,29.6,25.6
1982-12-18,25.2,37.4,32.1
1982-12-19,33.1,40.5,36.3
1982-12-20,30.2,34.8,32.1
1982-12-21,28.0,32.8,30.3
1982-12-22,26.2,36.0,31.9
1982-12-23,35.0,52.2,43.8
1982-12-24,46.8,54.2,50.4
1982-12-25,49.5,60.9,56.8
1982-12-26,32.8,47.8,39.5
1982-12-27,32.6,45.8,37.9
1982-12-28,33.0,57.0,47.7
1982-12-29,25.7,32.5,28.4
1982-12-30,20.0,28.0,23.7
1982-12-31,21.8,30.8,25.5
1983-01-01,26.1,38.9,31.1
1983-01-02,27.0,33.8,31.1
1983-01-03,21.1,31.0,25.4
1983-01-04,21.8,35.0,27.5
1983-01-05,28.8,36.6,31.5
1983-01-06,28.9,39.4,32.9
1983-01-07,29.2,39.8,34.2
1983-01-08,28.0,31.5,29.3
1983-01-09,27.4,38.1,32.8
1983-01-10,36.7,47.3,41.7
1983-01-11,26.8,37.0,34.2
1983-01-12,18.2,27.1,23.3
1983-01-13,21.9,33.1,27.2
1983-01-14,27.8,37.4,31.8
1983-01-15,18.2,31.2,24.9
1983-01-16,12.1,23.7,18.5
1983-01-17,9.8,21.1,16.6
1983-01-18,4.0,16.4,9.9
1983-01-19,5.4,22.5,13.2
1983-01-20,12.2,25.2,18.2
1983-01-21,19.4,34.5,26.7
1983-01-22,30.0,33.3,31.8
1983-01-23,27.7,38.7,33.9
1983-01-24,27.8,38.2,32.9
1983-01-25,23.7,32.2,29.5
1983-01-26,13.6,26.9,22.2
1983-01-27,8.5,25.8,18.8
1983-01-28,19.6,33.3,25.1
1983-01-29,22.0,41.1,30.8
1983-01-30,30.7,37.7,35.3
1983-01-31,28.1,34.1,30.5
1983-02-01,22.4,33.5,28.4
1983-02-02,32.3,46.3,38.6
1983-02-03,24.6,36.0,31.0
1983-02-04,18.3,26.2,22.4
1983-02-05,17.8,27.0,22.8
1983-02-06,18.3,31.8,24.7
1983-02-07,22.3,30.4,25.8
1983-02-08,22.4,30.5,25.8
1983-02-09,21.6,29.4,25.4
1983-02-10,16.7,26.5,20.9
1983-02-11,15.6,28.0,20.6
1983-02-12,13.8,31.6,21.9
1983-02-13,15.4,36.5,25.2
1983-02-14,21.6,47.5,32.8
1983-02-15,32.3,40.2,35.2
1983-02-16,32.2,46.9,38.2
1983-02-17,30.6,39.9,35.7
1983-02-18,27.8,41.3,33.9
1983-02-19,33.0,49.2,38.1
1983-02-20,29.7,53.9,40.3
1983-02-21,33.5,53.4,41.9
1983-02-22,30.6,52.4,40.2
1983-02-23,29.8,42.7,36.3
1983-02-24,27.2,36.5,31.4
1983-02-25,20.1,28.9,24.0
1983-02-26,18.0,37.0,26.4
1983-02-27,25.1,45.3,33.4
1983-02-28,28.8,50.3,37.2
1983-03-01,27.6,52.3,39.1
1983-03-02,26.9,53.6,39.8
1983-03-03,28.0,58.4,42.5
1983-03-04,45.9,65.1,54.5
1983-03-05,41.3,60.2,49.3
1983-03-06,49.5,57.5,52.3
1983-03-07,49.0,64.8,55.2
1983-03-08,43.0,54.5,48.7
1983-03-09,34.6,41.7,38.3
1983-03-10,29.6,44.3,36.0
1983-03-11,27.9,37.0,31.1
1983-03-12,25.8,44.2,33.2
1983-03-13,25.0,50.2,37.2
1983-03-14,36.4,56.8,45.4
1983-03-15,30.8,47.8,40.0
1983-03-16,30.6,48.8,38.9
1983-03-17,33.6,53.3,42.9
1983-03-18,40.0,47.5,43.9
1983-03-19,33.3,44.2,41.6
1983-03-20,27.0,38.8,31.8
1983-03-21,13.4,27.5,23.2
1983-03-22,12.8,25.5,18.1
1983-03-23,5.5,28.0,17.3
1983-03-24,5.2,28.9,17.5
1983-03-25,6.1,31.6,19.3
1983-03-26,12.3,39.1,28.3
1983-03-27,34.7,51.9,41.3
1983-03-28,32.3,39.8,36.5
1983-03-29,24.8,37.6,30.7
1983-03-30,21.4,37.1,28.9
1983-03-31,23.9,45.8,34.5
1983-04-01,28.4,49.7,39.0
1983-04-02,35.3,44.3,40.5
1983-04-03,37.7,50.6,43.1
1983-04-04,35.3,45.2,40.1
1983-04-05,35.4,50.3,42.3
1983-04-06,36.7,49.8,42.7
1983-04-07,39.0,51.3,45.4
1983-04-08,32.0,51.2,41.3
1983-04-09,34.8,46.0,41.4
1983-04-10,38.4,51.4,44.5
1983-04-11,33.4,51.2,41.9
1983-04-12,31.8,51.8,42.5
1983-04-13,41.5,62.0,50.3
1983-04-14,43.3,56.4,52.3
1983-04-15,31.9,42.6,38.2
1983-04-16,28.0,44.6,36.9
1983-04-17,22.5,35.5,30.7
1983-04-18,19.1,33.3,25.8
1983-04-19,18.6,37.2,27.7
1983-04-20,17.2,44.8,32.0
1983-04-21,29.9,55.6,42.2
1983-04-22,30.9,60.1,46.1
1983-04-23,33.9,59.1,47.4
1983-04-24,37.1,51.1,43.4
1983-04-25,32.0,58.4,44.5
1983-04-26,41.3,70.0,56.1
1983-04-27,52.2,74.3,62.1
1983-04-28,42.9,57.9,47.8
1983-04-29,34.6,57.7,48.0
1983-04-30,44.2,56.1,49.9
1983-05-01,39.7,57.2,49.0
1983-05-02,51.3,68.7,62.1
1983-05-03,41.9,51.3,46.2
1983-05-04,38.3,64.4,50.1
1983-05-05,35.0,55.2,45.5
1983-05-06,38.9,66.5,54.1
1983-05-07,58.1,67.5,61.7
1983-05-08,36.6,50.7,43.2
1983-05-09,30.2,53.1,42.5
1983-05-10,35.2,63.9,49.9
1983-05-11,41.1,68.9,55.9
1983-05-12,42.1,69.5,57.2
1983-05-13,50.4,70.3,60.0
1983-05-14,54.2,70.7,62.1
1983-05-15,44.0,55.4,50.3
1983-05-16,37.1,58.1,47.7
1983-05-17,42.2,56.0,47.1
1983-05-18,39.3,60.8,51.8
1983-05-19,52.8,66.0,57.8
1983-05-20,50.5,63.4,58.2
1983-05-21,47.3,69.7,60.4
1983-05-22,58.4,68.2,62.0
1983-05-23,50.1,61.7,57.1
1983-05-24,43.5,70.4,57.7
1983-05-25,45.7,58.7,55.1
1983-05-26,39.0,53.9,46.8
1983-05-27,35.7,61.5,51.2
1983-05-28,49.4,65.5,56.8
1983-05-29,53.2,66.8,58.5
1983-05-30,47.1,55.4,52.0
1983-05-31,46.6,59.5,52.5
1983-06-01,44.5,59.7,52.5
1983-06-02,43.1,65.8,55.9
1983-06-03,50.0,63.9,57.2
1983-06-04,53.8,68.4,61.2
1983-06-05,54.4,71.9,63.1
1983-06-06,53.8,63.4,58.0
1983-06-07,49.3,69.5,59.6
1983-06-08,45.0,65.8,55.9
1983-06-09,50.8,76.0,62.9
1983-06-10,59.4,80.2,68.0
1983-06-11,58.5,81.5,71.2
1983-06-12,60.4,83.1,73.0
1983-06-13,62.7,83.6,74.1
1983-06-14,63.0,83.4,74.2
1983-06-15,63.2,78.8,70.7
1983-06-16,56.7,80.7,70.8
1983-06-17,59.5,78.6,69.2
1983-06-18,58.5,78.6,68.8
1983-06-19,57.9,78.1,68.0
1983-06-20,61.8,79.7,71.4
1983-06-21,59.2,82.3,71.8
1983-06-22,61.1,81.8,72.3
1983-06-23,62.8,89.5,77.0
1983-06-24,67.2,83.4,74.9
1983-06-25,60.9,83.7,73.8
1983-06-26,66.7,90.7,79.5
1983-06-27,69.6,88.7,77.8
1983-06-28,62.6,69.3,65.6
1983-06-29,58.4,74.4,66.7
1983-06-30,65.2,81.1,72.3
1983-07-01,68.4,86.7,75.8
1983-07-02,68.1,84.4,74.9
1983-07-03,72.0,86.9,79.2
1983-07-04,66.7,80.8,75.1
1983-07-05,59.6,70.3,66.2
1983-07-06,52.7,70.3,61.4
1983-07-07,54.6,75.0,65.2
1983-07-08,59.5,79.3,69.8
1983-07-09,65.4,78.6,72.3
1983-07-10,56.4,77.4,68.0
1983-07-11,60.1,86.2,73.7
1983-07-12,72.3,87.4,79.2
1983-07-13,62.4,86.0,75.8
1983-07-14,63.2,88.2,78.1
1983-07-15,73.2,90.5,82.2
1983-07-16,72.9,89.3,81.3
1983-07-17,72.7,87.9,78.9
1983-07-18,70.9,87.8,77.7
1983-07-19,69.6,86.5,77.6
1983-07-20,70.1,88.1,78.9
1983-07-21,72.6,88.5,78.6
1983-07-22,67.8,80.7,74.5
1983-07-23,67.9,87.1,76.0
1983-07-24,67.7,79.6,73.9
1983-07-25,64.1,79.8,72.4
1983-07-26,59.1,83.4,72.3
1983-07-27,60.3,85.2,74.4
1983-07-28,67.4,88.9,78.9
1983-07-29,73.1,85.7,78.3
1983-07-30,69.7,79.7,73.6
1983-07-31,68.5,79.9,72.8
1983-08-01,67.2,77.8,72.7
1983-08-02,62.1,79.2,71.2
1983-08-03,61.2,83.9,73.7
1983-08-04,69.5,82.0,74.6
1983-08-05,68.4,81.8,74.7
1983-08-06,67.6,84.1,76.0
1983-08-07,68.5,85.0,76.5
1983-08-08,67.7,89.9,78.0
1983-08-09,63.0,77.1,69.9
1983-08-10,56.6,73.7,65.6
1983-08-11,63.6,75.0,67.7
1983-08-12,57.9,74.7,66.2
1983-08-13,52.6,75.7,65.5
1983-08-14,57.3,76.9,67.8
1983-08-15,62.3,79.0,70.4
1983-08-16,61.7,81.9,72.7
1983-08-17,67.2,81.8,74.4
1983-08-18,70.9,84.0,76.7
1983-08-19,65.4,90.0,78.4
1983-08-20,70.6,85.9,80.2
1983-08-21,64.0,83.4,73.8
1983-08-22,72.5,82.4,77.6
1983-08-23,65.3,78.3,71.6
1983-08-24,62.7,80.2,71.3
1983-08-25,62.1,84.5,73.2
1983-08-26,70.1,85.2,76.7
1983-08-27,70.5,85.0,77.2
1983-08-28,70.1,85.0,76.7
1983-08-29,65.3,85.5,75.5
1983-08-30,68.4,84.0,73.7
1983-08-31,66.0,77.7,71.1
1983-09-01,60.3,78.2,69.0
1983-09-02,57.3,79.3,68.8
1983-09-03,57.7,82.0,70.6
1983-09-04,64.1,84.4,74.1
1983-09-05,69.6,85.6,77.3
1983-09-06,66.8,83.8,75.0
1983-09-07,61.2,74.2,67.4
1983-09-08,56.4,75.3,66.0
1983-09-09,59.8,85.8,73.1
1983-09-10,72.5,88.4,80.3
1983-09-11,63.4,78.3,71.9
1983-09-12,57.1,72.9,64.8
1983-09-13,54.0,65.6,60.0
1983-09-14,48.8,64.4,56.5
1983-09-15,47.8,64.8,56.8
1983-09-16,55.6,66.0,60.2
1983-09-17,55.9,66.9,60.8
1983-09-18,58.6,85.1,71.3
1983-09-19,65.5,82.2,73.4
1983-09-20,57.7,81.5,73.9
1983-09-21,46.6,56.0,52.3
1983-09-22,42.7,53.9,47.3
1983-09-23,40.5,54.8,47.8
1983-09-24,37.4,59.0,49.3
1983-09-25,45.1,62.1,53.9
1983-09-26,53.7,67.5,59.4
1983-09-27,50.4,73.0,61.8
1983-09-28,51.4,72.9,62.0
1983-09-29,53.1,71.5,61.5
1983-09-30,51.4,71.3,60.7
1983-10-01,51.6,68.0,60.7
1983-10-02,56.3,76.8,66.2
1983-10-03,63.3,79.2,70.9
1983-10-04,61.0,73.4,67.6
1983-10-05,55.6,64.3,60.0
1983-10-06,50.0,62.0,56.7
1983-10-07,42.1,65.8,54.9
1983-10-08,50.0,61.8,57.2
1983-10-09,45.2,53.8,49.5
1983-10-10,43.0,56.0,49.6
1983-10-11,50.8,69.3,59.9
1983-10-12,56.4,68.2,62.2
1983-10-13,42.7,54.2,48.7
1983-10-14,37.1,50.0,44.4
1983-10-15,43.3,59.2,50.4
1983-10-16,47.8,62.3,54.0
1983-10-17,47.4,57.1,52.5
1983-10-18,40.9,56.2,48.4
1983-10-19,41.7,52.2,46.1
1983-10-20,41.5,51.1,46.4
1983-10-21,44.7,55.1,49.9
1983-10-22,47.5,51.8,49.6
1983-10-23,50.3,54.3,52.2
1983-10-24,49.3,54.5,51.4
1983-10-25,44.2,52.1,49.0
1983-10-26,38.3,47.8,42.4
1983-10-27,32.8,51.0,42.7
1983-10-28,49.0,65.9,56.7
1983-10-29,33.4,47.2,42.2
1983-10-30,29.4,47.1,37.6
1983-10-31,30.1,52.2,40.4
1983-11-01,39.7,62.2,50.8
1983-11-02,52.9,57.2,55.1
1983-11-03,33.8,55.5,44.6
1983-11-04,31.0,41.5,36.2
1983-11-05,34.7,45.9,39.8
1983-11-06,33.2,53.1,42.7
1983-11-07,43.8,50.6,46.9
1983-11-08,41.6,58.3,48.8
1983-11-09,37.3,59.7,48.1
1983-11-10,45.3,56.8,50.0
1983-11-11,26.6,43.8,34.0
1983-11-12,23.2,32.2,26.9
1983-11-13,24.5,34.4,28.5
1983-11-14,23.6,39.0,31.4
1983-11-15,33.7,40.3,36.7
1983-11-16,33.3,37.6,35.2
1983-11-17,30.1,38.4,33.9
1983-11-18,27.7,47.5,37.9
1983-11-19,41.4,54.5,48.0
1983-11-20,44.2,55.6,50.6
1983-11-21,43.5,52.8,47.4
1983-11-22,35.8,52.2,43.9
1983-11-23,44.1,60.9,50.4
1983-11-24,31.8,46.5,34.9
1983-11-25,28.7,37.4,33.5
1983-11-26,32.5,49.2,39.9
1983-11-27,34.9,39.3,36.8
1983-11-28,34.8,50.7,40.7
1983-11-29,29.0,34.2,32.3
1983-11-30,25.7,29.0,27.0
1983-12-01,24.2,29.7,26.3
1983-12-02,24.1,30.5,27.0
1983-12-03,25.1,32.4,28.5
1983-12-04,29.5,37.8,32.8
1983-12-05,32.3,38.4,35.3
1983-12-06,26.2,34.8,32.1
1983-12-07,19.3,28.0,23.5
1983-12-08,13.7,31.0,22.0
1983-12-09,21.6,31.7,27.2
1983-12-10,19.5,30.8,25.8
1983-12-11,24.4,42.3,34.1
1983-12-12,32.5,44.5,39.4
1983-12-13,30.6,36.0,32.6
1983-12-14,31.5,38.8,34.4
1983-12-15,24.4,35.3,28.1
1983-12-16,21.7,28.4,24.9
1983-12-17,17.4,22.1,19.5
1983-12-18,8.3,19.9,16.3
1983-12-19,-4.9,13.1,6.0
1983-12-20,10.2,17.4,12.9
1983-12-21,13.1,33.2,24.0
1983-12-22,0.1,34.5,20.4
1983-12-23,-7.2,4.7,-1.3
1983-12-24,-1.5,4.6,1.2
1983-12-25,-8.0,7.5,0.8
1983-12-26,-11.3,4.3,-4.5
1983-12-27,4.8,17.8,12.7
1983-12-28,16.8,22.4,19.3
1983-12-29,-0.8,17.3,8.9
1983-12-30,-6.1,2.5,-2.4
1983-12-31,-2.3,16.2,7.4
1984-01-01,11.3,25.2,18.7
1984-01-02,19.6,28.9,24.4
1984-01-03,24.3,31.6,26.8
1984-01-04,30.7,37.9,32.8
1984-01-05,24.8,33.3,30.1
1984-01-06,19.2,34.3,29.2
1984-01-07,3.6,21.5,13.9
1984-01-08,14.0,30.0,22.8
1984-01-09,11.7,17.5,14.6
1984-01-10,0.1,15.5,10.3
1984-01-11,-10.0,11.9,0.4
1984-01-12,-5.1,11.5,4.5
1984-01-13,10.6,22.6,16.4
1984-01-14,6.5,18.7,15.1
1984-01-15,-7.2,11.7,2.1
1984-01-16,-3.8,15.9,6.8
1984-01-17,7.3,21.2,15.5
1984-01-18,-0.7,12.0,6.5
1984-01-19,-12.5,4.5,-3.4
1984-01-20,-12.9,0.9,-3.0
1984-01-21,-25.3,-1.6,-12.3
1984-01-22,-2.5,16.8,7.1
1984-01-23,4.3,30.5,18.5
1984-01-24,28.8,35.4,32.9
1984-01-25,28.7,35.7,31.5
1984-01-26,23.6,35.5,30.3
1984-01-27,9.8,34.4,24.8
1984-01-28,4.1,29.1,18.8
1984-01-29,22.6,30.1,27.1
1984-01-30,15.4,26.7,22.1
1984-01-31,5.5,21.5,13.8
1984-02-01,0.9,26.5,14.0
1984-02-02,14.2,40.7,27.6
1984-02-03,30.5,40.3,33.8
1984-02-04,28.0,35.5,31.5
1984-02-05,20.4,27.9,23.8
1984-02-06,9.3,19.0,13.9
1984-02-07,1.4,19.0,10.1
1984-02-08,3.1,27.0,15.9
1984-02-09,21.5,39.7,29.9
1984-02-10,21.2,42.3,32.7
1984-02-11,34.2,41.0,37.7
1984-02-12,35.5,59.3,45.5
1984-02-13,41.5,55.8,50.0
1984-02-14,31.4,51.2,40.5
1984-02-15,27.5,50.2,36.8
1984-02-16,29.5,44.4,35.8
1984-02-17,33.8,48.1,39.8
1984-02-18,35.0,48.6,41.0
1984-02-19,38.1,51.3,43.1
1984-02-20,31.2,43.2,36.4
1984-02-21,26.3,37.3,32.6
1984-02-22,26.4,54.7,39.5
1984-02-23,33.5,59.2,45.2
1984-02-24,32.8,46.8,39.2
1984-02-25,25.9,34.8,29.8
1984-02-26,21.9,34.8,26.9
1984-02-27,20.6,26.3,23.2
1984-02-28,15.2,23.7,20.4
1984-02-29,11.0,21.4,15.4
1984-03-01,7.0,26.5,15.5
1984-03-02,3.9,26.4,15.8
1984-03-03,7.2,29.7,19.3
1984-03-04,8.7,28.2,21.6
1984-03-05,28.0,37.4,32.5
1984-03-06,17.2,30.7,26.1
1984-03-07,5.8,21.6,13.0
1984-03-08,6.0,17.9,10.6
1984-03-09,0.9,22.9,13.2
1984-03-10,9.6,26.1,18.5
1984-03-11,7.1,24.8,16.6
1984-03-12,-3.5,15.9,8.3
1984-03-13,14.4,34.3,24.0
1984-03-14,13.5,36.0,25.1
1984-03-15,25.3,51.5,37.4
1984-03-16,23.6,51.9,37.9
1984-03-17,18.4,31.1,24.7
1984-03-18,23.5,37.8,29.2
1984-03-19,24.7,38.3,31.1
1984-03-20,30.9,52.2,40.9
1984-03-21,32.1,40.8,34.7
1984-03-22,25.2,34.2,31.4
1984-03-23,20.9,36.0,26.7
1984-03-24,17.1,40.4,29.8
1984-03-25,23.1,45.0,33.1
1984-03-26,23.6,42.9,32.2
1984-03-27,25.4,42.7,34.2
1984-03-28,30.3,47.4,38.1
1984-03-29,30.7,43.1,36.2
1984-03-30,31.1,45.1,36.7
1984-03-31,28.1,47.8,37.2
1984-04-01,27.8,50.5,38.9
1984-04-02,27.8,54.0,41.1
1984-04-03,30.8,48.7,39.5
1984-04-04,39.3,52.5,44.9
1984-04-05,35.0,41.7,37.8
1984-04-06,34.0,41.4,37.0
1984-04-07,30.5,48.1,38.0
1984-04-08,29.0,49.2,39.2
1984-04-09,37.9,51.2,42.9
1984-04-10,33.2,51.8,41.6
1984-04-11,26.8,54.8,41.3
1984-04-12,32.5,59.6,45.3
1984-04-13,40.1,63.0,51.5
1984-04-14,42.7,58.9,49.6
1984-04-15,43.2,56.3,49.0
1984-04-16,40.5,50.1,44.2
1984-04-17,35.0,40.5,38.1
1984-04-18,32.9,46.3,39.1
1984-04-19,28.7,50.9,40.6
1984-04-20,37.2,56.0,46.9
1984-04-21,36.8,52.6,43.5
1984-04-22,37.0,40.4,39.0
1984-04-23,40.1,52.3,45.9
1984-04-24,41.0,51.3,45.7
1984-04-25,38.7,67.6,53.1
1984-04-26,43.7,73.9,59.2
1984-04-27,53.2,77.2,64.6
1984-04-28,54.6,71.2,64.4
1984-04-29,43.2,63.6,54.6
1984-04-30,43.5,65.7,55.0
1984-05-01,39.7,52.2,45.4
1984-05-02,32.5,56.1,46.1
1984-05-03,43.2,60.5,51.1
1984-05-04,43.4,56.4,49.2
1984-05-05,41.7,60.6,50.9
1984-05-06,41.9,63.0,53.6
1984-05-07,50.1,71.3,58.7
1984-05-08,41.5,54.3,48.5
1984-05-09,37.6,52.1,44.7
1984-05-10,38.3,63.5,52.3
1984-05-11,49.9,70.2,58.7
1984-05-12,48.3,63.7,55.8
1984-05-13,42.5,54.8,46.8
1984-05-14,39.5,58.1,48.9
1984-05-15,37.8,55.5,46.0
1984-05-16,34.0,58.8,48.0
1984-05-17,36.8,61.9,51.2
1984-05-18,51.5,78.0,65.4
1984-05-19,61.6,72.8,65.5
1984-05-20,52.0,61.7,57.9
1984-05-21,46.6,69.0,59.4
1984-05-22,62.2,73.8,68.0
1984-05-23,53.9,69.4,60.6
1984-05-24,42.9,69.4,59.1
1984-05-25,58.2,74.4,66.1
1984-05-26,51.6,65.3,59.8
1984-05-27,44.2,63.9,55.3
1984-05-28,46.2,55.2,49.8
1984-05-29,41.7,49.8,45.6
1984-05-30,42.3,55.1,47.9
1984-05-31,41.9,67.6,55.9
1984-06-01,50.0,74.3,62.5
1984-06-02,53.8,75.6,64.8
1984-06-03,55.7,74.4,65.7
1984-06-04,52.6,76.5,66.3
1984-06-05,60.0,80.4,69.2
1984-06-06,65.3,83.0,74.7
1984-06-07,68.0,84.1,75.9
1984-06-08,71.1,82.3,76.6
1984-06-09,70.9,84.1,76.1
1984-06-10,67.9,83.7,75.9
1984-06-11,61.4,75.5,68.5
1984-06-12,56.3,85.6,72.3
1984-06-13,70.2,85.6,76.6
1984-06-14,59.5,72.1,68.4
1984-06-15,52.9,68.5,61.1
1984-06-16,54.0,75.7,66.0
1984-06-17,65.4,85.6,74.7
1984-06-18,72.1,84.0,77.3
1984-06-19,64.1,79.5,73.0
1984-06-20,60.9,75.7,67.6
1984-06-21,56.9,77.0,67.5
1984-06-22,58.8,77.4,69.0
1984-06-23,64.1,77.5,71.1
1984-06-24,64.8,74.4,68.8
1984-06-25,58.5,70.6,64.9
1984-06-26,50.8,78.5,66.6
1984-06-27,64.9,74.2,68.9
1984-06-28,59.5,76.2,68.6
1984-06-29,56.9,71.5,64.3
1984-06-30,55.9,71.0,64.1
1984-07-01,60.6,77.0,68.5
1984-07-02,60.0,80.5,70.9
1984-07-03,60.9,82.8,73.7
1984-07-04,66.7,81.6,73.0
1984-07-05,62.7,79.5,71.0
1984-07-06,59.1,72.1,66.1
1984-07-07,52.7,64.9,59.3
1984-07-08,47.8,74.0,62.7
1984-07-09,62.0,78.9,70.6
1984-07-10,69.3,87.2,78.6
1984-07-11,68.0,77.6,74.3
1984-07-12,61.3,81.0,72.5
1984-07-13,62.7,84.3,74.9
1984-07-14,65.8,87.2,77.2
1984-07-15,71.2,84.8,77.2
1984-07-16,65.5,77.1,71.3
1984-07-17,62.4,75.5,68.4
1984-07-18,57.7,72.1,64.9
1984-07-19,56.5,78.3,68.0
1984-07-20,62.4,81.6,70.8
1984-07-21,63.1,78.9,71.3
1984-07-22,62.3,85.3,74.7
1984-07-23,67.0,89.6,78.7
1984-07-24,69.6,80.6,74.8
1984-07-25,59.5,78.3,69.8
1984-07-26,61.3,74.3,66.6
1984-07-27,57.2,73.2,65.4
1984-07-28,56.1,74.3,65.7
1984-07-29,54.3,76.9,66.6
1984-07-30,56.2,78.4,68.6
1984-07-31,57.8,80.4,70.8
1984-08-01,65.0,82.4,74.2
1984-08-02,69.6,84.1,76.1
1984-08-03,68.5,79.1,73.1
1984-08-04,66.8,79.6,72.1
1984-08-05,65.7,82.9,74.3
1984-08-06,67.9,85.6,76.2
1984-08-07,71.2,87.5,77.9
1984-08-08,68.4,86.9,76.5
1984-08-09,69.1,85.1,77.1
1984-08-10,69.5,82.9,76.2
1984-08-11,65.3,79.4,71.7
1984-08-12,61.2,77.5,69.7
1984-08-13,62.5,79.4,70.1
1984-08-14,63.8,80.5,72.6
1984-08-15,60.6,81.1,72.0
1984-08-16,65.6,83.2,74.5
1984-08-17,64.3,79.4,71.9
1984-08-18,62.6,81.9,71.0
1984-08-19,60.7,74.1,68.1
1984-08-20,54.2,74.8,64.9
1984-08-21,53.7,79.0,67.4
1984-08-22,65.8,81.5,72.0
1984-08-23,59.0,69.9,65.3
1984-08-24,54.3,73.4,63.6
1984-08-25,54.3,76.4,65.4
1984-08-26,53.3,79.4,67.7
1984-08-27,61.5,84.6,73.2
1984-08-28,66.6,81.9,71.2
1984-08-29,65.8,83.8,74.6
1984-08-30,65.5,78.4,72.2
1984-08-31,58.2,73.9,66.0
1984-09-01,60.1,68.5,63.9
1984-09-02,64.8,84.7,74.7
1984-09-03,58.2,69.3,65.0
1984-09-04,52.0,65.8,58.8
1984-09-05,48.2,62.5,55.3
1984-09-06,45.0,66.2,57.0
1984-09-07,54.3,70.2,61.3
1984-09-08,62.3,78.5,70.4
1984-09-09,62.4,68.1,64.6
1984-09-10,60.3,73.5,66.3
1984-09-11,60.3,74.1,66.0
1984-09-12,56.8,71.0,63.8
1984-09-13,64.3,80.6,71.6
1984-09-14,57.4,66.7,61.8
1984-09-15,49.1,59.0,54.0
1984-09-16,42.6,60.2,52.2
1984-09-17,42.6,63.8,53.7
1984-09-18,44.9,67.8,57.4
1984-09-19,55.2,77.7,65.4
1984-09-20,60.5,78.9,69.0
1984-09-21,54.4,68.0,60.6
1984-09-22,57.4,82.6,68.7
1984-09-23,62.4,69.9,66.0
1984-09-24,64.7,76.7,69.9
1984-09-25,56.6,75.7,68.7
1984-09-26,47.2,55.9,50.1
1984-09-27,44.4,53.0,47.8
1984-09-28,41.6,54.1,48.4
1984-09-29,42.1,54.7,48.2
1984-09-30,40.0,55.1,48.8
1984-10-01,42.8,56.8,49.2
1984-10-02,37.8,61.6,50.6
1984-10-03,51.1,67.0,57.7
1984-10-04,41.3,59.5,50.8
1984-10-05,42.1,62.2,52.5
1984-10-06,46.1,64.7,54.4
1984-10-07,54.8,69.3,60.2
1984-10-08,58.2,66.7,62.0
1984-10-09,56.8,67.9,61.4
1984-10-10,56.3,66.3,60.7
1984-10-11,52.2,63.9,57.8
1984-10-12,51.0,63.0,57.1
1984-10-13,53.9,65.1,58.7
1984-10-14,56.2,63.9,59.4
1984-10-15,58.0,67.4,60.8
1984-10-16,57.9,69.7,62.7
1984-10-17,49.3,63.6,60.3
1984-10-18,45.9,60.4,52.6
1984-10-19,52.5,64.9,60.2
1984-10-20,43.4,58.1,50.7
1984-10-21,49.0,61.9,55.1
1984-10-22,40.4,54.5,48.2
1984-10-23,36.9,53.2,45.6
1984-10-24,38.5,52.9,45.6
1984-10-25,36.8,59.0,47.4
1984-10-26,57.6,60.9,58.9
1984-10-27,59.6,72.9,66.4
1984-10-28,52.2,66.9,62.5
1984-10-29,43.3,55.2,49.4
1984-10-30,41.5,58.5,50.4
1984-10-31,41.7,54.6,48.0
1984-11-01,43.6,66.0,57.5
1984-11-02,27.0,41.4,33.1
1984-11-03,26.6,44.7,36.6
1984-11-04,46.8,58.0,52.4
1984-11-05,38.9,48.1,43.5
1984-11-06,31.0,42.4,36.7
1984-11-07,27.3,48.7,37.3
1984-11-08,39.9,52.3,45.0
1984-11-09,44.2,56.8,49.3
1984-11-10,46.8,57.4,54.1
1984-11-11,28.5,45.9,34.7
1984-11-12,24.5,32.9,27.9
1984-11-13,24.0,37.4,29.0
1984-11-14,19.3,42.4,32.5
1984-11-15,37.9,51.3,44.4
1984-11-16,30.4,37.0,33.8
1984-11-17,27.3,42.0,33.8
1984-11-18,32.3,40.9,35.7
1984-11-19,24.4,32.6,28.8
1984-11-20,21.5,31.9,25.7
1984-11-21,21.3,33.1,26.5
1984-11-22,19.5,35.7,27.9
1984-11-23,30.9,43.5,35.6
1984-11-24,27.9,47.8,35.7
1984-11-25,27.5,50.4,37.4
1984-11-26,34.1,56.0,44.8
1984-11-27,44.2,59.4,51.9
1984-11-28,34.1,54.2,39.9
1984-11-29,32.7,44.7,37.3
1984-11-30,34.9,44.5,39.4
1984-12-01,32.3,37.9,35.6
1984-12-02,27.1,40.4,34.6
1984-12-03,28.0,39.9,32.3
1984-12-04,24.1,27.6,25.8
1984-12-05,17.5,27.0,23.2
1984-12-06,16.9,31.2,24.1
1984-12-07,14.4,26.1,19.8
1984-12-08,26.2,42.7,31.6
1984-12-09,23.6,41.8,31.6
1984-12-10,30.7,41.4,35.4
1984-12-11,32.7,36.7,34.7
1984-12-12,36.7,53.5,45.0
1984-12-13,32.6,52.9,37.8
1984-12-14,31.3,46.7,36.7
1984-12-15,38.3,44.1,40.7
1984-12-16,42.2,61.7,54.6
1984-12-17,40.4,55.1,44.9
1984-12-18,26.0,40.4,33.1
1984-12-19,27.7,34.9,30.9
1984-12-20,22.9,33.0,28.2
1984-12-21,23.5,53.7,35.3
1984-12-22,24.1,43.2,30.8
1984-12-23,22.5,41.3,31.1
1984-12-24,17.9,35.9,29.6
1984-12-25,11.4,21.7,16.4
1984-12-26,16.7,26.8,21.8
1984-12-27,27.4,41.0,33.5
1984-12-28,42.6,59.7,54.4
1984-12-29,35.5,59.4,51.7
1984-12-30,29.3,37.2,33.3
1984-12-31,28.4,33.7,31.0
1985-01-01,24.8,39.7,31.0
1985-01-02,24.5,27.8,26.5
1985-01-03,17.7,26.1,22.0
1985-01-04,16.6,34.5,24.4
1985-01-05,27.2,32.7,29.4
1985-01-06,27.5,38.2,31.9
1985-01-07,26.2,35.6,30.9
1985-01-08,11.8,24.4,17.9
1985-01-09,10.0,20.8,15.0
1985-01-10,16.3,25.4,20.5
1985-01-11,14.7,23.8,18.9
1985-01-12,13.6,30.6,21.9
1985-01-13,17.3,28.0,22.1
1985-01-14,13.5,32.4,25.7
1985-01-15,7.1,17.0,11.8
1985-01-16,8.4,22.5,15.5
1985-01-17,19.3,27.5,22.9
1985-01-18,12.6,25.1,19.2
1985-01-19,-5.6,16.4,9.8
1985-01-20,-13.3,-1.6,-9.0
1985-01-21,-10.2,19.6,6.7
1985-01-22,16.5,23.4,19.3
1985-01-23,19.8,23.1,20.9
1985-01-24,19.0,27.1,23.0
1985-01-25,4.7,24.1,19.1
1985-01-26,-2.3,17.1,6.2
1985-01-27,9.8,26.0,20.5
1985-01-28,10.7,22.3,16.8
1985-01-29,8.4,22.0,15.8
1985-01-30,6.9,24.8,16.5
1985-01-31,16.4,27.3,22.7
1985-02-01,-2.3,13.9,5.7
1985-02-02,-3.2,9.0,1.9
1985-02-03,-14.2,13.3,-0.4
1985-02-04,-9.7,17.3,4.7
1985-02-05,5.8,19.7,14.7
1985-02-06,11.0,22.5,16.4
1985-02-07,4.4,19.2,13.4
1985-02-08,-2.8,14.7,5.6
1985-02-09,-2.9,20.9,7.6
1985-02-10,0.1,20.1,11.8
1985-02-11,18.3,35.5,28.5
1985-02-12,32.2,34.2,33.1
1985-02-13,13.4,33.3,24.8
1985-02-14,10.9,16.8,13.6
1985-02-15,8.5,19.0,12.9
1985-02-16,5.0,28.0,15.6
1985-02-17,22.9,32.6,27.2
1985-02-18,17.9,34.3,27.0
1985-02-19,15.1,29.1,21.9
1985-02-20,10.8,33.6,22.2
1985-02-21,22.9,41.7,33.8
1985-02-22,42.1,46.8,44.1
1985-02-23,40.8,48.0,44.2
1985-02-24,34.0,50.9,44.1
1985-02-25,27.4,39.7,34.0
1985-02-26,27.3,46.4,36.9
1985-02-27,21.1,35.7,27.5
1985-02-28,19.7,43.2,31.1
1985-03-01,32.5,47.8,38.5
1985-03-02,27.2,39.7,34.4
1985-03-03,25.4,33.8,28.5
1985-03-04,22.0,51.7,36.9
1985-03-05,17.3,33.5,24.5
1985-03-06,16.4,31.2,22.5
1985-03-07,21.8,40.9,32.5
1985-03-08,34.8,50.2,43.1
1985-03-09,26.0,47.2,36.5
1985-03-10,30.3,57.1,43.3
1985-03-11,41.3,49.9,44.4
1985-03-12,32.5,51.3,39.6
1985-03-13,28.1,38.5,33.7
1985-03-14,32.3,44.2,37.6
1985-03-15,24.2,40.2,31.2
1985-03-16,25.6,52.3,37.0
1985-03-17,22.0,32.3,28.5
1985-03-18,19.9,37.9,28.0
1985-03-19,28.9,54.2,40.4
1985-03-20,28.4,46.1,37.2
1985-03-21,21.5,38.6,29.5
1985-03-22,26.7,48.6,36.6
1985-03-23,34.4,37.4,35.6
1985-03-24,34.9,47.0,39.3
1985-03-25,27.2,45.2,35.5
1985-03-26,24.1,56.0,40.2
1985-03-27,47.0,57.5,52.4
1985-03-28,45.0,64.0,54.1
1985-03-29,44.5,59.9,51.4
1985-03-30,32.9,41.4,36.3
1985-03-31,33.1,54.0,40.1
1985-04-01,30.7,38.7,34.4
1985-04-02,28.6,45.3,36.3
1985-04-03,34.8,50.6,43.2
1985-04-04,30.1,51.4,42.5
1985-04-05,50.4,62.9,56.3
1985-04-06,35.3,42.8,38.7
1985-04-07,31.3,47.5,39.0
1985-04-08,24.7,40.1,32.4
1985-04-09,21.2,34.4,27.3
1985-04-10,23.2,48.7,36.6
1985-04-11,41.4,57.8,48.0
1985-04-12,35.5,59.7,47.4
1985-04-13,41.3,70.2,54.9
1985-04-14,49.5,70.7,59.5
1985-04-15,49.5,71.2,60.3
1985-04-16,40.5,64.3,55.3
1985-04-17,35.4,46.5,41.5
1985-04-18,43.2,77.4,63.2
1985-04-19,60.8,79.1,69.5
1985-04-20,56.8,78.2,68.2
1985-04-21,57.2,78.9,68.9
1985-04-22,56.7,80.2,69.3
1985-04-23,56.6,79.8,69.0
1985-04-24,56.0,69.9,64.4
1985-04-25,51.3,71.1,60.3
1985-04-26,51.6,73.4,61.3
1985-04-27,42.0,62.0,52.3
1985-04-28,47.5,62.9,53.7
1985-04-29,40.1,64.2,52.5
1985-04-30,43.2,73.8,59.5
1985-05-01,50.2,63.0,57.0
1985-05-02,47.3,63.2,54.3
1985-05-03,43.7,64.4,54.0
1985-05-04,45.3,69.7,58.3
1985-05-05,55.1,75.3,63.0
1985-05-06,54.3,71.2,62.7
1985-05-07,45.0,66.7,56.3
1985-05-08,46.8,63.3,55.1
1985-05-09,45.6,76.0,61.3
1985-05-10,57.2,78.2,68.0
1985-05-11,57.7,79.1,69.5
1985-05-12,65.0,78.8,72.0
1985-05-13,57.6,77.4,67.0
1985-05-14,54.7,78.7,66.6
1985-05-15,61.2,76.1,67.0
1985-05-16,54.6,63.0,59.3
1985-05-17,51.8,59.7,55.5
1985-05-18,45.2,60.3,52.6
1985-05-19,40.8,74.8,59.4
1985-05-20,54.3,74.1,63.9
1985-05-21,46.0,62.8,55.0
1985-05-22,42.0,64.1,54.4
1985-05-23,47.5,71.3,59.5
1985-05-24,46.7,76.1,62.8
1985-05-25,50.3,78.3,66.0
1985-05-26,61.0,81.6,71.5
1985-05-27,53.0,74.1,64.5
1985-05-28,50.0,67.3,58.2
1985-05-29,41.9,66.8,56.2
1985-05-30,51.3,79.8,65.6
1985-05-31,59.1,81.3,69.7
1985-06-01,57.6,75.0,65.5
1985-06-02,58.3,77.4,68.7
1985-06-03,51.4,69.3,61.0
1985-06-04,49.1,69.1,59.2
1985-06-05,53.2,72.3,63.5
1985-06-06,50.3,71.1,61.2
1985-06-07,51.1,77.4,65.4
1985-06-08,60.4,83.0,71.9
1985-06-09,68.4,83.0,75.8
1985-06-10,59.5,76.6,68.6
1985-06-11,47.4,65.7,54.3
1985-06-12,46.6,59.3,52.7
1985-06-13,45.6,64.3,55.2
1985-06-14,48.6,67.8,59.7
1985-06-15,51.6,63.9,58.7
1985-06-16,58.7,69.8,63.5
1985-06-17,52.0,73.5,63.0
1985-06-18,57.4,67.7,62.0
1985-06-19,52.1,66.6,59.0
1985-06-20,50.9,69.7,61.2
1985-06-21,52.2,78.1,66.5
1985-06-22,64.6,75.3,69.3
1985-06-23,61.2,82.6,71.3
1985-06-24,59.3,74.7,67.5
1985-06-25,52.2,77.2,65.7
1985-06-26,55.8,74.9,66.6
1985-06-27,56.3,75.0,66.2
1985-06-28,56.8,76.4,66.8
1985-06-29,57.4,77.9,68.3
1985-06-30,59.6,75.8,68.3
1985-07-01,60.2,77.1,68.9
1985-07-02,61.6,78.8,70.0
1985-07-03,60.2,79.8,70.1
1985-07-04,58.1,83.7,73.1
1985-07-05,66.8,79.0,72.3
1985-07-06,61.2,76.2,68.6
1985-07-07,57.7,80.0,68.3
1985-07-08,68.7,88.8,78.5
1985-07-09,67.8,84.2,75.8
1985-07-10,65.0,78.4,71.5
1985-07-11,61.2,73.6,67.4
1985-07-12,61.5,82.3,72.2
1985-07-13,67.4,87.4,77.4
1985-07-14,71.0,82.9,74.9
1985-07-15,69.1,82.0,74.3
1985-07-16,60.6,74.1,67.7
1985-07-17,55.0,73.4,65.3
1985-07-18,56.0,79.2,69.1
1985-07-19,64.5,85.5,73.5
1985-07-20,67.7,81.9,74.0
1985-07-21,67.4,83.0,74.3
1985-07-22,62.0,73.9,68.4
1985-07-23,52.6,72.8,63.8
1985-07-24,54.8,83.1,70.9
1985-07-25,72.5,88.0,80.2
1985-07-26,65.1,77.2,71.0
1985-07-27,58.8,78.6,69.5
1985-07-28,61.4,85.6,73.6
1985-07-29,66.0,85.6,76.2
1985-07-30,64.2,78.3,70.9
1985-07-31,62.6,71.6,66.0
1985-08-01,59.2,74.8,67.0
1985-08-02,56.2,75.5,66.0
1985-08-03,56.2,78.8,68.9
1985-08-04,62.4,81.3,72.4
1985-08-05,66.4,76.5,70.5
1985-08-06,66.0,78.1,70.6
1985-08-07,67.3,81.1,72.0
1985-08-08,60.4,82.4,72.5
1985-08-09,61.0,83.2,73.2
1985-08-10,65.3,86.5,73.9
1985-08-11,60.9,76.2,68.4
1985-08-12,55.2,77.8,66.7
1985-08-13,65.3,86.6,75.2
1985-08-14,68.1,82.3,73.9
1985-08-15,62.3,69.6,67.2
1985-08-16,57.7,76.1,66.8
1985-08-17,57.9,78.6,68.9
1985-08-18,64.0,79.0,71.4
1985-08-19,56.8,71.5,64.5
1985-08-20,56.3,69.1,63.4
1985-08-21,56.4,69.5,63.3
1985-08-22,56.1,71.2,63.8
1985-08-23,58.9,75.0,67.2
1985-08-24,63.3,72.6,67.1
1985-08-25,61.2,73.8,67.4
1985-08-26,60.5,71.9,65.1
1985-08-27,58.9,75.4,67.4
1985-08-28,62.3,78.9,70.3
1985-08-29,65.1,76.0,70.1
1985-08-30,59.7,72.1,66.7
1985-08-31,54.5,69.9,61.9
1985-09-01,55.8,78.2,66.7
1985-09-02,66.9,77.5,70.8
1985-09-03,67.2,85.1,76.1
1985-09-04,72.2,79.8,75.5
1985-09-05,69.4,82.2,75.4
1985-09-06,71.7,83.2,77.3
1985-09-07,71.2,86.5,79.0
1985-09-08,69.7,83.5,74.8
1985-09-09,69.3,80.6,72.7
1985-09-10,60.8,71.2,66.9
1985-09-11,54.0,64.5,58.9
1985-09-12,48.1,57.6,52.7
1985-09-13,43.6,60.1,51.8
1985-09-14,42.9,63.4,53.3
1985-09-15,44.4,65.5,55.4
1985-09-16,46.1,69.9,59.1
1985-09-17,52.8,74.5,63.3
1985-09-18,59.0,77.6,68.0
1985-09-19,62.6,80.7,70.9
1985-09-20,61.0,79.9,70.6
1985-09-21,58.4,69.4,62.3
1985-09-22,57.2,78.3,67.4
1985-09-23,59.7,79.2,69.5
1985-09-24,49.7,59.9,54.8
1985-09-25,42.5,59.7,52.8
1985-09-26,51.6,63.4,58.1
1985-09-27,46.5,61.9,53.7
1985-09-28,47.5,68.0,57.3
1985-09-29,48.4,69.3,59.3
1985-09-30,52.7,66.0,59.2
1985-10-01,47.0,53.8,50.0
1985-10-02,39.4,56.0,48.0
1985-10-03,40.2,60.3,50.3
1985-10-04,47.2,66.7,53.2
1985-10-05,45.8,53.1,49.4
1985-10-06,40.2,52.2,46.8
1985-10-07,39.2,63.6,51.4
1985-10-08,53.5,66.5,58.8
1985-10-09,57.1,67.5,62.4
1985-10-10,49.8,62.5,56.6
1985-10-11,45.0,55.2,49.7
1985-10-12,46.4,68.8,57.4
1985-10-13,54.9,65.9,60.7
1985-10-14,49.2,63.8,56.9
1985-10-15,48.7,62.2,56.2
1985-10-16,44.5,52.8,48.7
1985-10-17,37.2,59.4,48.4
1985-10-18,50.5,66.6,59.1
1985-10-19,52.4,64.0,58.2
1985-10-20,47.0,55.4,51.1
1985-10-21,45.1,56.3,50.1
1985-10-22,49.0,58.2,53.0
1985-10-23,52.5,65.9,58.8
1985-10-24,54.4,68.0,61.7
1985-10-25,43.9,59.8,51.9
1985-10-26,39.8,63.4,50.9
1985-10-27,45.6,60.6,53.2
1985-10-28,38.1,50.9,43.7
1985-10-29,38.1,50.7,43.7
1985-10-30,42.7,52.0,46.0
1985-10-31,41.5,54.2,48.0
1985-11-01,50.9,60.5,54.9
1985-11-02,50.5,57.1,54.1
1985-11-03,46.3,50.3,48.0
1985-11-04,44.6,47.9,46.5
1985-11-05,45.7,51.2,48.1
1985-11-06,44.6,49.8,46.1
1985-11-07,38.8,47.6,45.2
1985-11-08,35.3,49.0,41.7
1985-11-09,39.9,46.0,43.4
1985-11-10,35.2,45.8,39.0
1985-11-11,34.6,37.5,35.6
1985-11-12,37.0,56.2,45.7
1985-11-13,43.8,57.7,48.6
1985-11-14,40.9,55.0,45.5
1985-11-15,35.7,43.2,39.2
1985-11-16,37.3,49.8,41.7
1985-11-17,35.9,46.0,39.8
1985-11-18,35.7,62.2,47.9
1985-11-19,59.6,66.4,62.4
1985-11-20,27.9,66.8,37.2
1985-11-21,24.8,34.5,29.2
1985-11-22,28.3,37.0,32.2
1985-11-23,27.9,35.1,31.8
1985-11-24,25.5,32.9,30.1
1985-11-25,26.1,32.9,29.3
1985-11-26,33.5,49.0,40.0
1985-11-27,30.4,39.7,34.0
1985-11-28,27.9,34.3,30.8
1985-11-29,30.6,37.1,33.3
1985-11-30,33.0,40.6,35.9
1985-12-01,26.2,54.2,40.8
1985-12-02,16.0,27.2,22.6
1985-12-03,17.2,27.5,22.8
1985-12-04,24.7,31.5,27.3
1985-12-05,24.6,32.4,28.5
1985-12-06,27.0,34.9,30.8
1985-12-07,26.1,32.7,29.3
1985-12-08,26.3,37.8,31.3
1985-12-09,31.7,35.4,33.4
1985-12-10,31.8,39.2,34.8
1985-12-11,31.5,33.6,32.6
1985-12-12,23.9,32.0,29.5
1985-12-13,16.6,23.6,21.3
1985-12-14,8.2,17.5,13.1
1985-12-15,10.0,28.2,21.2
1985-12-16,12.1,27.7,20.2
1985-12-17,7.2,15.5,11.1
1985-12-18,1.7,13.8,8.6
1985-12-19,0.9,16.9,11.1
1985-12-20,3.5,20.3,11.1
1985-12-21,6.4,19.5,11.7
1985-12-22,6.5,32.8,23.0
1985-12-23,28.9,33.6,31.4
1985-12-24,-1.6,33.3,17.7
1985-12-25,-12.5,11.9,-0.3
1985-12-26,-7.2,24.0,6.2
1985-12-27,9.2,30.4,21.2
1985-12-28,4.0,14.1,9.6
1985-12-29,11.8,22.5,18.9
1985-12-30,13.4,29.3,18.7
1985-12-31,21.5,34.4,30.4
1986-01-01,11.7,22.0,17.5
1986-01-02,19.4,34.6,28.8
1986-01-03,21.8,31.7,29.0
1986-01-04,21.6,30.5,26.3
1986-01-05,19.2,29.1,22.1
1986-01-06,4.9,24.2,15.2
1986-01-07,-6.3,9.2,1.0
1986-01-08,-14.0,16.8,2.4
1986-01-09,13.0,33.8,23.7
1986-01-10,22.2,32.0,28.9
1986-01-11,17.0,36.8,27.8
1986-01-12,21.6,37.6,34.1
1986-01-13,8.6,18.9,13.3
1986-01-14,7.8,23.5,15.4
1986-01-15,-1.8,26.3,12.6
1986-01-16,9.7,38.6,25.6
1986-01-17,39.0,50.3,44.1
1986-01-18,39.7,50.1,45.2
1986-01-19,30.1,42.3,34.1
1986-01-20,26.6,35.0,29.8
1986-01-21,24.9,40.7,32.2
1986-01-22,24.4,43.8,33.4
1986-01-23,20.7,30.4,24.4
1986-01-24,19.1,30.0,24.3
1986-01-25,29.4,37.4,32.7
1986-01-26,9.3,28.8,23.7
1986-01-27,-4.7,7.1,1.9
1986-01-28,-7.4,11.8,2.3
1986-01-29,9.9,23.9,17.2
1986-01-30,-1.0,20.2,10.6
1986-01-31,7.6,28.0,17.2
1986-02-01,21.7,45.2,31.3
1986-02-02,27.3,34.2,30.5
1986-02-03,27.6,33.5,29.7
1986-02-04,28.9,35.0,32.6
1986-02-05,28.4,35.2,32.8
1986-02-06,20.0,28.0,24.5
1986-02-07,14.0,21.7,18.6
1986-02-08,9.2,25.7,17.9
1986-02-09,13.6,27.2,21.3
1986-02-10,6.1,17.1,10.6
1986-02-11,-2.1,18.6,8.2
1986-02-12,1.6,19.1,8.6
1986-02-13,1.5,17.9,9.6
1986-02-14,16.2,27.0,20.7
1986-02-15,8.7,20.8,14.7
1986-02-16,15.8,23.7,19.6
1986-02-17,24.2,38.7,31.9
1986-02-18,33.7,42.2,36.4
1986-02-19,32.0,40.7,35.4
1986-02-20,32.0,40.9,34.8
1986-02-21,5.9,32.7,21.2
1986-02-22,-1.1,26.2,12.7
1986-02-23,14.4,30.4,22.7
1986-02-24,13.3,31.5,21.2
1986-02-25,1.1,29.6,16.6
1986-02-26,14.8,29.7,22.0
1986-02-27,9.9,21.9,16.6
1986-02-28,6.5,23.4,12.5
1986-03-01,-1.0,30.4,15.2
1986-03-02,9.6,36.7,24.7
1986-03-03,25.2,39.1,32.4
1986-03-04,29.0,38.0,32.6
1986-03-05,22.2,37.8,31.5
1986-03-06,15.4,32.8,28.8
1986-03-07,-1.3,12.7,6.0
1986-03-08,-6.9,27.1,9.4
1986-03-09,28.2,47.0,38.9
1986-03-10,39.7,59.8,53.6
1986-03-11,28.1,42.3,34.1
1986-03-12,26.3,34.1,30.6
1986-03-13,33.8,55.5,42.9
1986-03-14,38.0,55.8,45.4
1986-03-15,34.3,43.5,38.9
1986-03-16,30.6,40.2,35.7
1986-03-17,29.0,41.5,35.4
1986-03-18,31.7,49.5,40.2
1986-03-19,24.3,54.6,44.5
1986-03-20,13.1,22.7,18.9
1986-03-21,15.3,32.8,23.4
1986-03-22,25.3,44.1,34.5
1986-03-23,36.3,56.5,44.5
1986-03-24,24.5,40.3,32.6
1986-03-25,35.2,68.5,53.5
1986-03-26,44.0,59.7,53.3
1986-03-27,31.9,46.6,38.8
1986-03-28,27.2,61.3,45.5
1986-03-29,50.1,71.4,60.2
1986-03-30,51.1,73.2,63.4
1986-03-31,38.8,60.3,49.8
1986-04-01,42.1,72.5,55.6
1986-04-02,32.8,55.0,43.7
1986-04-03,35.2,54.3,44.8
1986-04-04,42.0,56.3,47.6
1986-04-05,41.4,58.9,49.6
1986-04-06,49.0,64.6,55.6
1986-04-07,47.5,67.0,56.0
1986-04-08,39.6,55.9,48.3
1986-04-09,34.6,41.3,37.6
1986-04-10,31.9,41.7,36.1
1986-04-11,31.0,54.0,40.6
1986-04-12,30.5,51.9,41.1
1986-04-13,30.6,53.3,42.1
1986-04-14,33.8,55.8,45.2
1986-04-15,36.9,49.2,42.7
1986-04-16,33.5,42.1,38.6
1986-04-17,39.1,59.4,47.3
1986-04-18,33.7,63.9,49.7
1986-04-19,41.3,68.4,55.6
1986-04-20,42.0,55.0,48.0
1986-04-21,31.4,48.7,42.3
1986-04-22,26.6,38.7,32.4
1986-04-23,25.2,51.1,38.4
1986-04-24,31.6,63.7,48.5
1986-04-25,43.2,74.6,58.8
1986-04-26,49.1,73.4,61.2
1986-04-27,51.3,78.9,64.5
1986-04-28,55.9,79.2,65.5
1986-04-29,50.3,63.4,55.6
1986-04-30,48.9,63.0,56.5
1986-05-01,42.2,62.2,56.3
1986-05-02,34.2,51.2,41.7
1986-05-03,30.8,53.0,42.2
1986-05-04,32.8,64.8,51.4
1986-05-05,55.6,76.2,64.8
1986-05-06,62.8,76.6,69.6
1986-05-07,57.3,74.8,66.5
1986-05-08,47.4,65.4,55.8
1986-05-09,46.4,61.9,54.3
1986-05-10,47.5,68.6,58.1
1986-05-11,45.7,72.5,60.4
1986-05-12,51.5,67.6,59.8
1986-05-13,52.1,72.1,61.1
1986-05-14,57.1,73.0,63.8
1986-05-15,50.8,73.1,64.0
1986-05-16,59.5,67.7,64.2
1986-05-17,52.2,77.7,65.9
1986-05-18,52.6,67.1,62.1
1986-05-19,46.7,52.8,49.7
1986-05-20,46.4,51.1,47.8
1986-05-21,46.3,52.3,48.6
1986-05-22,45.6,55.5,50.8
1986-05-23,44.5,61.3,54.2
1986-05-24,52.5,67.0,59.5
1986-05-25,51.3,68.2,60.7
1986-05-26,53.2,74.8,65.2
1986-05-27,60.1,65.4,63.2
1986-05-28,57.3,77.0,67.0
1986-05-29,56.9,80.9,69.9
1986-05-30,61.9,80.8,71.7
1986-05-31,63.9,85.0,73.6
1986-06-01,51.8,82.0,68.6
1986-06-02,46.8,59.7,53.1
1986-06-03,41.8,65.6,55.2
1986-06-04,48.6,80.8,66.3
1986-06-05,61.2,66.7,63.7
1986-06-06,58.7,66.3,62.2
1986-06-07,60.3,78.3,68.2
1986-06-08,63.0,77.8,70.0
1986-06-09,53.8,70.5,62.5
1986-06-10,54.8,73.1,65.6
1986-06-11,69.1,79.2,73.2
1986-06-12,60.7,72.9,67.5
1986-06-13,58.8,75.4,67.2
1986-06-14,55.3,76.5,65.9
1986-06-15,60.3,79.2,68.4
1986-06-16,60.2,81.8,71.5
1986-06-17,50.6,65.6,58.1
1986-06-18,47.5,73.2,62.2
1986-06-19,60.2,74.8,67.3
1986-06-20,58.7,73.7,66.5
1986-06-21,52.9,77.8,67.3
1986-06-22,66.5,86.6,75.5
1986-06-23,64.9,79.1,72.6
1986-06-24,56.8,66.8,61.4
1986-06-25,48.3,69.1,59.4
1986-06-26,53.7,78.4,67.2
1986-06-27,67.2,83.1,74.7
1986-06-28,68.4,82.8,74.1
1986-06-29,60.1,77.4,69.7
1986-06-30,57.0,66.3,60.9
1986-07-01,56.5,68.6,63.3
1986-07-02,60.0,72.1,66.5
1986-07-03,54.7,69.3,62.5
1986-07-04,53.0,80.3,67.9
1986-07-05,69.6,87.5,78.1
1986-07-06,67.3,89.5,79.0
1986-07-07,71.7,85.2,78.9
1986-07-08,68.4,81.6,71.8
1986-07-09,64.6,76.8,71.3
1986-07-10,59.5,76.8,68.6
1986-07-11,59.5,68.0,64.4
1986-07-12,65.8,81.5,71.9
1986-07-13,70.0,79.5,74.3
1986-07-14,64.2,75.8,69.6
1986-07-15,60.4,82.6,72.1
1986-07-16,69.1,80.2,74.0
1986-07-17,70.9,89.9,80.8
1986-07-18,74.3,91.6,82.4
1986-07-19,75.4,90.1,82.4
1986-07-20,71.2,83.8,77.6
1986-07-21,64.2,76.6,70.6
1986-07-22,58.5,79.1,70.3
1986-07-23,63.1,80.8,73.3
1986-07-24,65.3,85.6,76.4
1986-07-25,71.3,82.3,75.0
1986-07-26,68.5,81.9,74.6
1986-07-27,61.8,81.7,72.9
1986-07-28,65.4,80.6,72.9
1986-07-29,65.0,76.8,70.2
1986-07-30,62.0,80.6,71.2
1986-07-31,62.2,82.6,72.6
1986-08-01,66.9,80.0,73.2
1986-08-02,62.0,78.1,69.4
1986-08-03,58.4,72.0,65.9
1986-08-04,56.8,76.6,67.9
1986-08-05,59.2,76.9,70.0
1986-08-06,63.1,79.2,70.5
1986-08-07,64.7,76.6,69.7
1986-08-08,61.7,77.0,69.7
1986-08-09,61.7,78.4,70.4
1986-08-10,63.9,76.0,69.2
1986-08-11,56.3,69.3,63.5
1986-08-12,51.6,71.3,62.6
1986-08-13,53.9,74.1,65.4
1986-08-14,57.7,81.1,71.4
1986-08-15,68.9,82.5,74.2
1986-08-16,67.8,80.8,73.9
1986-08-17,64.8,82.9,74.5
1986-08-18,65.9,79.7,72.2
1986-08-19,61.6,76.6,68.8
1986-08-20,60.1,79.5,70.1
1986-08-21,65.1,80.1,71.8
1986-08-22,59.7,78.4,69.5
1986-08-23,63.1,77.0,71.2
1986-08-24,56.1,72.3,63.8
1986-08-25,53.2,74.1,65.1
1986-08-26,62.6,82.5,71.5
1986-08-27,56.1,65.2,60.3
1986-08-28,46.1,61.9,54.5
1986-08-29,44.0,64.8,55.8
1986-08-30,45.8,69.2,58.7
1986-08-31,49.6,72.9,62.0
1986-09-01,52.6,75.6,64.5
1986-09-02,53.6,76.3,65.7
1986-09-03,59.7,77.1,68.4
1986-09-04,64.5,79.7,70.6
1986-09-05,58.8,72.4,64.9
1986-09-06,51.8,66.6,59.6
1986-09-07,46.9,59.6,54.1
1986-09-08,43.2,65.3,55.6
1986-09-09,45.1,71.3,59.6
1986-09-10,59.9,80.7,70.5
1986-09-11,68.4,73.6,69.9
1986-09-12,57.1,67.8,63.6
1986-09-13,50.8,68.2,59.1
1986-09-14,52.2,63.7,57.4
1986-09-15,52.7,73.8,61.1
1986-09-16,45.4,59.9,52.8
1986-09-17,45.0,61.5,53.4
1986-09-18,55.3,71.6,62.8
1986-09-19,58.1,66.4,62.6
1986-09-20,60.7,72.0,66.9
1986-09-21,58.6,68.3,63.0
1986-09-22,60.3,81.3,69.6
1986-09-23,64.8,72.6,68.2
1986-09-24,57.7,73.8,66.0
1986-09-25,61.2,80.8,69.1
1986-09-26,69.2,79.6,73.8
1986-09-27,67.0,77.6,70.8
1986-09-28,64.0,80.6,71.8
1986-09-29,70.1,83.7,75.8
1986-09-30,63.0,71.0,67.9
1986-10-01,56.8,62.7,59.6
1986-10-02,57.7,65.7,61.1
1986-10-03,61.2,70.2,65.7
1986-10-04,54.6,63.9,59.6
1986-10-05,48.1,58.7,53.3
1986-10-06,41.9,50.5,46.5
1986-10-07,36.4,59.2,48.5
1986-10-08,50.5,67.4,58.3
1986-10-09,43.7,56.1,50.5
1986-10-10,36.9,48.3,42.5
1986-10-11,40.0,63.3,52.1
1986-10-12,56.4,63.0,60.1
1986-10-13,52.2,60.6,55.7
1986-10-14,39.3,51.0,45.1
1986-10-15,38.4,49.7,43.5
1986-10-16,40.2,50.2,44.8
1986-10-17,40.3,52.1,45.9
1986-10-18,37.8,51.8,44.5
1986-10-19,36.0,56.4,45.4
1986-10-20,35.9,62.0,48.7
1986-10-21,50.5,67.7,57.1
1986-10-22,48.7,70.4,58.7
1986-10-23,52.8,65.5,59.6
1986-10-24,47.6,52.5,50.3
1986-10-25,45.2,53.9,49.3
1986-10-26,51.1,59.2,53.9
1986-10-27,49.5,57.6,53.0
1986-10-28,43.2,63.0,52.9
1986-10-29,48.9,60.3,54.8
1986-10-30,40.1,50.6,45.7
1986-10-31,38.6,58.4,48.2
1986-11-01,46.2,64.6,54.0
1986-11-02,33.1,46.3,42.4
1986-11-03,30.5,48.9,39.4
1986-11-04,35.2,42.7,39.2
1986-11-05,33.4,47.7,40.6
1986-11-06,40.3,52.5,45.3
1986-11-07,45.2,54.2,49.4
1986-11-08,48.7,64.0,56.6
1986-11-09,31.6,49.4,40.9
1986-11-10,26.7,37.0,32.0
1986-11-11,29.5,37.2,33.5
1986-11-12,22.8,34.6,28.9
1986-11-13,14.1,23.1,18.6
1986-11-14,12.4,28.9,20.6
1986-11-15,26.3,34.9,31.0
1986-11-16,28.7,39.2,33.3
1986-11-17,32.0,47.8,37.7
1986-11-18,27.2,34.4,32.3
1986-11-19,18.6,31.6,26.0
1986-11-20,30.9,35.9,33.2
1986-11-21,31.5,37.0,33.5
1986-11-22,25.2,41.5,33.1
1986-11-23,30.9,43.2,37.6
1986-11-24,29.1,38.1,34.9
1986-11-25,27.4,44.1,34.0
1986-11-26,34.8,39.7,37.6
1986-11-27,29.8,40.9,34.3
1986-11-28,29.3,42.7,34.5
1986-11-29,29.7,43.9,35.8
1986-11-30,28.6,37.3,33.0
1986-12-01,27.2,35.6,31.6
1986-12-02,31.9,37.5,35.2
1986-12-03,28.6,38.8,34.9
1986-12-04,24.6,30.1,27.4
1986-12-05,22.0,31.9,26.2
1986-12-06,25.0,33.8,29.0
1986-12-07,27.6,36.8,32.8
1986-12-08,28.1,35.0,31.5
1986-12-09,33.6,38.6,35.8
1986-12-10,17.9,32.6,22.9
1986-12-11,10.7,27.4,20.2
1986-12-12,17.6,28.9,24.5
1986-12-13,8.5,22.2,15.2
1986-12-14,15.8,36.0,26.5
1986-12-15,23.2,36.6,29.5
1986-12-16,25.9,36.4,30.8
1986-12-17,32.2,37.0,34.2
1986-12-18,31.2,35.0,33.3
1986-12-19,27.4,33.3,30.5
1986-12-20,27.0,33.8,30.4
1986-12-21,23.7,33.4,28.5
1986-12-22,22.2,35.6,28.3
1986-12-23,27.0,35.9,30.7
1986-12-24,28.6,34.3,31.7
1986-12-25,30.8,35.2,32.8
1986-12-26,29.2,32.5,30.5
1986-12-27,27.4,34.2,30.6
1986-12-28,26.5,36.0,29.7
1986-12-29,24.7,35.6,28.3
1986-12-30,27.2,36.5,31.4
1986-12-31,29.8,34.5,32.1
1987-01-01,29.8,36.2,31.9
1987-01-02,29.4,34.5,31.4
1987-01-03,26.0,34.6,29.7
1987-01-04,25.8,34.2,29.2
1987-01-05,24.4,33.8,28.4
1987-01-06,21.6,45.1,33.3
1987-01-07,30.3,40.0,34.5
1987-01-08,28.8,32.1,30.2
1987-01-09,27.5,30.4,28.7
1987-01-10,29.5,33.1,31.8
1987-01-11,23.2,32.0,28.2
1987-01-12,26.2,36.5,30.3
1987-01-13,18.3,35.6,29.0
1987-01-14,34.6,43.8,38.7
1987-01-15,26.1,40.0,35.0
1987-01-16,19.9,26.8,23.3
1987-01-17,19.1,29.1,24.0
1987-01-18,22.7,30.0,27.2
1987-01-19,16.7,25.3,22.6
1987-01-20,10.1,24.4,18.0
1987-01-21,9.2,21.1,15.4
1987-01-22,16.1,28.8,21.9
1987-01-23,1.4,14.6,6.0
1987-01-24,-3.5,8.8,1.4
1987-01-25,-11.5,14.6,1.3
1987-01-26,-3.1,20.9,6.9
1987-01-27,-4.2,18.8,7.8
1987-01-28,15.0,30.9,22.3
1987-01-29,14.8,29.4,24.0
1987-01-30,24.6,33.9,30.9
1987-01-31,19.7,30.2,24.8
1987-02-01,21.6,39.9,32.2
1987-02-02,26.1,38.6,32.6
1987-02-03,29.8,37.1,34.4
1987-02-04,22.4,33.5,28.2
1987-02-05,16.0,35.3,26.4
1987-02-06,17.4,42.6,29.6
1987-02-07,26.3,41.2,33.3
1987-02-08,11.0,37.7,25.9
1987-02-09,9.0,29.7,18.4
1987-02-10,23.0,38.8,29.9
1987-02-11,20.4,36.7,28.5
1987-02-12,25.0,38.4,30.9
1987-02-13,14.6,29.3,23.2
1987-02-14,9.8,28.2,22.8
1987-02-15,2.0,17.3,8.7
1987-02-16,1.6,20.1,10.3
1987-02-17,16.0,30.2,22.6
1987-02-18,20.8,36.1,26.8
1987-02-19,17.4,36.0,25.9
1987-02-20,20.9,39.3,28.4
1987-02-21,21.6,41.5,30.9
1987-02-22,29.5,44.9,35.6
1987-02-23,28.6,40.3,33.0
1987-02-24,25.9,41.6,32.8
1987-02-25,22.5,39.4,30.0
1987-02-26,24.9,40.0,31.0
1987-02-27,28.0,40.1,33.1
1987-02-28,33.1,39.9,36.1
1987-03-01,33.5,46.6,41.8
1987-03-02,28.1,42.4,34.2
1987-03-03,25.6,36.4,31.1
1987-03-04,22.5,37.8,29.2
1987-03-05,27.8,40.9,32.9
1987-03-06,26.1,57.2,40.4
1987-03-07,38.9,65.9,51.3
1987-03-08,42.8,69.0,54.1
1987-03-09,14.4,41.9,25.2
1987-03-10,11.1,27.0,18.3
1987-03-11,17.0,34.4,24.8
1987-03-12,21.4,39.7,30.6
1987-03-13,22.8,39.1,31.4
1987-03-14,26.0,33.7,29.3
1987-03-15,20.7,35.6,27.8
1987-03-16,20.1,37.1,28.4
1987-03-17,11.2,41.5,27.0
1987-03-18,23.2,45.6,33.0
1987-03-19,29.5,52.2,38.7
1987-03-20,28.1,51.6,38.4
1987-03-21,27.0,48.8,36.7
1987-03-22,26.1,56.5,40.1
1987-03-23,30.4,55.6,42.2
1987-03-24,36.0,60.6,47.5
1987-03-25,43.5,59.6,50.6
1987-03-26,39.2,50.5,43.7
1987-03-27,38.8,51.3,45.2
1987-03-28,37.6,54.0,46.3
1987-03-29,38.8,67.5,50.4
1987-03-30,27.1,48.7,36.0
1987-03-31,21.7,32.6,26.4
1987-04-01,14.9,43.7,30.9
1987-04-02,28.0,37.0,32.2
1987-04-03,22.0,33.9,29.1
1987-04-04,26.3,38.7,32.5
1987-04-05,34.9,43.9,38.9
1987-04-06,39.2,48.3,42.5
1987-04-07,39.7,59.6,48.4
1987-04-08,33.6,55.3,44.0
1987-04-09,30.6,61.9,46.6
1987-04-10,33.8,65.6,50.8
1987-04-11,44.0,55.0,48.2
1987-04-12,43.3,53.4,47.6
1987-04-13,40.8,63.0,51.5
1987-04-14,48.1,60.8,53.5
1987-04-15,52.2,57.8,54.3
1987-04-16,47.9,54.3,50.6
1987-04-17,43.2,64.0,54.1
1987-04-18,43.5,70.3,56.9
1987-04-19,44.7,70.1,58.2
1987-04-20,46.8,76.3,62.2
1987-04-21,50.6,80.4,63.1
1987-04-22,44.4,55.2,50.2
1987-04-23,48.4,59.9,54.4
1987-04-24,40.1,54.9,48.5
1987-04-25,37.5,56.8,47.2
1987-04-26,44.9,62.0,52.1
1987-04-27,37.9,64.1,50.2
1987-04-28,41.0,55.1,47.1
1987-04-29,41.7,71.0,55.7
1987-04-30,37.5,54.9,45.8
1987-05-01,35.8,60.4,49.4
1987-05-02,47.7,62.0,53.5
1987-05-03,41.1,56.0,46.8
1987-05-04,37.9,58.5,48.1
1987-05-05,34.3,63.6,49.9
1987-05-06,38.6,68.2,55.1
1987-05-07,47.0,63.6,55.1
1987-05-08,39.6,66.0,54.5
1987-05-09,48.3,75.8,62.8
1987-05-10,59.5,80.0,69.1
1987-05-11,63.9,81.0,71.6
1987-05-12,48.2,62.5,56.5
1987-05-13,41.5,67.3,55.8
1987-05-14,53.8,83.0,67.0
1987-05-15,49.5,65.6,57.6
1987-05-16,44.3,73.0,59.3
1987-05-17,56.8,82.0,69.7
1987-05-18,57.5,69.6,63.4
1987-05-19,54.0,66.9,59.6
1987-05-20,58.5,76.6,67.4
1987-05-21,64.0,82.1,71.5
1987-05-22,64.1,81.5,73.3
1987-05-23,56.1,63.9,59.9
1987-05-24,52.6,61.6,57.3
1987-05-25,49.5,68.4,59.9
1987-05-26,61.1,81.5,70.6
1987-05-27,64.7,85.5,75.6
1987-05-28,67.7,86.2,77.1
1987-05-29,67.6,86.8,77.8
1987-05-30,69.9,87.3,77.2
1987-05-31,67.9,81.6,74.5
1987-06-01,66.5,78.5,72.1
1987-06-02,66.0,83.8,72.8
1987-06-03,63.0,77.9,70.7
1987-06-04,57.4,68.6,62.9
1987-06-05,51.1,77.3,65.1
1987-06-06,53.0,78.1,66.0
1987-06-07,64.4,84.4,74.9
1987-06-08,68.1,82.0,75.3
1987-06-09,55.7,66.4,61.8
1987-06-10,50.1,69.3,60.2
1987-06-11,52.7,77.9,66.0
1987-06-12,67.6,83.8,73.8
1987-06-13,64.1,83.6,74.3
1987-06-14,62.5,91.4,78.6
1987-06-15,68.2,85.1,76.5
1987-06-16,60.6,87.8,75.4
1987-06-17,64.3,82.1,72.7
1987-06-18,62.0,86.8,74.7
1987-06-19,62.4,90.1,77.9
1987-06-20,69.3,75.0,72.1
1987-06-21,68.6,79.4,73.1
1987-06-22,68.2,77.4,71.9
1987-06-23,65.7,82.3,72.9
1987-06-24,63.4,84.9,75.0
1987-06-25,63.3,84.2,74.9
1987-06-26,64.1,75.7,69.6
1987-06-27,59.7,68.2,63.2
1987-06-28,55.5,77.8,66.7
1987-06-29,64.2,83.7,72.0
1987-06-30,66.5,72.0,69.0
1987-07-01,63.2,71.9,67.8
1987-07-02,63.7,78.3,70.2
1987-07-03,65.1,82.5,73.2
1987-07-04,61.1,79.2,70.4
1987-07-05,60.4,78.9,69.9
1987-07-06,68.5,81.9,74.9
1987-07-07,70.1,84.4,74.8
1987-07-08,71.0,86.5,77.7
1987-07-09,70.4,85.8,77.4
1987-07-10,70.9,86.5,78.0
1987-07-11,72.6,87.7,78.9
1987-07-12,70.8,88.0,78.6
1987-07-13,65.4,84.3,75.7
1987-07-14,58.5,70.1,64.0
1987-07-15,51.2,69.3,60.3
1987-07-16,57.4,72.8,65.2
1987-07-17,58.5,81.0,70.9
1987-07-18,63.9,86.7,76.1
1987-07-19,68.4,87.8,79.1
1987-07-20,76.7,92.0,82.2
1987-07-21,72.4,90.5,81.2
1987-07-22,71.4,89.4,81.0
1987-07-23,70.9,87.3,80.4
1987-07-24,73.9,89.9,81.9
1987-07-25,71.2,87.6,79.1
1987-07-26,71.6,83.9,77.3
1987-07-27,63.6,81.5,72.8
1987-07-28,60.3,82.7,73.1
1987-07-29,62.2,83.8,74.4
1987-07-30,68.2,87.6,77.6
1987-07-31,68.4,85.4,76.0
1987-08-01,68.9,81.0,73.9
1987-08-02,71.1,90.8,79.2
1987-08-03,70.2,87.3,78.5
1987-08-04,69.8,83.2,76.0
1987-08-05,63.8,75.3,68.9
1987-08-06,57.1,77.6,68.2
1987-08-07,63.6,86.2,74.3
1987-08-08,63.7,72.6,67.5
1987-08-09,64.9,82.3,73.1
1987-08-10,65.5,76.9,71.1
1987-08-11,61.9,75.8,69.0
1987-08-12,62.9,80.1,71.4
1987-08-13,65.8,84.6,75.7
1987-08-14,71.4,86.1,78.7
1987-08-15,73.7,88.2,80.6
1987-08-16,74.2,89.0,82.0
1987-08-17,70.0,83.8,77.5
1987-08-18,63.3,82.0,70.9
1987-08-19,63.7,76.0,69.2
1987-08-20,57.0,78.1,68.3
1987-08-21,66.0,81.1,72.1
1987-08-22,63.7,76.7,71.9
1987-08-23,56.9,67.0,62.2
1987-08-24,51.0,65.8,59.1
1987-08-25,51.3,68.9,60.7
1987-08-26,57.8,61.3,59.7
1987-08-27,59.3,67.2,62.4
1987-08-28,59.9,65.6,62.4
1987-08-29,53.6,70.9,62.7
1987-08-30,57.7,76.1,66.8
1987-08-31,58.3,68.8,64.4
1987-09-01,52.4,67.4,59.6
1987-09-02,53.2,66.9,59.3
1987-09-03,47.3,66.0,57.4
1987-09-04,51.5,70.8,60.5
1987-09-05,52.2,78.5,65.2
1987-09-06,57.7,77.6,68.2
1987-09-07,61.9,81.4,70.8
1987-09-08,63.1,78.8,69.8
1987-09-09,61.3,73.7,67.2
1987-09-10,58.2,76.6,67.3
1987-09-11,64.3,76.8,69.1
1987-09-12,62.2,77.4,68.9
1987-09-13,58.5,72.7,65.8
1987-09-14,52.9,71.1,62.0
1987-09-15,54.3,72.1,63.7
1987-09-16,63.2,72.2,67.2
1987-09-17,64.3,73.2,67.4
1987-09-18,62.1,67.7,64.7
1987-09-19,57.0,69.9,64.0
1987-09-20,54.4,67.8,59.8
1987-09-21,51.2,63.0,56.1
1987-09-22,49.9,64.8,57.3
1987-09-23,52.1,67.5,59.8
1987-09-24,52.4,66.3,59.0
1987-09-25,46.3,62.0,53.9
1987-09-26,45.9,70.8,58.1
1987-09-27,50.7,76.2,63.6
1987-09-28,58.5,78.3,68.1
1987-09-29,57.9,68.0,63.0
1987-09-30,49.6,61.0,55.4
1987-10-01,41.6,59.1,51.4
1987-10-02,43.8,58.8,52.7
1987-10-03,38.4,47.6,43.1
1987-10-04,36.9,58.5,47.2
1987-10-05,46.0,65.8,54.5
1987-10-06,45.8,52.7,50.4
1987-10-07,42.3,48.1,44.7
1987-10-08,36.0,48.3,42.7
1987-10-09,40.2,60.3,48.4
1987-10-10,42.5,51.4,46.3
1987-10-11,37.5,48.9,43.6
1987-10-12,36.8,48.7,43.2
1987-10-13,33.9,54.3,44.3
1987-10-14,38.6,60.2,48.2
1987-10-15,43.8,65.1,52.8
1987-10-16,43.8,67.3,55.1
1987-10-17,50.8,55.6,52.9
1987-10-18,48.8,59.6,52.6
1987-10-19,43.7,59.3,51.6
1987-10-20,39.7,49.9,45.5
1987-10-21,35.9,44.6,39.6
1987-10-22,33.9,44.2,39.4
1987-10-23,38.2,49.0,43.9
1987-10-24,34.7,46.9,39.4
1987-10-25,31.2,47.1,38.4
1987-10-26,29.5,50.5,40.2
1987-10-27,38.5,50.6,45.9
1987-10-28,32.3,47.3,39.8
1987-10-29,32.4,46.2,39.1
1987-10-30,34.1,59.6,45.0
1987-10-31,37.7,53.3,44.7
1987-11-01,43.7,54.3,48.4
1987-11-02,46.4,62.9,54.5
1987-11-03,58.4,71.9,63.6
1987-11-04,53.8,66.5,61.4
1987-11-05,36.2,51.8,42.8
1987-11-06,32.7,43.9,37.9
1987-11-07,35.9,53.8,44.8
1987-11-08,46.2,58.2,51.1
1987-11-09,32.4,45.0,37.0
1987-11-10,29.4,37.3,32.7
1987-11-11,28.3,36.9,31.8
1987-11-12,30.7,48.3,38.0
1987-11-13,37.1,55.3,44.7
1987-11-14,38.4,53.6,44.7
1987-11-15,37.6,55.8,44.7
1987-11-16,39.6,59.5,49.6
1987-11-17,49.2,61.6,57.8
1987-11-18,35.3,47.9,42.0
1987-11-19,30.6,44.3,36.6
1987-11-20,24.1,32.5,29.4
1987-11-21,16.2,27.9,22.1
1987-11-22,21.6,42.3,30.8
1987-11-23,34.2,52.7,43.8
1987-11-24,37.8,44.5,41.2
1987-11-25,36.0,39.6,37.9
1987-11-26,33.8,42.5,36.8
1987-11-27,33.4,40.0,37.1
1987-11-28,40.0,49.2,44.4
1987-11-29,37.1,51.8,46.2
1987-11-30,34.2,41.2,38.0
1987-12-01,27.1,38.5,33.4
1987-12-02,24.2,33.8,28.5
1987-12-03,27.8,33.5,31.0
1987-12-04,23.9,31.2,27.8
1987-12-05,25.5,32.9,29.5
1987-12-06,22.5,33.0,27.0
1987-12-07,21.9,33.8,30.3
1987-12-08,34.0,46.0,40.6
1987-12-09,41.5,52.3,47.5
1987-12-10,35.9,41.0,39.0
1987-12-11,29.2,44.2,36.7
1987-12-12,32.4,37.8,34.7
1987-12-13,31.6,36.0,33.4
1987-12-14,27.6,35.6,31.9
1987-12-15,29.8,42.9,34.4
1987-12-16,29.9,34.3,31.9
1987-12-17,25.6,31.6,28.9
1987-12-18,22.2,31.2,27.5
1987-12-19,30.1,36.0,32.4
1987-12-20,31.2,47.3,38.3
1987-12-21,28.3,38.5,32.0
1987-12-22,29.6,34.3,32.1
1987-12-23,30.9,39.3,34.7
1987-12-24,31.5,46.6,37.9
1987-12-25,34.3,48.0,39.0
1987-12-26,27.6,33.8,29.9
1987-12-27,24.2,37.0,29.6
1987-12-28,26.2,30.8,28.9
1987-12-29,5.6,26.1,19.8
1987-12-30,-4.4,20.9,9.2
1987-12-31,21.7,37.4,30.0
1988-01-01,6.5,21.1,14.7
1988-01-02,1.8,18.0,9.7
1988-01-03,9.5,26.0,18.1
1988-01-04,4.8,24.8,16.4
1988-01-05,-1.5,7.2,2.6
1988-01-06,-6.1,9.8,-0.1
1988-01-07,-16.0,12.1,0.1
1988-01-08,-7.5,17.1,6.6
1988-01-09,4.4,18.2,11.5
1988-01-10,-12.1,13.6,1.8
1988-01-11,2.7,28.2,16.3
1988-01-12,24.9,39.4,34.0
1988-01-13,10.5,36.0,18.8
1988-01-14,-5.1,12.1,6.2
1988-01-15,11.9,31.0,22.0
1988-01-16,26.4,43.0,34.8
1988-01-17,35.7,42.9,38.6
1988-01-18,26.4,42.2,35.4
1988-01-19,24.8,35.1,30.2
1988-01-20,31.5,50.4,40.1
1988-01-21,22.8,31.0,25.9
1988-01-22,19.8,30.0,25.2
1988-01-23,25.2,31.2,27.7
1988-01-24,23.8,34.4,30.1
1988-01-25,21.6,31.0,25.3
1988-01-26,10.4,22.4,16.4
1988-01-27,-0.1,17.1,9.2
1988-01-28,4.9,22.6,15.3
1988-01-29,17.8,41.5,29.2
1988-01-30,41.5,51.5,46.8
1988-01-31,48.1,52.3,50.3
1988-02-01,25.1,46.1,33.2
1988-02-02,18.4,25.7,22.1
1988-02-03,20.1,28.9,23.8
1988-02-04,5.2,21.7,14.1
1988-02-05,-1.9,12.6,5.9
1988-02-06,-3.3,7.5,1.7
1988-02-07,-3.6,22.3,10.4
1988-02-08,-2.7,18.0,9.7
1988-02-09,12.7,25.6,19.2
1988-02-10,6.5,17.6,11.9
1988-02-11,10.2,19.6,14.4
1988-02-12,2.9,15.2,9.7
1988-02-13,1.7,18.4,8.2
1988-02-14,-5.6,40.3,17.0
1988-02-15,23.0,40.8,32.0
1988-02-16,9.5,31.5,23.2
1988-02-17,22.5,38.9,31.1
1988-02-18,19.7,38.3,29.1
1988-02-19,20.6,32.3,28.8
1988-02-20,2.2,36.0,24.8
1988-02-21,-5.6,22.8,8.6
1988-02-22,24.3,49.3,37.3
1988-02-23,20.9,35.5,27.2
1988-02-24,18.3,27.0,22.2
1988-02-25,12.6,25.2,18.9
1988-02-26,13.5,44.1,28.4
1988-02-27,22.1,30.7,27.1
1988-02-28,18.5,39.9,29.5
1988-02-29,28.0,40.7,33.3
1988-03-01,20.8,32.6,27.1
1988-03-02,27.7,50.0,38.5
1988-03-03,21.6,28.3,24.8
1988-03-04,18.6,35.2,25.5
1988-03-05,21.2,39.7,29.6
1988-03-06,22.5,47.3,34.2
1988-03-07,31.1,50.2,39.0
1988-03-08,30.7,61.1,45.1
1988-03-09,33.3,54.0,42.8
1988-03-10,26.6,44.2,34.4
1988-03-11,25.9,50.2,36.9
1988-03-12,33.9,52.2,42.1
1988-03-13,22.9,37.3,30.6
1988-03-14,20.1,26.7,23.1
1988-03-15,16.0,30.3,23.1
1988-03-16,22.6,34.2,27.8
1988-03-17,23.3,39.5,30.6
1988-03-18,28.6,39.5,32.8
1988-03-19,23.4,37.0,29.8
1988-03-20,17.1,29.2,24.4
1988-03-21,16.7,31.3,23.8
1988-03-22,19.5,36.4,27.4
1988-03-23,31.6,68.1,50.9
1988-03-24,35.3,48.7,43.8
1988-03-25,44.9,59.7,53.7
1988-03-26,31.8,53.6,43.8
1988-03-27,28.5,41.4,33.7
1988-03-28,25.3,43.9,35.7
1988-03-29,43.6,63.1,53.4
1988-03-30,32.9,57.1,45.1
1988-03-31,29.7,47.9,39.0
1988-04-01,38.6,55.7,45.5
1988-04-02,42.8,60.2,50.5
1988-04-03,49.5,65.7,58.8
1988-04-04,43.7,60.2,51.7
1988-04-05,43.0,74.8,58.6
1988-04-06,41.5,65.2,56.7
1988-04-07,40.4,52.6,44.8
1988-04-08,34.8,52.8,42.7
1988-04-09,29.0,57.7,43.0
1988-04-10,31.2,61.4,46.4
1988-04-11,37.5,60.2,47.6
1988-04-12,37.9,61.6,49.2
1988-04-13,36.8,65.1,51.3
1988-04-14,38.6,52.0,47.5
1988-04-15,31.3,42.3,35.8
1988-04-16,29.6,51.2,39.5
1988-04-17,37.0,64.3,50.9
1988-04-18,30.6,45.1,37.5
1988-04-19,28.8,42.2,36.0
1988-04-20,32.3,52.2,41.5
1988-04-21,28.1,50.9,39.8
1988-04-22,32.7,52.2,42.9
1988-04-23,39.5,68.7,49.0
1988-04-24,38.4,48.8,43.1
1988-04-25,31.5,59.6,46.6
1988-04-26,43.3,60.9,51.3
1988-04-27,40.3,47.2,43.6
1988-04-28,37.1,47.8,42.1
1988-04-29,37.4,53.7,46.4
1988-04-30,40.1,64.1,52.1
1988-05-01,37.4,66.7,53.7
1988-05-02,38.8,67.1,53.4
1988-05-03,40.2,57.7,49.3
1988-05-04,39.2,62.2,51.3
1988-05-05,46.5,67.7,56.1
1988-05-06,48.1,71.9,59.8
1988-05-07,44.3,70.9,57.3
1988-05-08,50.1,79.0,65.5
1988-05-09,56.7,72.6,63.6
1988-05-10,53.6,61.8,57.8
1988-05-11,44.5,64.8,54.7
1988-05-12,46.8,71.6,61.5
1988-05-13,51.1,66.1,60.7
1988-05-14,44.2,64.0,54.1
1988-05-15,49.9,81.9,65.0
1988-05-16,53.8,69.2,61.7
1988-05-17,48.7,65.8,56.4
1988-05-18,46.4,70.2,58.4
1988-05-19,52.5,63.6,58.1
1988-05-20,56.3,68.7,61.9
1988-05-21,52.1,74.8,64.8
1988-05-22,55.2,78.2,68.1
1988-05-23,60.4,71.3,65.6
1988-05-24,48.7,66.7,59.8
1988-05-25,42.6,60.2,51.5
1988-05-26,40.3,71.7,58.5
1988-05-27,57.7,79.3,68.3
1988-05-28,54.8,81.9,69.6
1988-05-29,58.2,85.5,74.0
1988-05-30,60.4,87.4,76.2
1988-05-31,62.2,87.6,76.7
1988-06-01,63.0,88.4,77.4
1988-06-02,51.9,66.7,59.7
1988-06-03,49.4,64.4,57.6
1988-06-04,47.9,74.0,61.8
1988-06-05,55.0,84.3,70.4
1988-06-06,65.5,90.2,78.1
1988-06-07,66.9,89.5,78.5
1988-06-08,48.6,71.9,61.0
1988-06-09,46.0,63.2,54.9
1988-06-10,45.8,68.8,57.9
1988-06-11,48.7,80.2,66.2
1988-06-12,59.0,86.3,73.7
1988-06-13,61.8,90.1,77.3
1988-06-14,69.3,93.1,82.2
1988-06-15,72.1,90.0,81.2
1988-06-16,63.1,79.3,70.9
1988-06-17,55.4,77.1,67.1
1988-06-18,58.4,86.0,72.9
1988-06-19,67.2,90.5,79.8
1988-06-20,72.4,95.0,82.7
1988-06-21,66.9,95.9,82.7
1988-06-22,73.7,94.3,84.8
1988-06-23,64.3,79.4,72.2
1988-06-24,58.5,83.5,71.8
1988-06-25,72.0,98.6,84.2
1988-06-26,60.1,73.0,66.2
1988-06-27,54.9,78.2,67.6
1988-06-28,57.3,72.1,65.1
1988-06-29,56.8,73.8,65.5
1988-06-30,54.0,69.2,61.6
1988-07-01,52.4,74.9,64.3
1988-07-02,55.4,81.7,69.0
1988-07-03,56.2,85.1,72.8
1988-07-04,59.6,90.0,76.6
1988-07-05,65.1,94.3,81.2
1988-07-06,66.1,97.2,84.2
1988-07-07,73.3,98.9,87.2
1988-07-08,75.7,94.4,86.5
1988-07-09,73.8,94.6,85.6
1988-07-10,70.6,89.3,79.7
1988-07-11,67.1,84.5,76.1
1988-07-12,64.8,81.9,73.7
1988-07-13,66.1,87.5,77.7
1988-07-14,75.7,91.8,82.9
1988-07-15,65.5,91.7,79.8
1988-07-16,73.4,96.3,83.1
1988-07-17,71.4,85.1,77.3
1988-07-18,67.3,86.4,75.7
1988-07-19,69.3,80.4,74.8
1988-07-20,63.1,80.1,71.7
1988-07-21,64.5,80.8,71.7
1988-07-22,63.0,78.2,70.0
1988-07-23,64.6,76.2,69.6
1988-07-24,61.4,80.3,71.4
1988-07-25,63.8,77.0,70.4
1988-07-26,62.8,79.2,70.7
1988-07-27,62.7,82.9,73.5
1988-07-28,65.2,88.7,77.1
1988-07-29,70.3,89.2,80.0
1988-07-30,70.3,84.6,76.1
1988-07-31,66.4,82.0,74.3
1988-08-01,69.4,92.1,80.2
1988-08-02,72.9,91.7,82.6
1988-08-03,74.6,91.3,83.3
1988-08-04,74.5,88.7,81.9
1988-08-05,72.1,88.4,79.3
1988-08-06,68.7,83.6,76.2
1988-08-07,65.2,85.7,75.7
1988-08-08,68.5,87.6,79.0
1988-08-09,72.7,86.1,78.4
1988-08-10,72.2,83.0,76.9
1988-08-11,71.1,86.4,77.6
1988-08-12,71.2,89.2,80.2
1988-08-13,74.1,88.8,80.8
1988-08-14,74.8,87.7,81.1
1988-08-15,71.3,86.1,78.2
1988-08-16,66.2,91.3,79.5
1988-08-17,78.9,94.6,85.2
1988-08-18,63.5,77.9,71.5
1988-08-19,62.0,76.2,68.3
1988-08-20,58.6,77.3,68.1
1988-08-21,59.9,75.2,67.5
1988-08-22,55.0,73.6,65.1
1988-08-23,61.9,70.8,65.9
1988-08-24,62.2,74.0,67.8
1988-08-25,60.8,75.9,67.8
1988-08-26,57.5,71.4,64.6
1988-08-27,54.2,76.0,66.2
1988-08-28,60.0,72.0,65.4
1988-08-29,55.1,70.3,62.8
1988-08-30,52.1,69.4,61.2
1988-08-31,55.1,74.2,64.9
1988-09-01,56.0,76.7,67.1
1988-09-02,59.8,78.0,68.8
1988-09-03,64.4,69.9,67.0
1988-09-04,60.3,70.8,64.9
1988-09-05,51.5,60.0,55.4
1988-09-06,45.8,60.9,54.2
1988-09-07,45.2,67.0,57.1
1988-09-08,49.5,73.1,61.7
1988-09-09,61.2,77.4,68.0
1988-09-10,55.5,79.2,67.1
1988-09-11,56.0,75.3,65.5
1988-09-12,59.5,76.5,67.7
1988-09-13,57.0,69.0,63.9
1988-09-14,51.7,73.1,62.4
1988-09-15,52.0,65.5,58.7
1988-09-16,53.2,70.7,62.0
1988-09-17,66.6,78.8,71.8
1988-09-18,63.7,83.1,72.8
1988-09-19,66.3,73.8,69.3
1988-09-20,58.5,69.6,61.6
1988-09-21,54.5,63.9,58.7
1988-09-22,53.4,69.9,61.3
1988-09-23,55.7,70.4,65.3
1988-09-24,47.9,65.8,57.0
1988-09-25,46.5,69.1,58.1
1988-09-26,51.9,68.5,59.6
1988-09-27,56.8,75.6,65.4
1988-09-28,53.3,64.0,58.3
1988-09-29,51.3,68.0,58.2
1988-09-30,53.5,76.2,64.8
1988-10-01,63.9,76.8,68.2
1988-10-02,53.6,65.1,59.2
1988-10-03,43.6,57.9,51.1
1988-10-04,41.1,53.2,46.9
1988-10-05,40.4,51.1,45.0
1988-10-06,35.2,51.3,43.9
1988-10-07,40.6,52.5,46.2
1988-10-08,37.1,57.7,47.0
1988-10-09,42.8,56.4,49.2
1988-10-10,45.0,57.8,50.8
1988-10-11,38.0,49.1,43.9
1988-10-12,32.4,44.4,37.6
1988-10-13,29.6,46.7,38.1
1988-10-14,35.8,61.6,47.6
1988-10-15,49.3,67.5,57.6
1988-10-16,52.4,56.7,54.4
1988-10-17,51.8,62.6,58.1
1988-10-18,44.7,62.7,52.3
1988-10-19,40.3,47.9,43.8
1988-10-20,33.9,49.1,41.9
1988-10-21,43.9,47.0,45.2
1988-10-22,40.7,48.3,44.4
1988-10-23,33.1,46.4,41.1
1988-10-24,37.2,42.6,39.5
1988-10-25,34.0,42.3,38.5
1988-10-26,30.6,42.1,35.8
1988-10-27,29.4,51.3,40.4
1988-10-28,36.9,48.7,39.9
1988-10-29,32.4,40.5,36.1
1988-10-30,26.6,38.6,32.3
1988-10-31,22.9,43.5,33.4
1988-11-01,37.0,43.2,39.6
1988-11-02,32.4,43.9,39.2
1988-11-03,29.6,52.2,41.0
1988-11-04,51.3,62.0,56.2
1988-11-05,41.8,54.8,50.5
1988-11-06,32.1,40.8,35.5
1988-11-07,33.6,44.0,38.0
1988-11-08,34.4,44.5,39.5
1988-11-09,36.2,45.0,40.6
1988-11-10,38.7,58.3,46.6
1988-11-11,31.3,39.3,36.0
1988-11-12,29.2,45.4,37.2
1988-11-13,38.8,47.0,43.1
1988-11-14,37.4,54.6,45.1
1988-11-15,36.3,57.1,47.0
1988-11-16,37.6,62.2,52.4
1988-11-17,32.5,40.5,36.1
1988-11-18,28.3,45.3,36.4
1988-11-19,35.9,42.9,40.7
1988-11-20,35.5,42.5,39.7
1988-11-21,34.1,40.9,37.2
1988-11-22,30.4,39.1,34.5
1988-11-23,29.7,39.8,33.9
1988-11-24,27.4,46.9,35.8
1988-11-25,33.3,54.0,42.0
1988-11-26,44.2,56.9,52.0
1988-11-27,38.8,56.6,47.0
1988-11-28,32.2,38.2,34.8
1988-11-29,26.9,39.1,33.0
1988-11-30,31.7,41.1,36.7
1988-12-01,26.6,34.1,30.8
1988-12-02,24.4,38.0,30.7
1988-12-03,30.5,48.5,38.6
1988-12-04,25.4,38.2,30.8
1988-12-05,30.3,41.4,34.6
1988-12-06,32.8,48.5,39.3
1988-12-07,32.1,40.0,36.4
1988-12-08,23.6,32.0,28.2
1988-12-09,16.0,27.5,23.9
1988-12-10,15.8,25.1,19.4
1988-12-11,11.9,19.7,15.1
1988-12-12,7.2,21.9,15.3
1988-12-13,22.2,35.0,27.3
1988-12-14,25.2,44.6,34.8
1988-12-15,18.7,32.2,24.8
1988-12-16,13.4,21.0,16.8
1988-12-17,15.2,25.6,20.1
1988-12-18,14.3,28.0,20.2
1988-12-19,22.6,45.6,34.2
1988-12-20,39.4,54.0,47.2
1988-12-21,27.5,36.9,32.5
1988-12-22,27.0,34.9,30.6
1988-12-23,31.5,50.4,41.2
1988-12-24,25.0,36.0,31.1
1988-12-25,22.9,32.6,28.1
1988-12-26,19.2,25.7,23.1
1988-12-27,26.5,43.4,35.5
1988-12-28,22.3,32.2,25.0
1988-12-29,11.2,21.9,18.1
1988-12-30,2.2,27.7,15.1
1988-12-31,22.5,30.6,25.6
1989-01-01,17.9,33.2,25.1
1989-01-02,20.9,29.8,26.3
1989-01-03,10.5,24.2,19.7
1989-01-04,8.0,20.3,13.4
1989-01-05,12.3,31.3,21.9
1989-01-06,28.3,33.7,31.2
1989-01-07,29.4,54.7,38.6
1989-01-08,17.8,55.1,27.0
1989-01-09,11.4,20.9,16.2
1989-01-10,17.7,37.6,28.1
1989-01-11,19.5,34.2,26.3
1989-01-12,24.7,43.3,35.7
1989-01-13,22.6,30.6,25.3
1989-01-14,19.4,30.6,25.2
1989-01-15,26.5,33.3,29.7
1989-01-16,25.8,33.3,29.1
1989-01-17,31.6,37.8,33.9
1989-01-18,31.5,45.1,37.0
1989-01-19,30.8,42.1,36.0
1989-01-20,18.0,37.9,28.4
1989-01-21,15.2,27.7,21.2
1989-01-22,25.1,42.4,32.3
1989-01-23,29.6,47.6,36.5
1989-01-24,29.3,45.2,36.0
1989-01-25,30.9,38.4,32.3
1989-01-26,29.8,49.5,38.8
1989-01-27,27.9,40.5,32.6
1989-01-28,27.7,49.1,38.4
1989-01-29,35.9,42.4,39.0
1989-01-30,33.5,41.6,37.8
1989-01-31,33.1,57.6,45.5
1989-02-01,26.1,50.6,39.4
1989-02-02,24.3,26.2,25.2
1989-02-03,15.0,24.2,19.8
1989-02-04,11.7,18.7,15.7
1989-02-05,16.2,24.0,19.3
1989-02-06,7.2,20.5,13.7
1989-02-07,5.5,18.3,11.1
1989-02-08,5.5,21.2,13.9
1989-02-09,-1.8,14.0,5.4
1989-02-10,8.9,23.2,15.4
1989-02-11,17.4,30.1,23.1
1989-02-12,21.0,33.1,26.4
1989-02-13,21.6,39.2,31.9
1989-02-14,30.1,38.3,34.0
1989-02-15,29.6,35.7,31.7
1989-02-16,20.1,28.3,24.1
1989-02-17,14.9,26.7,21.2
1989-02-18,11.8,24.8,18.3
1989-02-19,21.1,34.2,27.5
1989-02-20,28.9,36.1,31.4
1989-02-21,27.4,36.9,32.9
1989-02-22,15.6,27.7,21.9
1989-02-23,3.6,16.2,9.1
1989-02-24,-1.7,23.5,10.5
1989-02-25,10.6,37.9,25.8
1989-02-26,24.7,35.1,30.0
1989-02-27,19.3,27.9,23.4
1989-02-28,16.8,33.3,25.5
1989-03-01,13.7,22.9,18.2
1989-03-02,11.0,24.4,19.0
1989-03-03,19.2,26.1,22.3
1989-03-04,27.0,46.6,39.5
1989-03-05,15.4,42.0,25.3
1989-03-06,10.5,25.0,17.8
1989-03-07,5.9,22.8,13.7
1989-03-08,8.6,31.4,19.2
1989-03-09,19.7,41.4,29.9
1989-03-10,24.2,42.6,32.4
1989-03-11,26.1,59.4,40.8
1989-03-12,25.4,36.6,31.5
1989-03-13,23.6,45.6,33.0
1989-03-14,30.9,58.1,45.3
1989-03-15,26.6,55.2,38.4
1989-03-16,22.1,46.0,33.8
1989-03-17,29.0,43.6,34.8
1989-03-18,21.8,30.7,27.4
1989-03-19,19.0,33.7,26.5
1989-03-20,28.1,35.2,31.3
1989-03-21,16.4,30.6,24.7
1989-03-22,16.8,34.2,24.7
1989-03-23,21.1,43.2,31.7
1989-03-24,28.2,50.5,37.8
1989-03-25,31.6,63.7,46.1
1989-03-26,33.6,59.6,45.6
1989-03-27,47.5,74.3,60.3
1989-03-28,58.2,70.3,62.3
1989-03-29,36.9,57.7,46.4
1989-03-30,35.2,54.1,43.0
1989-03-31,32.3,39.9,35.7
1989-04-01,28.1,47.9,36.9
1989-04-02,38.1,51.3,44.2
1989-04-03,41.6,55.1,47.4
1989-04-04,44.2,59.5,51.0
1989-04-05,37.5,47.8,43.1
1989-04-06,31.2,47.8,39.1
1989-04-07,28.9,47.8,37.7
1989-04-08,30.9,44.5,37.1
1989-04-09,25.2,37.4,31.3
1989-04-10,20.6,38.4,28.6
1989-04-11,22.9,41.5,32.9
1989-04-12,31.9,41.5,36.2
1989-04-13,27.3,47.0,36.8
1989-04-14,29.7,60.3,44.2
1989-04-15,39.6,54.9,47.3
1989-04-16,34.2,63.1,49.6
1989-04-17,42.3,64.0,52.4
1989-04-18,32.9,46.0,40.3
1989-04-19,30.3,55.2,44.0
1989-04-20,30.6,63.6,48.6
1989-04-21,40.7,59.1,48.0
1989-04-22,32.3,55.0,43.2
1989-04-23,28.6,52.1,40.0
1989-04-24,29.6,59.5,44.7
1989-04-25,38.0,65.2,51.8
1989-04-26,46.1,68.4,56.3
1989-04-27,43.6,62.5,51.9
1989-04-28,42.4,49.0,45.4
1989-04-29,42.3,57.7,48.6
1989-04-30,46.2,61.1,52.4
1989-05-01,42.6,56.9,48.3
1989-05-02,38.0,55.3,45.8
1989-05-03,36.0,55.0,46.0
1989-05-04,39.2,63.5,52.3
1989-05-05,44.7,62.9,54.4
1989-05-06,37.4,46.6,42.4
1989-05-07,33.3,51.0,42.1
1989-05-08,37.0,57.8,48.2
1989-05-09,44.5,55.8,49.7
1989-05-10,41.3,58.9,49.2
1989-05-11,40.7,54.3,47.5
1989-05-12,44.0,52.0,46.7
1989-05-13,45.1,57.8,50.6
1989-05-14,43.3,57.7,50.8
1989-05-15,41.1,62.6,52.9
1989-05-16,44.5,68.1,56.8
1989-05-17,43.9,74.6,61.7
1989-05-18,50.6,75.6,64.7
1989-05-19,61.4,67.6,64.5
1989-05-20,58.2,72.6,64.4
1989-05-21,50.1,73.0,62.5
1989-05-22,49.7,75.1,64.1
1989-05-23,53.5,66.1,59.8
1989-05-24,46.5,78.3,64.3
1989-05-25,61.8,78.3,68.8
1989-05-26,59.1,76.5,67.7
1989-05-27,51.1,60.6,56.4
1989-05-28,41.0,66.2,55.6
1989-05-29,48.1,73.2,62.6
1989-05-30,63.2,82.6,72.3
1989-05-31,67.6,81.6,73.7
1989-06-01,66.7,78.7,70.7
1989-06-02,60.9,75.5,68.0
1989-06-03,59.5,77.8,66.3
1989-06-04,55.3,71.1,63.1
1989-06-05,55.5,68.0,61.3
1989-06-06,53.8,78.3,66.0
1989-06-07,59.9,82.2,70.7
1989-06-08,59.8,80.7,71.3
1989-06-09,62.3,78.9,70.1
1989-06-10,55.1,64.6,59.7
1989-06-11,49.1,71.7,61.8
1989-06-12,58.4,64.8,61.4
1989-06-13,59.1,70.8,63.9
1989-06-14,60.1,70.7,64.5
1989-06-15,58.0,71.4,64.9
1989-06-16,55.4,65.9,60.1
1989-06-17,50.9,69.5,61.3
1989-06-18,58.3,75.8,66.9
1989-06-19,62.0,76.0,68.0
1989-06-20,61.4,74.0,67.8
1989-06-21,61.2,74.1,66.9
1989-06-22,59.7,79.2,70.1
1989-06-23,64.0,84.7,75.4
1989-06-24,67.7,85.3,76.1
1989-06-25,66.0,83.0,74.9
1989-06-26,67.0,86.5,77.1
1989-06-27,70.0,80.3,73.6
1989-06-28,57.0,76.2,68.3
1989-06-29,51.0,69.5,60.4
1989-06-30,49.4,75.1,63.6
1989-07-01,57.8,79.2,69.3
1989-07-02,60.7,82.6,72.0
1989-07-03,63.8,77.4,71.8
1989-07-04,65.0,80.4,73.5
1989-07-05,67.0,81.3,74.9
1989-07-06,65.3,85.7,76.2
1989-07-07,68.8,85.3,76.3
1989-07-08,62.2,82.8,73.2
1989-07-09,65.9,84.4,76.1
1989-07-10,76.6,91.3,83.2
1989-07-11,67.8,84.6,76.4
1989-07-12,62.7,72.6,67.3
1989-07-13,59.5,76.3,67.0
1989-07-14,57.2,74.0,66.1
1989-07-15,56.4,74.0,65.9
1989-07-16,56.8,76.6,68.5
1989-07-17,57.1,80.5,70.8
1989-07-18,61.4,80.2,72.4
1989-07-19,65.5,75.4,70.0
1989-07-20,65.8,71.3,68.2
1989-07-21,64.5,78.3,70.5
1989-07-22,66.1,84.0,75.2
1989-07-23,66.5,84.8,76.7
1989-07-24,68.4,86.8,78.5
1989-07-25,70.5,87.4,78.6
1989-07-26,71.2,86.2,78.2
1989-07-27,72.0,85.3,76.9
1989-07-28,62.6,74.6,70.4
1989-07-29,55.1,76.0,66.9
1989-07-30,64.1,73.9,68.1
1989-07-31,65.0,79.2,71.7
1989-08-01,60.7,80.5,71.8
1989-08-02,65.5,86.9,76.0
1989-08-03,68.4,89.0,78.8
1989-08-04,74.1,80.9,77.3
1989-08-05,72.0,87.3,79.3
1989-08-06,60.8,78.3,71.9
1989-08-07,54.9,64.7,60.4
1989-08-08,50.5,71.5,61.5
1989-08-09,57.6,75.7,66.9
1989-08-10,59.3,78.0,69.0
1989-08-11,61.2,78.6,69.4
1989-08-12,61.0,78.6,69.0
1989-08-13,61.4,79.9,70.6
1989-08-14,61.7,81.5,71.6
1989-08-15,64.7,76.4,69.8
1989-08-16,58.2,74.3,66.1
1989-08-17,55.5,76.1,65.8
1989-08-18,54.9,74.7,65.0
1989-08-19,59.6,75.7,67.3
1989-08-20,62.2,78.2,69.0
1989-08-21,64.7,81.3,72.5
1989-08-22,62.5,76.7,69.9
1989-08-23,64.8,77.2,71.8
1989-08-24,58.5,72.9,65.5
1989-08-25,54.9,74.5,64.5
1989-08-26,55.0,76.5,65.9
1989-08-27,59.8,81.6,70.7
1989-08-28,62.6,79.8,70.9
1989-08-29,69.7,81.1,73.9
1989-08-30,62.4,77.3,69.8
1989-08-31,58.2,81.3,70.6
1989-09-01,65.8,75.2,70.3
1989-09-02,58.9,70.3,65.0
1989-09-03,53.0,70.2,62.6
1989-09-04,56.5,74.1,65.9
1989-09-05,63.9,78.1,71.0
1989-09-06,66.1,74.4,70.1
1989-09-07,67.4,79.1,72.5
1989-09-08,69.3,83.8,73.2
1989-09-09,69.3,83.2,74.0
1989-09-10,61.1,72.1,67.1
1989-09-11,58.9,71.7,65.8
1989-09-12,56.8,73.5,65.2
1989-09-13,55.8,60.7,58.0
1989-09-14,53.4,56.6,55.2
1989-09-15,48.3,66.0,57.1
1989-09-16,54.0,62.4,57.4
1989-09-17,54.5,70.2,61.6
1989-09-18,50.5,70.2,60.4
1989-09-19,54.0,69.4,60.9
1989-09-20,53.0,71.9,62.3
1989-09-21,52.8,75.8,65.1
1989-09-22,59.2,75.6,68.1
1989-09-23,44.2,55.9,49.5
1989-09-24,37.5,55.2,46.6
1989-09-25,39.3,61.8,51.0
1989-09-26,44.7,57.5,51.1
1989-09-27,35.9,55.5,46.2
1989-09-28,39.0,64.8,51.9
1989-09-29,53.0,69.5,59.6
1989-09-30,48.0,64.8,55.6
1989-10-01,49.3,70.8,60.6
1989-10-02,53.6,72.2,63.6
1989-10-03,42.1,53.0,49.2
1989-10-04,37.0,55.4,45.4
1989-10-05,38.4,62.3,50.2
1989-10-06,49.5,57.3,54.4
1989-10-07,41.4,51.3,46.7
1989-10-08,34.1,48.6,42.9
1989-10-09,30.8,49.2,40.8
1989-10-10,41.5,58.0,49.6
1989-10-11,39.1,62.9,52.0
1989-10-12,51.1,68.5,60.8
1989-10-13,46.0,70.6,57.4
1989-10-14,50.5,78.2,62.8
1989-10-15,52.3,77.0,64.6
1989-10-16,49.0,74.0,61.8
1989-10-17,40.8,48.6,44.2
1989-10-18,37.4,43.5,39.8
1989-10-19,34.1,40.5,36.3
1989-10-20,33.3,39.9,36.5
1989-10-21,35.5,46.9,41.2
1989-10-22,36.2,56.8,45.5
1989-10-23,38.0,63.5,49.7
1989-10-24,50.0,70.6,58.5
1989-10-25,49.6,70.2,58.4
1989-10-26,48.7,69.4,57.3
1989-10-27,43.3,67.5,54.6
1989-10-28,44.3,69.1,55.4
1989-10-29,44.1,66.4,54.4
1989-10-30,47.3,67.6,56.2
1989-10-31,44.2,53.4,49.3
1989-11-01,41.6,49.7,44.8
1989-11-02,35.7,45.0,41.3
1989-11-03,29.1,39.1,34.0
1989-11-04,28.5,42.7,36.7
1989-11-05,38.0,56.7,47.6
1989-11-06,38.7,55.5,47.1
1989-11-07,35.0,43.1,39.7
1989-11-08,39.2,45.7,42.4
1989-11-09,37.0,43.6,41.0
1989-11-10,35.4,45.4,39.7
1989-11-11,37.0,49.8,43.7
1989-11-12,31.0,42.0,36.7
1989-11-13,35.1,64.7,50.8
1989-11-14,52.3,60.0,56.6
1989-11-15,36.3,58.7,54.1
1989-11-16,26.2,34.6,31.3
1989-11-17,19.1,29.3,24.8
1989-11-18,19.0,27.6,23.4
1989-11-19,18.8,40.0,30.0
1989-11-20,32.3,51.0,42.1
1989-11-21,25.3,31.6,27.4
1989-11-22,23.7,29.4,25.8
1989-11-23,16.2,29.4,23.0
1989-11-24,21.9,33.9,27.9
1989-11-25,32.7,46.0,39.0
1989-11-26,31.6,45.2,37.7
1989-11-27,30.2,58.6,43.2
1989-11-28,26.2,54.8,36.9
1989-11-29,22.5,29.3,25.7
1989-11-30,27.3,37.1,31.4
1989-12-01,24.8,37.0,30.0
1989-12-02,27.4,36.8,32.4
1989-12-03,16.9,27.3,20.7
1989-12-04,16.1,28.3,21.8
1989-12-05,20.8,36.3,28.4
1989-12-06,23.1,36.4,29.9
1989-12-07,16.3,23.9,20.2
1989-12-08,16.4,24.8,20.1
1989-12-09,14.7,29.4,22.2
1989-12-10,25.2,33.9,29.0
1989-12-11,21.6,26.9,24.4
1989-12-12,14.9,23.9,19.3
1989-12-13,10.6,21.4,16.1
1989-12-14,9.7,23.8,17.5
1989-12-15,2.4,13.3,9.1
1989-12-16,3.3,19.7,11.1
1989-12-17,-5.3,11.8,3.5
1989-12-18,0.6,17.3,7.5
1989-12-19,4.9,18.4,11.7
1989-12-20,0.4,12.6,5.4
1989-12-21,-6.2,4.5,-0.6
1989-12-22,-7.5,9.7,-1.1
1989-12-23,-14.3,15.1,-1.3
1989-12-24,-9.0,10.0,0.7
1989-12-25,8.0,26.1,15.9
1989-12-26,-0.9,24.6,9.5
1989-12-27,1.4,22.7,14.2
1989-12-28,12.6,28.4,20.7
1989-12-29,23.3,30.1,26.5
1994-12-30,24.1,35.9,28.8
1994-12-31,30.2,35.1,32.8
1995-01-01,23.0,35.3,30.6
1995-01-02,16.2,21.9,18.8
1995-01-03,14.6,24.3,19.0
1995-01-04,3.8,13.8,9.8
1995-01-05,1.9,17.5,9.3
1995-01-06,13.9,27.0,21.8
1995-01-07,10.5,23.9,19.3
1995-01-08,15.3,21.6,18.5
1995-01-09,8.1,20.0,15.1
1995-01-10,10.7,23.2,17.7
1995-01-11,21.6,38.3,30.0
1995-01-12,38.8,54.1,46.3
1995-01-13,40.7,58.2,51.3
1995-01-14,44.2,58.9,50.7
1995-01-15,30.6,46.4,36.0
1995-01-16,24.5,35.2,30.4
1995-01-17,24.3,37.8,30.2
1995-01-18,32.7,38.7,35.1
1995-01-19,33.0,40.5,36.3
1995-01-20,32.7,38.3,35.8
1995-01-21,26.7,32.3,29.7
1995-01-22,24.0,27.9,25.4
1995-01-23,24.5,32.3,27.9
1995-01-24,25.5,32.7,29.0
1995-01-25,21.2,27.9,24.2
1995-01-26,13.4,30.6,21.0
1995-01-27,8.5,30.3,19.2
1995-01-28,16.1,23.4,19.5
1995-01-29,11.1,28.8,18.6
1995-01-30,3.5,30.1,17.2
1995-01-31,20.4,34.5,27.6
1995-02-01,28.0,36.0,32.3
1995-02-02,16.4,29.5,24.0
1995-02-03,15.1,27.0,21.1
1995-02-04,6.1,23.5,18.7
1995-02-05,-8.0,6.6,0.4
1995-02-06,0.0,18.0,8.4
1995-02-07,1.6,22.5,12.2
1995-02-08,2.2,18.2,9.1
1995-02-09,10.8,29.9,21.0
1995-02-10,20.7,37.0,28.8
1995-02-11,-3.2,19.1,8.9
1995-02-12,-5.6,14.2,3.8
1995-02-13,5.0,23.1,13.5
1995-02-14,2.7,25.1,13.6
1995-02-15,17.0,41.0,29.4
1995-02-16,23.5,32.5,28.4
1995-02-17,18.5,40.6,28.9
1995-02-18,22.8,46.9,34.6
1995-02-19,29.1,48.6,37.0
1995-02-20,26.5,42.3,33.1
1995-02-21,21.8,30.7,25.9
1995-02-22,19.9,44.6,30.8
1995-02-23,28.6,48.7,36.3
1995-02-24,19.5,30.6,25.3
1995-02-25,18.1,37.0,26.9
1995-02-26,15.2,23.1,19.4
1995-02-27,22.3,36.9,29.9
1995-02-28,21.6,31.6,25.8
1995-03-01,11.1,27.0,19.4
1995-03-02,8.9,23.8,15.2
1995-03-03,12.7,28.9,19.8
1995-03-04,16.8,35.0,25.5
1995-03-05,17.3,38.4,30.9
1995-03-06,31.5,37.0,33.8
1995-03-07,26.7,55.8,38.5
1995-03-08,18.1,26.3,22.4
1995-03-09,12.6,27.7,19.7
1995-03-10,16.6,43.7,29.4
1995-03-11,32.2,59.2,43.6
1995-03-12,35.0,64.3,48.3
1995-03-13,33.6,67.3,49.6
1995-03-14,35.5,67.5,50.2
1995-03-15,42.6,67.6,54.9
1995-03-16,37.9,63.5,51.1
1995-03-17,31.8,47.1,40.2
1995-03-18,24.8,46.0,35.0
1995-03-19,34.0,55.0,43.8
1995-03-20,40.5,64.6,49.9
1995-03-21,37.8,45.3,41.6
1995-03-22,34.9,48.1,40.4
1995-03-23,30.3,45.1,37.3
1995-03-24,27.6,48.5,36.5
1995-03-25,25.4,52.4,38.5
1995-03-26,28.0,49.0,38.8
1995-03-27,30.9,43.6,36.3
1995-03-28,32.1,46.5,38.8
1995-03-29,32.4,47.8,39.5
1995-03-30,31.9,46.0,38.0
1995-03-31,27.0,42.7,35.1
1995-04-01,25.2,43.1,35.1
1995-04-02,29.2,47.1,38.2
1995-04-03,35.5,56.0,44.9
1995-04-04,22.2,44.8,31.1
1995-04-05,20.6,36.9,28.9
1995-04-06,31.4,58.7,42.9
1995-04-07,29.4,47.6,37.6
1995-04-08,33.5,51.5,41.9
1995-04-09,28.9,42.5,34.3
1995-04-10,29.2,38.8,33.6
1995-04-11,34.1,65.9,50.1
1995-04-12,39.2,59.1,48.7
1995-04-13,38.0,44.9,40.7
1995-04-14,32.5,51.2,41.1
1995-04-15,27.1,52.9,41.2
1995-04-16,35.2,53.6,43.3
1995-04-17,37.3,59.0,46.0
1995-04-18,40.0,67.3,51.1
1995-04-19,39.2,60.2,48.2
1995-04-20,34.5,43.3,39.2
1995-04-21,44.2,64.8,53.8
1995-04-22,40.5,52.6,45.5
1995-04-23,35.4,52.0,43.9
1995-04-24,33.3,56.5,44.6
1995-04-25,39.8,51.5,45.1
1995-04-26,37.0,58.7,47.4
1995-04-27,42.8,54.2,48.8
1995-04-28,39.4,54.6,47.2
1995-04-29,35.7,61.3,49.6
1995-04-30,39.1,51.0,45.3
1995-05-01,36.4,54.7,46.1
1995-05-02,42.7,58.9,50.1
1995-05-03,36.4,60.4,50.7
1995-05-04,46.8,55.4,50.3
1995-05-05,44.3,62.9,53.0
1995-05-06,40.5,64.0,52.6
1995-05-07,41.5,67.2,54.6
1995-05-08,45.0,51.8,48.6
1995-05-09,47.5,57.8,51.6
1995-05-10,51.1,70.8,60.2
1995-05-11,50.0,58.5,54.5
1995-05-12,48.5,65.6,57.3
1995-05-13,49.0,68.1,58.7
1995-05-14,58.2,71.1,64.1
1995-05-15,53.6,68.8,60.6
1995-05-16,47.4,72.1,61.2
1995-05-17,57.7,69.2,64.3
1995-05-18,48.9,56.1,52.0
1995-05-19,48.3,70.5,58.9
1995-05-20,50.9,71.5,61.4
1995-05-21,50.5,64.8,57.7
1995-05-22,44.0,68.2,57.5
1995-05-23,53.2,76.2,64.5
1995-05-24,50.5,63.9,55.7
1995-05-25,49.4,55.3,52.6
1995-05-26,46.4,67.6,57.0
1995-05-27,50.8,67.9,59.4
1995-05-28,59.0,76.6,67.7
1995-05-29,54.9,63.5,59.1
1995-05-30,52.2,74.3,62.5
1995-05-31,52.9,76.6,65.8
1995-06-01,57.4,72.5,65.4
1995-06-02,58.3,72.4,65.2
1995-06-03,59.1,71.7,64.1
1995-06-04,54.3,75.0,65.0
1995-06-05,53.8,77.4,67.1
1995-06-06,60.4,80.9,71.4
1995-06-07,64.8,81.8,72.7
1995-06-08,54.2,65.4,58.6
1995-06-09,51.5,67.6,59.9
1995-06-10,59.0,77.3,67.3
1995-06-11,58.3,68.2,63.4
1995-06-12,52.9,66.1,60.0
1995-06-13,47.9,75.7,63.1
1995-06-14,57.6,77.7,67.8
1995-06-15,52.6,77.0,66.4
1995-06-16,57.7,81.0,70.1
1995-06-17,61.2,83.7,73.2
1995-06-18,63.1,86.4,75.9
1995-06-19,67.5,91.1,79.7
1995-06-20,70.9,92.6,80.7
1995-06-21,69.9,86.2,77.4
1995-06-22,64.2,84.9,74.8
1995-06-23,66.3,83.9,74.9
1995-06-24,65.7,79.6,73.6
1995-06-25,66.7,79.2,71.8
1995-06-26,67.7,80.7,73.7
1995-06-27,67.4,79.3,70.9
1995-06-28,66.4,78.2,71.0
1995-06-29,66.0,76.1,69.9
1995-06-30,62.9,80.3,71.3
1995-07-01,60.7,71.2,66.6
1995-07-02,52.8,70.9,62.3
1995-07-03,52.2,73.7,64.5
1995-07-04,62.2,77.8,69.7
1995-07-05,70.4,79.0,73.9
1995-07-06,68.1,78.2,72.7
1995-07-07,61.1,70.2,66.9
1995-07-08,55.5,72.0,63.4
1995-07-09,57.9,72.0,65.6
1995-07-10,57.5,78.7,68.5
1995-07-11,60.3,80.5,71.4
1995-07-12,61.3,84.3,73.9
1995-07-13,72.9,91.4,82.2
1995-07-14,77.4,97.5,87.5
1995-07-15,75.8,91.2,83.1
1995-07-16,71.7,88.2,78.4
1995-07-17,70.6,82.4,76.1
1995-07-18,66.3,77.4,71.9
1995-07-19,61.9,80.4,71.9
1995-07-20,69.7,76.4,72.3
1995-07-21,66.7,78.0,71.7
1995-07-22,65.7,84.6,75.5
1995-07-23,68.9,82.1,75.3
1995-07-24,67.7,82.5,74.0
1995-07-25,68.4,82.3,75.4
1995-07-26,68.1,85.7,75.1
1995-07-27,66.9,82.4,75.0
1995-07-28,72.1,82.7,76.2
1995-07-29,67.6,86.5,77.1
1995-07-30,61.8,84.3,74.4
1995-07-31,66.0,89.4,78.3
1995-08-01,71.9,84.3,76.5
1995-08-02,69.4,82.2,74.7
1995-08-03,70.2,84.4,75.7
1995-08-04,71.6,82.5,75.0
1995-08-05,69.2,80.2,74.2
1995-08-06,68.6,81.4,74.5
1995-08-07,68.4,78.2,73.3
1995-08-08,68.0,71.7,70.3
1995-08-09,67.7,80.7,73.4
1995-08-10,66.5,83.6,76.1
1995-08-11,70.6,87.6,79.0
1995-08-12,75.3,88.2,80.1
1995-08-13,71.7,90.7,80.3
1995-08-14,75.5,90.1,82.3
1995-08-15,74.7,87.4,79.8
1995-08-16,73.1,85.6,78.1
1995-08-17,71.2,77.2,73.7
1995-08-18,71.0,83.0,75.8
1995-08-19,69.3,85.4,76.9
1995-08-20,66.8,85.9,77.0
1995-08-21,69.1,83.9,75.7
1995-08-22,60.9,75.1,68.0
1995-08-23,58.0,80.5,69.7
1995-08-24,62.7,76.4,70.5
1995-08-25,60.4,71.1,64.9
1995-08-26,59.2,83.8,71.4
1995-08-27,68.4,80.7,72.3
1995-08-28,66.7,80.0,72.7
1995-08-29,68.4,81.0,74.4
1995-08-30,62.2,81.9,72.7
1995-08-31,70.8,83.1,76.4
1995-09-01,59.3,72.1,67.0
1995-09-02,55.1,74.4,64.8
1995-09-03,60.6,78.2,68.6
1995-09-04,57.5,78.1,68.2
1995-09-05,58.1,81.6,70.3
1995-09-06,63.3,81.1,72.9
1995-09-07,57.7,73.7,66.3
1995-09-08,53.1,60.9,56.7
1995-09-09,51.8,68.0,58.9
1995-09-10,49.5,61.6,56.3
1995-09-11,44.4,68.0,56.1
1995-09-12,50.0,77.7,64.6
1995-09-13,65.7,77.4,70.6
1995-09-14,56.0,70.5,64.9
1995-09-15,49.3,65.4,57.4
1995-09-16,53.2,78.2,65.7
1995-09-17,55.6,66.2,60.9
1995-09-18,51.4,63.7,56.4
1995-09-19,48.5,66.1,57.6
1995-09-20,56.3,66.5,60.3
1995-09-21,49.4,62.7,55.2
1995-09-22,42.6,51.8,47.6
1995-09-23,36.9,54.6,46.0
1995-09-24,38.8,58.0,48.7
1995-09-25,44.0,61.6,52.9
1995-09-26,48.7,67.8,57.3
1995-09-27,54.2,73.3,62.1
1995-09-28,49.4,70.3,59.1
1995-09-29,50.0,75.6,62.8
1995-09-30,59.1,76.5,67.3
1995-10-01,61.6,74.0,66.4
1995-10-02,53.5,72.1,62.2
1995-10-03,53.2,56.2,54.7
1995-10-04,48.5,62.7,55.0
1995-10-05,54.3,58.6,55.9
1995-10-06,54.7,66.6,59.1
1995-10-07,52.0,56.8,54.3
1995-10-08,49.5,56.9,53.3
1995-10-09,45.0,64.7,54.4
1995-10-10,49.8,67.6,57.8
1995-10-11,43.8,70.4,57.7
1995-10-12,55.4,76.7,64.6
1995-10-13,54.1,75.3,64.5
1995-10-14,46.0,65.4,55.9
1995-10-15,43.1,51.2,46.4
1995-10-16,41.0,53.8,46.3
1995-10-17,33.3,62.5,49.0
1995-10-18,51.8,67.6,58.9
1995-10-19,51.1,71.7,60.5
1995-10-20,42.2,60.9,52.9
1995-10-21,37.9,46.5,42.4
1995-10-22,38.1,55.9,46.5
1995-10-23,45.1,67.5,55.7
1995-10-24,46.3,60.3,50.8
1995-10-25,44.3,54.8,47.9
1995-10-26,41.2,56.8,48.2
1995-10-27,49.2,59.2,53.0
1995-10-28,44.6,52.7,49.2
1995-10-29,38.5,49.3,44.0
1995-10-30,40.0,44.1,42.0
1995-10-31,39.1,44.2,41.7
1995-11-01,44.6,61.4,53.7
1995-11-02,46.2,64.8,58.2
1995-11-03,32.0,45.4,36.2
1995-11-04,27.3,35.5,31.6
1995-11-05,24.2,35.7,28.7
1995-11-06,25.2,44.8,34.1
1995-11-07,36.2,47.0,41.3
1995-11-08,25.4,35.3,30.8
1995-11-09,23.4,32.8,28.3
1995-11-10,33.5,50.1,44.7
1995-11-11,28.3,53.0,41.6
1995-11-12,24.9,31.2,27.3
1995-11-13,25.2,35.9,30.2
1995-11-14,23.8,37.0,29.6
1995-11-15,24.6,34.8,29.0
1995-11-16,26.1,36.6,29.7
1995-11-17,22.7,34.7,28.9
1995-11-18,29.4,36.7,33.3
1995-11-19,25.6,40.7,32.7
1995-11-20,33.3,50.1,39.9
1995-11-21,27.5,35.6,31.9
1995-11-22,25.5,33.8,29.6
1995-11-23,27.3,33.5,30.9
1995-11-24,21.2,30.6,26.1
1995-11-25,27.0,40.6,32.7
1995-11-26,29.1,44.0,35.5
1995-11-27,34.5,44.2,39.0
1995-11-28,23.6,33.7,27.3
1995-11-29,23.5,32.0,27.7
1995-11-30,24.2,40.1,32.2
1995-12-01,32.5,45.7,41.2
1995-12-02,26.1,35.5,31.8
1995-12-03,34.8,50.4,43.6
1995-12-04,32.0,39.3,34.7
1995-12-05,29.4,43.7,35.6
1995-12-06,26.6,31.8,28.6
1995-12-07,20.8,27.1,24.3
1995-12-08,16.4,26.0,21.9
1995-12-09,5.1,25.7,14.4
1995-12-10,9.0,17.4,12.3
1995-12-11,4.5,15.4,9.6
1995-12-12,10.1,19.5,13.7
1995-12-13,12.6,27.9,20.2
1995-12-14,28.8,46.3,38.3
1995-12-15,27.8,39.7,32.3
1995-12-16,22.5,32.1,27.4
1995-12-17,19.2,34.6,26.2
1995-12-18,25.4,30.6,27.5
1995-12-19,20.8,27.3,24.7
1995-12-20,14.5,27.6,21.2
1995-12-21,15.8,23.8,20.4
1995-12-22,16.8,31.9,24.4
1995-12-23,22.3,29.7,25.8
1995-12-24,24.2,29.3,26.3
1995-12-25,18.1,28.3,24.1
1995-12-26,13.2,25.2,18.3
1995-12-27,3.5,21.4,12.4
1995-12-28,15.5,28.6,20.4
1995-12-29,16.6,30.4,21.6
1995-12-30,18.2,33.7,24.8
1995-12-31,26.5,36.1,31.6
1996-01-01,26.8,35.3,30.8
1996-01-02,17.6,30.7,24.3
1996-01-03,11.9,18.6,16.0
1996-01-04,6.9,20.4,13.9
1996-01-05,2.7,18.2,10.9
1996-01-06,7.3,19.1,12.6
1996-01-07,9.1,19.3,13.5
1996-01-08,3.8,25.9,14.1
1996-01-09,15.3,28.4,21.0
1996-01-10,6.3,16.2,11.3
1996-01-11,1.7,16.2,11.0
1996-01-12,8.6,27.6,19.3
1996-01-13,26.1,39.2,30.2
1996-01-14,26.3,42.4,33.9
1996-01-15,16.1,25.9,20.1
1996-01-16,14.4,46.9,29.0
1996-01-17,40.4,48.5,44.6
1996-01-18,43.6,58.2,50.3
1996-01-19,13.6,40.3,19.4
1996-01-20,13.6,23.7,18.0
1996-01-21,17.1,31.6,24.0
1996-01-22,25.3,44.2,33.7
1996-01-23,31.4,37.9,33.4
1996-01-24,14.4,42.3,28.3
1996-01-25,13.2,27.9,20.9
1996-01-26,27.4,41.6,33.6
1996-01-27,18.2,44.0,25.5
1996-01-28,17.7,26.7,22.3
1996-01-29,13.1,35.2,24.6
1996-01-30,7.3,14.0,10.8
1996-01-31,-2.5,10.9,4.2
1996-02-01,1.9,16.3,8.0
1996-02-02,-8.0,4.2,-1.7
1996-02-03,-13.1,3.8,-5.1
1996-02-04,-11.5,7.2,-3.1
1996-02-05,-1.9,19.4,7.8
1996-02-06,1.3,25.2,13.1
1996-02-07,25.4,40.1,33.8
1996-02-08,33.9,44.2,38.9
1996-02-09,27.4,41.4,33.7
1996-02-10,32.0,56.0,42.7
1996-02-11,23.1,35.2,30.7
1996-02-12,14.1,24.3,19.4
1996-02-13,11.9,30.1,21.1
1996-02-14,19.9,30.1,27.1
1996-02-15,12.7,27.4,19.4
1996-02-16,0.4,23.3,12.7
1996-02-17,10.4,27.4,19.3
1996-02-18,-5.6,17.1,7.5
1996-02-19,14.1,40.5,27.8
1996-02-20,37.0,49.2,41.7
1996-02-21,32.2,40.5,37.2
1996-02-22,30.9,37.8,33.3
1996-02-23,31.8,53.1,39.0
1996-02-24,34.3,48.8,40.8
1996-02-25,34.3,56.3,43.3
1996-02-26,33.5,46.5,37.7
1996-02-27,33.9,57.3,44.3
1996-02-28,17.5,35.3,25.1
1996-02-29,11.5,25.5,18.2
1996-03-01,15.0,33.9,24.4
1996-03-02,17.1,32.7,27.6
1996-03-03,2.2,20.6,11.7
1996-03-04,12.2,32.0,22.3
1996-03-05,23.5,32.8,29.1
1996-03-06,8.1,25.1,18.9
1996-03-07,-2.0,14.7,6.5
1996-03-08,-2.6,11.8,3.8
1996-03-09,-4.2,22.5,9.3
1996-03-10,1.9,32.2,18.0
1996-03-11,13.6,39.1,25.9
1996-03-12,23.5,48.7,34.2
1996-03-13,26.1,55.0,38.8
1996-03-14,34.2,64.0,46.1
1996-03-15,31.5,47.3,37.9
1996-03-16,25.5,38.4,31.2
1996-03-17,24.6,46.7,34.4
1996-03-18,30.6,47.8,37.7
1996-03-19,30.1,44.4,36.8
1996-03-20,26.2,35.7,28.5
1996-03-21,17.9,28.8,23.1
1996-03-22,10.8,31.9,21.7
1996-03-23,14.5,39.5,26.7
1996-03-24,21.5,51.7,36.9
1996-03-25,27.5,53.7,44.3
1996-03-26,13.4,27.1,21.6
1996-03-27,11.8,31.8,21.3
1996-03-28,22.6,45.0,33.4
1996-03-29,29.8,51.1,38.8
1996-03-30,26.3,51.0,37.9
1996-03-31,33.2,51.3,39.7
1996-04-01,26.6,44.1,35.0
1996-04-02,26.0,43.7,33.7
1996-04-03,32.3,60.8,43.5
1996-04-04,25.4,36.0,31.3
1996-04-05,24.9,40.9,31.5
1996-04-06,23.3,39.0,30.6
1996-04-07,22.9,37.5,29.9
1996-04-08,24.4,37.8,31.2
1996-04-09,23.1,40.9,31.7
1996-04-10,27.4,51.6,39.0
1996-04-11,34.1,68.6,51.6
1996-04-12,43.2,64.4,55.4
1996-04-13,36.6,53.5,45.5
1996-04-14,30.9,49.0,38.3
1996-04-15,34.5,57.9,43.5
1996-04-16,34.2,44.7,39.3
1996-04-17,30.7,53.9,42.2
1996-04-18,37.0,70.7,54.8
1996-04-19,55.0,70.6,62.1
1996-04-20,51.5,71.7,60.3
1996-04-21,45.9,61.2,52.4
1996-04-22,45.4,59.7,51.3
1996-04-23,34.9,46.4,40.6
1996-04-24,28.9,61.0,45.1
1996-04-25,48.1,69.3,56.4
1996-04-26,33.6,55.4,46.6
1996-04-27,26.9,51.3,40.4
1996-04-28,33.6,54.5,45.3
1996-04-29,39.7,48.6,44.3
1996-04-30,40.2,48.3,44.5
1996-05-01,39.6,57.8,47.7
1996-05-02,37.0,61.8,50.0
1996-05-03,42.7,64.9,53.5
1996-05-04,43.5,57.3,50.8
1996-05-05,38.7,55.5,47.0
1996-05-06,42.4,56.8,49.2
1996-05-07,42.5,58.7,49.9
1996-05-08,46.9,58.0,53.0
1996-05-09,51.4,67.7,59.3
1996-05-10,44.2,71.4,60.7
1996-05-11,38.8,50.4,43.8
1996-05-12,35.2,48.2,42.0
1996-05-13,29.8,53.6,42.6
1996-05-14,34.5,57.1,47.9
1996-05-15,47.8,52.3,50.2
1996-05-16,49.3,63.6,56.3
1996-05-17,53.3,69.3,60.1
1996-05-18,61.5,83.8,73.6
1996-05-19,69.0,84.5,76.5
1996-05-20,66.7,81.1,75.3
1996-05-21,55.8,72.9,64.4
1996-05-22,53.2,72.8,63.8
1996-05-23,56.6,67.2,61.7
1996-05-24,48.9,64.0,56.1
1996-05-25,43.9,64.4,54.6
1996-05-26,49.2,62.8,56.0
1996-05-27,48.9,59.5,53.9
1996-05-28,49.7,65.4,57.3
1996-05-29,46.4,62.1,54.7
1996-05-30,41.1,66.0,54.1
1996-05-31,41.8,69.4,57.8
1996-06-01,51.0,75.2,64.6
1996-06-02,60.5,71.7,64.9
1996-06-03,56.5,70.8,62.6
1996-06-04,52.3,64.9,58.0
1996-06-05,48.6,67.0,58.5
1996-06-06,54.9,66.7,61.5
1996-06-07,61.4,73.9,66.6
1996-06-08,58.4,73.5,65.9
1996-06-09,61.2,73.8,67.0
1996-06-10,64.7,75.7,69.4
1996-06-11,60.8,72.1,65.8
1996-06-12,57.3,73.8,65.4
1996-06-13,59.7,81.9,70.2
1996-06-14,64.7,80.7,72.5
1996-06-15,62.1,80.1,71.7
1996-06-16,60.3,81.8,71.8
1996-06-17,67.1,71.4,69.4
1996-06-18,66.7,73.5,69.9
1996-06-19,66.7,80.1,72.3
1996-06-20,65.7,76.6,70.6
1996-06-21,63.9,81.3,72.9
1996-06-22,65.5,78.7,73.9
1996-06-23,54.8,73.2,64.6
1996-06-24,65.2,79.1,70.6
1996-06-25,58.2,72.6,65.4
1996-06-26,56.7,77.4,67.5
1996-06-27,58.9,81.6,71.3
1996-06-28,64.5,88.0,76.7
1996-06-29,70.7,88.3,79.7
1996-06-30,73.9,87.8,80.6
1996-07-01,65.8,82.4,74.3
1996-07-02,60.3,77.4,68.6
1996-07-03,57.4,69.0,63.5
1996-07-04,54.1,72.9,63.9
1996-07-05,52.1,78.3,66.8
1996-07-06,56.9,83.8,71.9
1996-07-07,65.0,84.7,74.6
1996-07-08,61.5,79.9,71.4
1996-07-09,58.6,68.0,63.7
1996-07-10,53.4,69.2,62.3
1996-07-11,51.2,75.0,65.1
1996-07-12,60.4,80.5,71.2
1996-07-13,64.8,81.8,73.1
1996-07-14,62.7,79.8,71.5
1996-07-15,63.1,75.8,69.5
1996-07-16,64.7,80.8,72.8
1996-07-17,62.2,83.1,72.0
1996-07-18,68.8,81.0,74.2
1996-07-19,62.8,78.2,73.1
1996-07-20,55.6,73.0,64.0
1996-07-21,53.2,72.6,64.0
1996-07-22,56.7,79.2,68.4
1996-07-23,62.5,78.6,70.6
1996-07-24,63.0,79.9,70.9
1996-07-25,64.0,75.7,69.3
1996-07-26,58.5,72.2,66.0
1996-07-27,56.6,73.9,66.4
1996-07-28,61.6,75.5,68.9
1996-07-29,64.8,74.1,68.8
1996-07-30,60.3,70.6,64.7
1996-07-31,55.6,72.2,63.4
1996-08-01,55.1,73.0,64.6
1996-08-02,57.7,74.4,66.8
1996-08-03,60.2,77.2,69.6
1996-08-04,62.2,79.9,72.0
1996-08-05,64.5,82.9,74.8
1996-08-06,69.5,88.3,79.1
1996-08-07,73.0,89.0,80.3
1996-08-08,70.2,83.1,75.5
1996-08-09,61.2,75.1,68.9
1996-08-10,63.1,74.7,68.0
1996-08-11,60.1,73.8,66.7
1996-08-12,57.9,77.9,68.8
1996-08-13,60.4,81.1,69.5
1996-08-14,64.0,82.8,72.1
1996-08-15,65.4,77.5,71.0
1996-08-16,60.4,71.5,66.6
1996-08-17,57.5,76.8,68.0
1996-08-18,58.2,80.0,69.8
1996-08-19,64.4,80.6,72.7
1996-08-20,70.2,85.8,75.7
1996-08-21,67.7,82.9,74.6
1996-08-22,67.9,86.0,76.6
1996-08-23,63.0,74.2,70.4
1996-08-24,56.5,79.2,68.3
1996-08-25,61.2,80.5,70.5
1996-08-26,60.3,81.3,71.3
1996-08-27,64.1,78.3,70.1
1996-08-28,64.7,75.6,69.4
1996-08-29,60.3,77.5,68.6
1996-08-30,57.9,76.0,67.8
1996-08-31,58.5,78.2,68.9
1996-09-01,60.0,80.1,70.4
1996-09-02,61.3,80.3,70.9
1996-09-03,62.9,80.2,71.7
1996-09-04,62.2,81.8,72.3
1996-09-05,62.2,82.5,72.5
1996-09-06,67.6,79.4,73.3
1996-09-07,65.0,73.3,68.6
1996-09-08,62.6,80.2,70.8
1996-09-09,64.4,75.6,68.5
1996-09-10,61.0,75.6,67.5
1996-09-11,59.5,77.6,66.9
1996-09-12,57.8,67.7,62.8
1996-09-13,52.5,59.5,56.3
1996-09-14,51.3,55.9,54.2
1996-09-15,52.8,64.2,58.5
1996-09-16,48.7,64.2,57.7
1996-09-17,55.5,66.5,59.5
1996-09-18,54.1,69.5,60.9
1996-09-19,50.3,71.5,59.6
1996-09-20,49.3,71.2,59.8
1996-09-21,55.0,69.2,60.0
1996-09-22,55.7,64.8,59.7
1996-09-23,55.3,66.4,60.5
1996-09-24,54.6,65.7,59.8
1996-09-25,48.6,63.5,56.4
1996-09-26,53.1,66.3,59.1
1996-09-27,58.0,68.7,64.7
1996-09-28,50.8,60.4,54.7
1996-09-29,48.6,65.6,55.7
1996-09-30,42.8,69.8,56.5
1996-10-01,52.8,72.1,63.2
1996-10-02,49.3,72.2,63.0
1996-10-03,40.5,52.4,46.4
1996-10-04,36.8,53.8,46.4
1996-10-05,41.8,59.6,50.7
1996-10-06,47.0,69.9,57.7
1996-10-07,52.8,69.2,59.0
1996-10-08,49.5,53.8,51.7
1996-10-09,42.8,49.0,45.7
1996-10-10,41.9,49.7,45.2
1996-10-11,35.2,51.2,43.6
1996-10-12,43.1,63.4,53.2
1996-10-13,52.8,70.6,61.6
1996-10-14,45.8,61.3,54.9
1996-10-15,41.6,63.6,52.6
1996-10-16,54.0,71.4,61.7
1996-10-17,55.0,72.9,63.0
1996-10-18,44.2,61.6,50.2
1996-10-19,40.6,49.5,45.4
1996-10-20,46.0,59.4,51.6
1996-10-21,46.1,56.3,51.3
1996-10-22,46.0,58.8,52.1
1996-10-23,41.1,58.0,47.7
1996-10-24,40.9,53.1,47.4
1996-10-25,37.6,61.2,49.4
1996-10-26,46.6,60.1,53.1
1996-10-27,54.9,67.8,60.7
1996-10-28,42.9,54.0,49.5
1996-10-29,34.2,57.0,46.1
1996-10-30,39.8,63.9,52.0
1996-10-31,33.0,39.0,35.8
1996-11-01,31.0,39.0,34.2
1996-11-02,28.4,37.7,32.6
1996-11-03,29.5,41.0,34.3
1996-11-04,31.9,48.8,39.8
1996-11-05,39.1,51.3,45.3
1996-11-06,48.6,60.1,54.7
1996-11-07,38.3,61.2,50.8
1996-11-08,38.8,48.3,42.6
1996-11-09,31.8,41.7,37.0
1996-11-10,27.0,37.6,31.6
1996-11-11,26.3,36.2,29.9
1996-11-12,23.3,31.9,26.8
1996-11-13,22.1,32.6,26.3
1996-11-14,20.9,33.2,25.4
1996-11-15,20.5,35.5,28.1
1996-11-16,29.2,44.3,35.1
1996-11-17,33.9,49.3,42.8
1996-11-18,30.2,39.7,34.2
1996-11-19,25.1,37.0,30.9
1996-11-20,25.5,35.1,29.0
1996-11-21,26.4,34.2,29.2
1996-11-22,26.1,37.9,30.8
1996-11-23,28.6,37.0,32.4
1996-11-24,29.8,34.9,32.2
1996-11-25,26.8,34.1,30.2
1996-11-26,22.3,29.5,26.0
1996-11-27,11.6,28.3,20.0
1996-11-28,16.9,30.1,24.0
1996-11-29,15.7,34.8,25.3
1996-11-30,33.9,46.8,41.4
1996-12-01,31.0,51.2,41.4
1996-12-02,25.2,32.9,29.4
1996-12-03,24.4,36.9,31.3
1996-12-04,25.7,37.5,30.9
1996-12-05,29.6,33.6,31.6
1996-12-06,32.1,35.0,33.3
1996-12-07,28.9,37.8,33.2
1996-12-08,28.5,32.5,30.5
1996-12-09,27.2,33.6,30.5
1996-12-10,27.9,39.0,32.2
1996-12-11,31.1,35.1,34.2
1996-12-12,33.4,36.1,34.6
1996-12-13,26.1,39.3,33.7
1996-12-14,26.8,44.2,33.6
1996-12-15,30.4,44.2,36.9
1996-12-16,31.5,34.5,32.5
1996-12-17,28.2,35.1,32.7
1996-12-18,11.8,26.1,19.2
1996-12-19,-1.6,10.1,5.7
1996-12-20,2.2,18.3,10.2
1996-12-21,1.7,31.2,17.3
1996-12-22,30.9,35.7,32.7
1996-12-23,33.7,50.0,40.6
1996-12-24,21.4,49.7,31.5
1996-12-25,14.9,20.8,18.0
1996-12-26,13.5,24.2,18.6
1996-12-27,11.2,32.8,23.1
1996-12-28,33.4,42.1,39.0
1996-12-29,32.3,39.5,36.4
1996-12-30,29.6,34.9,31.5
1996-12-31,25.9,34.1,30.3
1997-01-01,25.5,38.5,31.8
1997-01-02,36.0,49.9,43.2
1997-01-03,36.1,49.2,41.7
1997-01-04,34.4,58.8,45.7
1997-01-05,26.1,57.7,37.1
1997-01-06,23.0,26.1,24.4
1997-01-07,18.2,23.1,20.9
1997-01-08,15.3,27.0,20.4
1997-01-09,20.8,26.9,24.3
1997-01-10,7.6,26.1,18.8
1997-01-11,6.1,19.9,12.8
1997-01-12,2.3,12.6,6.9
1997-01-13,5.5,16.1,10.3
1997-01-14,4.8,23.3,14.7
1997-01-15,2.8,33.5,17.0
1997-01-16,0.1,32.9,16.4
1997-01-17,-6.9,4.9,-0.5
1997-01-18,-2.4,6.9,1.6
1997-01-19,-10.5,13.8,2.4
1997-01-20,13.7,33.5,24.3
1997-01-21,7.2,42.9,23.0
1997-01-22,31.5,46.1,41.9
1997-01-23,18.1,30.4,24.4
1997-01-24,18.4,33.4,26.5
1997-01-25,13.8,33.1,25.4
1997-01-26,1.9,18.0,11.8
1997-01-27,15.8,32.8,25.1
1997-01-28,5.5,26.0,14.1
1997-01-29,-4.2,14.8,6.7
1997-01-30,7.9,25.7,16.1
1997-01-31,17.7,39.5,30.0
1997-02-01,24.7,36.0,30.1
1997-02-02,25.1,40.6,32.2
1997-02-03,28.0,34.4,30.4
1997-02-04,28.8,42.6,35.6
1997-02-05,27.1,34.9,32.0
1997-02-06,24.7,32.6,28.3
1997-02-07,25.4,32.6,28.2
1997-02-08,20.8,31.6,26.2
1997-02-09,16.1,32.4,24.8
1997-02-10,23.0,32.2,27.1
1997-02-11,24.4,30.3,27.1
1997-02-12,16.2,29.8,24.7
1997-02-13,9.7,25.6,17.5
1997-02-14,23.3,34.5,27.8
1997-02-15,19.4,28.5,25.8
1997-02-16,13.1,28.8,20.9
1997-02-17,0.5,35.6,21.2
1997-02-18,35.9,54.2,45.1
1997-02-19,32.5,49.0,43.5
1997-02-20,26.1,52.8,37.2
1997-02-21,28.9,60.1,51.8
1997-02-22,20.5,28.5,24.1
1997-02-23,20.8,37.0,28.8
1997-02-24,17.6,29.2,22.2
1997-02-25,14.6,34.7,24.2
1997-02-26,29.8,44.8,35.5
1997-02-27,33.1,46.4,37.5
1997-02-28,30.5,39.7,33.9
1997-03-01,32.5,62.2,49.2
1997-03-02,30.6,50.4,36.9
1997-03-03,28.0,37.9,32.1
1997-03-04,26.9,45.3,36.7
1997-03-05,31.5,41.3,35.2
1997-03-06,22.0,34.5,28.7
1997-03-07,19.7,34.6,26.8
1997-03-08,25.4,39.6,33.9
1997-03-09,23.6,44.7,33.1
1997-03-10,29.5,46.2,38.1
1997-03-11,26.1,41.7,35.9
1997-03-12,22.9,40.2,31.3
1997-03-13,25.0,29.6,27.7
1997-03-14,21.7,38.4,32.0
1997-03-15,16.6,26.8,20.8
1997-03-16,12.9,33.2,23.0
1997-03-17,28.6,53.4,40.7
1997-03-18,26.3,37.0,32.0
1997-03-19,23.1,41.5,31.5
1997-03-20,29.6,52.1,40.7
1997-03-21,32.8,65.5,47.4
1997-03-22,30.9,41.5,35.1
1997-03-23,22.3,35.4,29.2
1997-03-24,19.3,37.3,28.3
1997-03-25,32.3,52.1,40.5
1997-03-26,31.5,45.9,38.2
1997-03-27,42.1,66.0,53.1
1997-03-28,45.7,61.7,53.7
1997-03-29,46.4,56.5,52.3
1997-03-30,32.6,45.4,40.4
1997-03-31,27.8,41.3,33.3
1997-04-01,27.4,54.9,40.2
1997-04-02,30.3,62.0,46.8
1997-04-03,42.3,62.7,51.3
1997-04-04,39.5,67.6,53.2
1997-04-05,53.2,61.2,56.3
1997-04-06,40.0,69.4,57.5
1997-04-07,30.8,38.8,34.8
1997-04-08,24.5,38.0,31.0
1997-04-09,21.0,35.4,27.6
1997-04-10,21.4,41.3,32.1
1997-04-11,32.2,41.1,35.9
1997-04-12,33.0,40.9,36.7
1997-04-13,32.4,45.1,37.9
1997-04-14,28.9,52.2,41.1
1997-04-15,30.1,58.7,45.4
1997-04-16,39.6,56.5,47.4
1997-04-17,31.1,43.2,37.6
1997-04-18,28.5,50.1,39.0
1997-04-19,26.1,53.2,40.2
1997-04-20,31.3,57.4,43.9
1997-04-21,34.3,56.5,46.0
1997-04-22,36.3,49.6,43.6
1997-04-23,36.1,57.7,45.7
1997-04-24,38.0,57.8,46.7
1997-04-25,36.5,56.6,47.0
1997-04-26,32.8,61.0,48.5
1997-04-27,42.3,55.7,48.9
1997-04-28,36.1,59.5,48.9
1997-04-29,37.8,65.0,53.1
1997-04-30,49.1,68.4,59.7
1997-05-01,40.0,60.0,47.3
1997-05-02,33.7,52.3,44.7
1997-05-03,43.5,49.6,46.0
1997-05-04,38.4,58.8,48.9
1997-05-05,39.2,63.3,51.0
1997-05-06,41.6,57.0,49.7
1997-05-07,33.3,59.3,47.8
1997-05-08,44.1,61.9,50.2
1997-05-09,40.0,52.2,47.6
1997-05-10,39.1,55.8,47.0
1997-05-11,36.8,61.4,51.5
1997-05-12,42.9,53.8,49.6
1997-05-13,34.2,58.9,47.1
1997-05-14,39.0,57.7,48.5
1997-05-15,40.7,49.3,43.5
1997-05-16,36.0,53.5,45.3
1997-05-17,46.5,58.5,51.7
1997-05-18,44.1,66.2,56.0
1997-05-19,47.7,67.0,61.6
1997-05-20,39.1,57.8,49.3
1997-05-21,39.3,55.7,48.1
1997-05-22,38.8,60.5,50.0
1997-05-23,40.2,66.7,54.9
1997-05-24,46.3,72.3,60.6
1997-05-25,46.0,59.5,54.1
1997-05-26,42.5,60.5,51.1
1997-05-27,44.4,62.6,53.8
1997-05-28,47.9,65.8,57.4
1997-05-29,54.7,60.0,57.0
1997-05-30,53.9,68.3,60.3
1997-05-31,53.3,65.9,58.6
1997-06-01,53.2,57.9,55.5
1997-06-02,54.7,59.7,56.9
1997-06-03,52.0,66.7,59.3
1997-06-04,45.2,70.8,59.5
1997-06-05,51.3,71.4,62.9
1997-06-06,56.8,70.4,63.7
1997-06-07,55.7,66.7,61.2
1997-06-08,54.0,69.2,61.6
1997-06-09,52.8,75.9,65.1
1997-06-10,53.2,80.1,68.4
1997-06-11,58.4,78.7,69.5
1997-06-12,59.9,76.0,67.1
1997-06-13,60.3,77.4,68.7
1997-06-14,56.6,70.8,63.7
1997-06-15,51.1,74.3,64.2
1997-06-16,63.6,71.2,66.4
1997-06-17,57.8,67.4,63.3
1997-06-18,57.7,76.5,66.6
1997-06-19,58.5,78.9,69.2
1997-06-20,67.2,84.0,75.6
1997-06-21,68.4,85.6,73.9
1997-06-22,64.3,82.3,73.5
1997-06-23,63.0,83.7,74.9
1997-06-24,71.6,87.6,79.7
1997-06-25,72.9,86.1,78.5
1997-06-26,65.3,80.3,73.4
1997-06-27,58.0,81.3,71.1
1997-06-28,63.5,82.1,74.0
1997-06-29,64.3,82.9,74.2
1997-06-30,67.3,80.3,72.8
1997-07-01,67.5,81.1,74.0
1997-07-02,64.9,86.0,74.6
1997-07-03,65.3,70.9,68.0
1997-07-04,57.1,64.9,62.2
1997-07-05,52.6,73.6,63.3
1997-07-06,58.3,75.1,66.1
1997-07-07,57.4,72.9,65.7
1997-07-08,62.9,81.1,70.3
1997-07-09,58.1,70.2,64.3
1997-07-10,52.6,73.6,63.7
1997-07-11,53.0,77.6,67.3
1997-07-12,57.5,81.4,71.1
1997-07-13,61.8,85.7,75.1
1997-07-14,70.9,90.5,79.2
1997-07-15,71.3,83.3,77.2
1997-07-16,67.0,88.5,78.3
1997-07-17,71.8,88.1,80.4
1997-07-18,69.0,87.2,78.2
1997-07-19,63.8,78.0,71.0
1997-07-20,55.0,81.6,69.5
1997-07-21,66.0,80.1,71.6
1997-07-22,61.8,75.5,68.7
1997-07-23,64.6,75.7,70.2
1997-07-24,65.7,79.6,72.4
1997-07-25,64.6,81.5,73.6
1997-07-26,69.3,89.5,78.8
1997-07-27,69.4,88.7,77.9
1997-07-28,69.7,82.9,75.7
1997-07-29,61.3,73.5,68.0
1997-07-30,53.6,76.2,66.1
1997-07-31,55.9,80.3,69.6
1997-08-01,62.2,78.3,71.0
1997-08-02,69.2,84.9,76.2
1997-08-03,64.0,80.0,71.0
1997-08-04,62.4,75.9,68.6
1997-08-05,58.2,68.8,64.1
1997-08-06,55.4,72.6,64.9
1997-08-07,55.8,76.5,67.1
1997-08-08,57.3,79.1,69.4
1997-08-09,60.9,82.4,72.0
1997-08-10,65.5,78.6,71.4
1997-08-11,59.2,70.0,63.5
1997-08-12,58.8,75.7,66.4
1997-08-13,62.0,71.3,67.0
1997-08-14,59.6,70.9,65.1
1997-08-15,63.0,78.6,69.2
1997-08-16,68.6,83.8,73.5
1997-08-17,61.3,71.8,68.0
1997-08-18,57.5,70.9,63.6
1997-08-19,58.9,72.1,65.1
1997-08-20,59.6,69.0,63.1
1997-08-21,58.3,67.0,61.7
1997-08-22,56.1,66.0,60.7
1997-08-23,53.1,70.7,62.3
1997-08-24,56.5,64.0,60.2
1997-08-25,58.3,70.4,63.9
1997-08-26,56.8,75.7,66.7
1997-08-27,61.9,81.0,71.1
1997-08-28,61.6,72.6,66.8
1997-08-29,56.7,71.2,64.9
1997-08-30,59.0,72.3,65.8
1997-08-31,62.4,74.8,67.8
1997-09-01,60.1,76.1,67.9
1997-09-02,61.2,79.3,68.1
1997-09-03,51.3,63.4,58.3
1997-09-04,46.6,67.7,56.7
1997-09-05,46.6,71.9,60.2
1997-09-06,59.5,79.9,68.4
1997-09-07,59.9,72.8,66.3
1997-09-08,59.6,69.5,63.9
1997-09-09,60.1,70.2,64.0
1997-09-10,61.6,66.7,63.4
1997-09-11,57.2,68.0,62.1
1997-09-12,57.7,66.6,62.1
1997-09-13,57.4,70.4,64.3
1997-09-14,58.5,73.5,64.6
1997-09-15,58.1,78.3,67.6
1997-09-16,58.7,78.7,69.3
1997-09-17,60.3,75.8,69.0
1997-09-18,54.9,77.5,66.4
1997-09-19,61.6,77.8,69.4
1997-09-20,55.7,69.6,63.5
1997-09-21,46.7,60.3,53.9
1997-09-22,44.2,62.4,54.5
1997-09-23,51.6,63.7,57.8
1997-09-24,44.9,61.6,53.1
1997-09-25,51.5,70.6,60.5
1997-09-26,51.7,61.7,56.6
1997-09-27,44.9,65.0,55.1
1997-09-28,53.4,74.3,62.0
1997-09-29,53.2,70.2,60.6
1997-09-30,53.2,62.6,58.2
1997-10-01,46.1,55.3,50.9
1997-10-02,41.2,64.8,53.2
1997-10-03,55.7,76.3,65.0
1997-10-04,58.4,78.2,68.2
1997-10-05,46.7,78.4,64.5
1997-10-06,63.1,79.5,71.0
1997-10-07,61.7,79.9,69.8
1997-10-08,61.2,77.8,68.8
1997-10-09,60.7,69.4,66.5
1997-10-10,49.9,62.8,56.3
1997-10-11,45.1,62.4,53.4
1997-10-12,49.1,70.9,60.1
1997-10-13,51.8,74.9,65.0
1997-10-14,43.0,52.7,49.0
1997-10-15,34.2,49.9,43.7
1997-10-16,39.6,51.9,45.3
1997-10-17,43.2,51.4,47.3
1997-10-18,40.0,53.2,46.6
1997-10-19,37.0,57.8,48.2
1997-10-20,38.7,50.8,47.2
1997-10-21,36.5,49.5,41.7
1997-10-22,29.9,42.5,36.0
1997-10-23,31.7,45.9,38.6
1997-10-24,39.0,44.7,41.8
1997-10-25,39.7,50.2,44.1
1997-10-26,37.8,44.7,40.0
1997-10-27,33.0,38.6,35.7
1997-10-28,30.6,45.2,37.7
1997-10-29,36.6,54.4,44.8
1997-10-30,31.8,57.3,46.4
1997-10-31,49.8,60.8,54.3
1997-11-01,48.6,52.8,50.7
1997-11-02,37.1,47.6,43.2
1997-11-03,31.5,40.5,37.1
1997-11-04,29.0,42.8,35.8
1997-11-05,34.9,42.2,38.5
1997-11-06,38.4,49.8,42.4
1997-11-07,38.0,51.8,43.7
1997-11-08,39.7,52.2,44.2
1997-11-09,34.6,44.6,39.9
1997-11-10,33.7,44.8,39.5
1997-11-11,27.0,40.5,32.8
1997-11-12,22.6,33.3,28.6
1997-11-13,22.3,34.5,28.9
1997-11-14,26.1,34.3,30.7
1997-11-15,23.5,32.5,28.2
1997-11-16,18.7,32.6,25.5
1997-11-17,21.2,32.4,24.7
1997-11-18,16.3,31.0,24.5
1997-11-19,21.7,35.5,30.3
1997-11-20,19.8,39.0,30.4
1997-11-21,34.0,38.9,36.2
1997-11-22,31.0,38.1,33.9
1997-11-23,26.0,34.7,30.5
1997-11-24,21.7,31.6,25.2
1997-11-25,22.3,48.4,38.0
1997-11-26,39.3,49.1,44.5
1997-11-27,29.9,46.0,38.8
1997-11-28,39.0,51.4,46.8
1997-11-29,40.2,43.7,41.6
1997-11-30,37.8,43.6,41.0
1997-12-01,32.3,37.1,35.1
1997-12-02,26.6,36.6,31.2
1997-12-03,26.2,40.1,34.8
1997-12-04,30.0,37.8,34.9
1997-12-05,25.9,34.2,29.4
1997-12-06,26.1,35.0,31.1
1997-12-07,31.3,37.8,33.9
1997-12-08,30.5,34.2,31.8
1997-12-09,30.6,34.4,32.1
1997-12-10,30.0,32.7,31.7
1997-12-11,25.2,31.2,28.8
1997-12-12,19.9,33.3,26.5
1997-12-13,25.4,34.1,28.6
1997-12-14,27.3,34.0,29.8
1997-12-15,25.2,39.7,31.6
1997-12-16,30.6,41.0,34.6
1997-12-17,22.4,39.4,30.2
1997-12-18,20.8,39.8,31.3
1997-12-19,33.4,45.0,37.0
1997-12-20,26.8,36.2,31.6
1997-12-21,28.1,33.1,30.0
1997-12-22,28.0,35.0,31.8
1997-12-23,29.8,35.6,32.5
1997-12-24,28.5,37.4,32.1
1997-12-25,32.5,37.9,35.3
1997-12-26,28.0,32.6,30.7
1997-12-27,25.9,31.0,28.6
1997-12-28,19.5,33.0,26.2
1997-12-29,25.8,33.4,28.6
1997-12-30,20.2,28.6,26.0
1997-12-31,12.4,20.1,16.2
1998-01-01,14.7,38.3,26.9
1998-01-02,36.0,46.0,41.0
1998-01-03,45.9,51.8,49.3
1998-01-04,32.8,49.3,38.6
1998-01-05,48.7,53.3,51.0
1998-01-06,47.6,53.5,50.9
1998-01-07,37.6,46.8,42.0
1998-01-08,34.7,38.1,35.5
1998-01-09,32.6,39.3,35.3
1998-01-10,21.1,33.3,25.4
1998-01-11,21.2,29.0,24.0
1998-01-12,21.9,34.2,28.6
1998-01-13,13.1,31.5,20.4
1998-01-14,10.8,25.6,17.8
1998-01-15,26.0,32.9,28.4
1998-01-16,23.7,28.5,25.8
1998-01-17,24.8,29.7,27.0
1998-01-18,24.8,31.3,27.1
1998-01-19,20.9,32.8,26.2
1998-01-20,20.6,29.4,25.2
1998-01-21,23.2,28.9,25.2
1998-01-22,25.0,30.3,27.6
1998-01-23,28.9,34.5,31.8
1998-01-24,24.1,32.4,27.9
1998-01-25,19.4,30.5,25.3
1998-01-26,25.6,34.8,29.5
1998-01-27,28.1,37.4,32.7
1998-01-28,30.0,38.2,34.4
1998-01-29,27.6,38.5,33.7
1998-01-30,28.2,33.8,30.4
1998-01-31,25.2,36.2,29.6
1998-02-01,25.5,42.2,33.3
1998-02-02,30.0,39.4,36.3
1998-02-03,24.6,37.3,30.2
1998-02-04,24.4,35.5,28.1
1998-02-05,25.3,36.0,28.7
1998-02-06,24.4,40.9,29.9
1998-02-07,24.2,40.9,30.3
1998-02-08,22.4,41.8,30.0
1998-02-09,22.4,44.3,31.8
1998-02-10,24.4,47.4,34.1
1998-02-11,32.9,40.0,37.2
1998-02-12,30.7,37.2,34.2
1998-02-13,28.4,35.6,31.4
1998-02-14,27.2,34.3,29.9
1998-02-15,26.4,42.3,32.6
1998-02-16,29.4,39.4,34.1
1998-02-17,35.4,40.3,38.4
1998-02-18,34.6,40.7,37.3
1998-02-19,33.1,41.9,36.6
1998-02-20,32.5,41.1,36.1
1998-02-21,32.9,39.6,35.6
1998-02-22,27.4,45.8,35.1
1998-02-23,30.3,43.2,35.9
1998-02-24,27.2,42.8,35.8
1998-02-25,30.6,49.5,38.9
1998-02-26,31.8,48.5,39.0
1998-02-27,39.9,56.9,46.1
1998-02-28,29.4,52.4,41.6
1998-03-01,35.2,46.7,39.8
1998-03-02,31.8,38.7,35.0
1998-03-03,30.3,37.2,33.6
1998-03-04,26.9,37.5,31.1
1998-03-05,27.7,38.1,32.7
1998-03-06,28.9,38.8,32.7
1998-03-07,29.1,43.5,34.9
1998-03-08,32.2,46.8,39.5
1998-03-09,18.4,46.6,34.6
1998-03-10,10.2,23.5,16.7
1998-03-11,7.9,22.2,14.8
1998-03-12,14.1,31.5,21.4
1998-03-13,18.1,33.3,26.3
1998-03-14,23.8,34.0,28.9
1998-03-15,18.9,32.5,24.8
1998-03-16,17.7,35.0,25.4
1998-03-17,24.9,43.7,33.7
1998-03-18,37.0,44.5,41.1
1998-03-19,31.5,45.2,39.2
1998-03-20,30.0,36.1,31.8
1998-03-21,29.1,33.8,31.0
1998-03-22,23.5,38.0,29.9
1998-03-23,17.6,37.9,28.0
1998-03-24,18.4,41.6,31.0
1998-03-25,23.0,50.7,38.5
1998-03-26,49.3,69.3,61.1
1998-03-27,61.2,72.7,66.1
1998-03-28,58.2,65.3,61.7
1998-03-29,46.7,70.0,59.4
1998-03-30,63.1,75.7,68.1
1998-03-31,63.0,72.5,67.5
1998-04-01,42.3,61.4,51.3
1998-04-02,38.6,51.1,43.6
1998-04-03,34.8,50.6,41.9
1998-04-04,34.2,47.2,40.5
1998-04-05,27.3,54.2,41.2
1998-04-06,28.4,54.0,41.7
1998-04-07,32.1,55.9,44.8
1998-04-08,42.3,55.4,47.8
1998-04-09,41.2,44.6,43.3
1998-04-10,35.0,52.7,43.6
1998-04-11,28.7,60.3,45.6
1998-04-12,37.0,65.2,51.7
1998-04-13,47.2,68.6,57.7
1998-04-14,51.8,59.5,55.1
1998-04-15,43.2,59.7,51.5
1998-04-16,44.4,65.8,54.2
1998-04-17,37.8,51.2,43.7
1998-04-18,37.8,60.9,49.2
1998-04-19,41.6,51.8,47.1
1998-04-20,39.8,63.1,51.5
1998-04-21,43.5,62.0,53.1
1998-04-22,47.1,64.5,54.7
1998-04-23,41.0,65.4,53.5
1998-04-24,44.9,68.3,56.1
1998-04-25,38.4,61.1,50.7
1998-04-26,38.5,48.3,46.0
1998-04-27,34.1,53.8,43.5
1998-04-28,31.1,58.3,45.6
1998-04-29,39.6,61.4,50.2
1998-04-30,49.5,62.2,56.4
1998-05-01,55.1,66.5,59.4
1998-05-02,51.9,61.1,56.7
1998-05-03,53.1,65.0,57.8
1998-05-04,51.3,64.6,56.8
1998-05-05,47.4,70.7,59.5
1998-05-06,50.7,74.2,63.9
1998-05-07,57.9,72.1,64.6
1998-05-08,58.0,65.7,60.3
1998-05-09,52.6,70.9,61.2
1998-05-10,51.5,67.6,59.9
1998-05-11,51.4,63.4,58.0
1998-05-12,51.7,66.5,60.1
1998-05-13,57.6,76.1,65.6
1998-05-14,55.0,81.6,69.4
1998-05-15,61.6,84.7,73.9
1998-05-16,65.4,77.6,72.0
1998-05-17,59.2,79.0,69.0
1998-05-18,59.7,83.6,71.5
1998-05-19,64.4,85.3,74.0
1998-05-20,66.0,81.6,72.8
1998-05-21,53.4,68.7,62.1
1998-05-22,46.8,63.5,55.5
1998-05-23,46.3,68.6,58.3
1998-05-24,51.5,64.2,58.0
1998-05-25,54.4,63.5,58.6
1998-05-26,49.5,75.8,63.0
1998-05-27,54.9,77.4,66.7
1998-05-28,56.6,80.6,70.8
1998-05-29,66.6,81.1,72.4
1998-05-30,56.7,77.8,67.9
1998-05-31,63.8,79.5,72.8
1998-06-01,48.1,68.2,59.6
1998-06-02,53.0,79.0,66.3
1998-06-03,46.3,59.2,53.9
1998-06-04,42.5,65.6,55.9
1998-06-05,46.5,54.5,51.3
1998-06-06,41.8,59.1,51.7
1998-06-07,45.6,62.2,54.4
1998-06-08,45.5,66.4,57.6
1998-06-09,52.0,61.8,57.1
1998-06-10,56.8,70.5,62.6
1998-06-11,52.7,72.2,65.2
1998-06-12,65.6,81.6,71.3
1998-06-13,62.0,72.5,66.7
1998-06-14,59.2,75.2,67.1
1998-06-15,58.8,75.7,67.4
1998-06-16,61.4,76.9,68.3
1998-06-17,62.0,78.9,70.6
1998-06-18,61.7,83.8,73.0
1998-06-19,69.0,81.9,74.3
1998-06-20,63.8,83.6,74.6
1998-06-21,67.4,83.9,74.9
1998-06-22,67.3,84.9,76.4
1998-06-23,67.8,84.5,75.6
1998-06-24,66.5,86.8,78.2
1998-06-25,69.3,90.4,80.7
1998-06-26,74.0,87.9,81.0
1998-06-27,67.6,83.8,73.7
1998-06-28,68.6,85.1,75.1
1998-06-29,69.8,84.8,76.9
1998-06-30,67.4,73.7,70.4
1998-07-01,62.5,77.9,70.2
1998-07-02,58.3,79.5,70.2
1998-07-03,63.7,82.2,73.7
1998-07-04,63.2,73.5,68.9
1998-07-05,57.8,75.3,67.1
1998-07-06,59.3,80.2,70.6
1998-07-07,66.8,77.6,72.7
1998-07-08,66.7,79.7,72.5
1998-07-09,64.0,80.4,72.6
1998-07-10,63.0,75.8,69.8
1998-07-11,52.6,76.9,66.3
1998-07-12,56.8,79.8,69.7
1998-07-13,60.2,82.8,72.8
1998-07-14,63.0,86.9,76.5
1998-07-15,69.7,86.1,77.4
1998-07-16,70.2,84.8,77.3
1998-07-17,65.9,78.6,72.6
1998-07-18,59.0,81.3,71.3
1998-07-19,66.4,85.4,76.5
1998-07-20,70.0,88.2,79.2
1998-07-21,73.4,93.0,81.3
1998-07-22,71.5,85.0,77.2
1998-07-23,67.4,78.9,72.8
1998-07-24,61.6,75.1,68.7
1998-07-25,59.0,74.9,67.6
1998-07-26,56.6,77.1,68.6
1998-07-27,64.3,80.2,72.6
1998-07-28,65.1,83.9,75.3
1998-07-29,69.3,81.2,75.2
1998-07-30,66.6,76.9,71.7
1998-07-31,61.7,77.2,70.0
1998-08-01,55.8,79.0,68.9
1998-08-02,59.0,80.9,71.8
1998-08-03,64.2,80.8,73.2
1998-08-04,66.5,81.9,71.5
1998-08-05,68.1,74.0,70.8
1998-08-06,69.1,80.1,72.8
1998-08-07,69.8,82.0,74.1
1998-08-08,69.7,86.5,77.6
1998-08-09,70.6,82.6,76.3
1998-08-10,69.3,80.9,74.3
1998-08-11,65.7,76.4,70.6
1998-08-12,60.0,76.3,67.9
1998-08-13,59.5,77.6,68.8
1998-08-14,61.9,77.9,70.2
1998-08-15,64.3,79.5,71.1
1998-08-16,61.7,78.1,70.7
1998-08-17,63.4,83.6,74.0
1998-08-18,59.5,73.8,68.7
1998-08-19,52.8,71.7,62.4
1998-08-20,51.7,80.1,67.1
1998-08-21,67.7,85.6,75.3
1998-08-22,67.8,82.4,75.3
1998-08-23,69.6,87.8,78.3
1998-08-24,70.6,85.1,77.6
1998-08-25,70.2,81.6,74.6
1998-08-26,63.1,79.5,71.4
1998-08-27,60.3,80.6,71.0
1998-08-28,62.3,80.4,70.0
1998-08-29,63.6,82.4,72.4
1998-08-30,62.6,78.1,70.4
1998-08-31,59.8,76.2,68.0
1998-09-01,59.6,75.7,67.8
1998-09-02,60.3,72.1,65.6
1998-09-03,54.9,74.6,65.3
1998-09-04,58.4,75.1,66.6
1998-09-05,55.4,81.9,69.3
1998-09-06,68.1,88.6,78.1
1998-09-07,61.0,75.6,69.1
1998-09-08,53.0,63.9,58.4
1998-09-09,51.8,66.6,58.8
1998-09-10,47.3,72.8,60.8
1998-09-11,58.6,81.6,69.2
1998-09-12,62.2,84.9,72.7
1998-09-13,62.4,85.6,73.4
1998-09-14,66.4,81.2,73.4
1998-09-15,69.1,77.2,72.9
1998-09-16,65.3,74.2,69.7
1998-09-17,59.7,76.0,66.8
1998-09-18,55.0,77.7,66.4
1998-09-19,58.9,81.5,70.1
1998-09-20,64.9,84.6,74.0
1998-09-21,64.5,77.9,70.8
1998-09-22,55.0,64.8,60.3
1998-09-23,45.9,62.3,54.3
1998-09-24,46.6,66.6,56.9
1998-09-25,59.2,77.7,67.7
1998-09-26,68.9,86.7,77.4
1998-09-27,66.1,82.5,74.3
1998-09-28,59.2,68.8,63.6
1998-09-29,50.1,76.0,64.1
1998-09-30,58.5,73.7,65.1
1998-10-01,48.3,59.5,54.2
1998-10-02,44.0,58.1,51.6
1998-10-03,47.8,53.2,50.1
1998-10-04,48.7,62.0,54.3
1998-10-05,52.5,64.8,58.1
1998-10-06,58.5,80.2,67.7
1998-10-07,55.0,69.0,58.0
1998-10-08,50.2,57.7,54.0
1998-10-09,45.5,57.8,51.2
1998-10-10,40.2,63.0,51.8
1998-10-11,43.3,64.9,53.9
1998-10-12,44.6,68.3,56.4
1998-10-13,44.8,56.0,51.2
1998-10-14,43.2,51.6,47.7
1998-10-15,44.5,56.7,49.6
1998-10-16,46.7,68.5,56.4
1998-10-17,58.1,72.2,64.6
1998-10-18,49.3,66.2,60.3
1998-10-19,44.8,62.1,52.7
1998-10-20,44.8,52.2,49.0
1998-10-21,40.5,49.0,44.9
1998-10-22,35.1,49.4,41.9
1998-10-23,37.8,61.9,48.8
1998-10-24,43.1,61.5,51.4
1998-10-25,43.8,65.1,53.1
1998-10-26,42.7,65.7,52.9
1998-10-27,47.8,66.9,56.3
1998-10-28,46.9,62.2,55.4
1998-10-29,38.4,55.7,46.9
1998-10-30,43.7,56.1,49.5
1998-10-31,41.2,57.3,49.8
1998-11-01,46.0,54.5,50.0
1998-11-02,40.5,48.3,44.4
1998-11-03,36.9,43.2,39.7
1998-11-04,31.5,40.5,35.8
1998-11-05,30.0,42.1,35.5
1998-11-06,29.1,42.6,36.3
1998-11-07,33.7,47.0,39.9
1998-11-08,37.1,44.3,40.4
1998-11-09,33.2,46.0,39.9
1998-11-10,43.0,60.8,50.2
1998-11-11,37.8,43.5,40.2
1998-11-12,34.8,49.5,40.5
1998-11-13,30.6,44.7,37.1
1998-11-14,33.2,52.3,43.3
1998-11-15,34.7,45.9,41.3
1998-11-16,34.2,49.9,42.2
1998-11-17,35.4,44.3,41.2
1998-11-18,33.1,49.8,40.8
1998-11-19,38.8,55.7,47.6
1998-11-20,33.1,39.0,37.1
1998-11-21,31.5,40.7,35.7
1998-11-22,30.8,51.7,40.8
1998-11-23,45.2,57.2,49.5
1998-11-24,35.7,50.7,43.1
1998-11-25,36.7,49.7,42.4
1998-11-26,40.1,51.1,44.3
1998-11-27,29.8,50.8,40.6
1998-11-28,42.0,60.5,49.2
1998-11-29,48.6,64.0,57.0
1998-11-30,46.5,62.4,58.4
1998-12-01,39.1,52.2,45.4
1998-12-02,46.0,59.0,51.1
1998-12-03,50.6,63.6,56.9
1998-12-04,57.6,61.6,59.4
1998-12-05,54.0,60.9,57.4
1998-12-06,57.7,64.5,61.4
1998-12-07,37.7,61.2,41.9
1998-12-08,32.7,40.9,36.9
1998-12-09,30.6,46.1,36.8
1998-12-10,32.1,44.0,36.6
1998-12-11,30.3,44.8,35.7
1998-12-12,30.2,45.5,35.7
1998-12-13,26.9,45.8,34.7
1998-12-14,29.5,40.9,33.9
1998-12-15,32.3,49.6,39.5
1998-12-16,30.3,40.9,34.5
1998-12-17,27.2,35.9,30.9
1998-12-18,22.7,42.8,31.9
1998-12-19,31.1,43.7,38.7
1998-12-20,27.9,35.2,31.8
1998-12-21,25.1,38.1,34.6
1998-12-22,13.0,24.4,16.9
1998-12-23,10.0,21.0,15.1
1998-12-24,14.3,26.2,19.1
1998-12-25,16.3,29.8,22.0
1998-12-26,19.2,30.7,25.0
1998-12-27,19.9,39.3,30.4
1998-12-28,26.4,37.9,30.3
1998-12-29,14.6,36.7,29.4
1998-12-30,11.1,20.4,16.2
1998-12-31,14.9,22.5,17.7
1999-01-01,9.9,15.4,12.6
1999-01-02,10.9,26.5,18.5
1999-01-03,9.6,32.3,18.2
1999-01-04,3.9,13.5,8.2
1999-01-05,-8.2,3.0,-4.3
1999-01-06,-2.5,24.3,15.4
1999-01-07,-1.2,15.0,6.9
1999-01-08,-2.3,15.8,8.6
1999-01-09,5.1,18.7,12.7
1999-01-10,-3.2,14.5,4.9
1999-01-11,-6.3,11.9,2.8
1999-01-12,13.1,18.5,15.8
1999-01-13,2.2,16.7,12.1
1999-01-14,-1.3,8.0,3.0
1999-01-15,-0.0,14.3,6.7
1999-01-16,13.5,38.7,29.4
1999-01-17,18.9,40.5,30.7
1999-01-18,31.0,42.1,35.0
1999-01-19,20.7,31.5,27.2
1999-01-20,13.0,32.5,21.5
1999-01-21,21.7,40.3,30.9
1999-01-22,33.9,50.2,40.7
1999-01-23,36.0,55.5,46.7
1999-01-24,28.9,36.2,32.0
1999-01-25,24.5,35.2,29.8
1999-01-26,20.8,34.0,26.4
1999-01-27,20.9,54.9,37.2
1999-01-28,30.1,37.1,34.4
1999-01-29,26.8,36.4,30.4
1999-01-30,24.2,41.5,30.6
1999-01-31,23.9,35.2,28.5
1999-02-01,28.9,37.4,34.2
1999-02-02,30.9,42.7,38.3
1999-02-03,29.6,44.1,36.6
1999-02-04,25.2,40.1,34.9
1999-02-05,21.2,33.7,28.4
1999-02-06,30.5,46.2,38.2
1999-02-07,26.1,30.9,29.3
1999-02-08,20.0,34.2,27.3
1999-02-09,34.8,49.6,40.9
1999-02-10,26.6,46.0,35.2
1999-02-11,33.6,67.0,52.3
1999-02-12,21.9,58.2,32.3
1999-02-13,17.1,29.8,22.6
1999-02-14,19.0,36.2,27.1
1999-02-15,29.3,49.4,37.6
1999-02-16,34.6,50.2,41.6
1999-02-17,28.9,35.5,33.0
1999-02-18,26.8,34.5,29.9
1999-02-19,24.9,31.5,27.6
1999-02-20,19.9,28.0,23.2
1999-02-21,16.4,28.7,21.2
1999-02-22,11.5,27.2,18.8
1999-02-23,16.9,27.3,21.7
1999-02-24,18.0,35.7,26.9
1999-02-25,24.0,37.0,31.2
1999-02-26,19.9,37.6,27.7
1999-02-27,27.7,42.4,34.5
1999-02-28,33.2,44.5,37.8
1999-03-01,26.6,35.3,31.5
1999-03-02,22.7,42.7,31.8
1999-03-03,28.0,34.4,32.1
1999-03-04,21.4,33.3,27.2
1999-03-05,23.7,32.4,28.2
1999-03-06,7.5,27.6,20.1
1999-03-07,-1.5,23.2,10.1
1999-03-08,-6.6,21.8,9.2
1999-03-09,21.2,23.7,22.6
1999-03-10,14.8,29.5,21.3
1999-03-11,10.9,33.4,21.0
1999-03-12,11.3,35.0,22.3
1999-03-13,7.7,36.0,23.1
1999-03-14,20.0,37.7,27.5
1999-03-15,18.0,39.3,28.9
1999-03-16,22.8,45.9,34.2
1999-03-17,30.6,60.1,45.8
1999-03-18,33.3,44.6,38.7
1999-03-19,29.3,44.8,34.9
1999-03-20,24.4,48.3,35.6
1999-03-21,30.4,41.4,36.0
1999-03-22,27.0,40.0,32.9
1999-03-23,24.0,48.6,36.4
1999-03-24,30.9,43.9,36.7
1999-03-25,25.7,36.1,31.1
1999-03-26,25.3,44.2,33.8
1999-03-27,28.9,50.5,38.2
1999-03-28,28.0,57.3,43.5
1999-03-29,37.7,56.1,47.1
1999-03-30,30.8,63.5,49.1
1999-03-31,43.1,68.7,55.7
1999-04-01,52.2,59.5,55.4
1999-04-02,53.4,68.0,59.8
1999-04-03,54.6,74.4,63.1
1999-04-04,39.7,59.7,48.9
1999-04-05,38.8,51.3,43.7
1999-04-06,43.5,64.8,51.4
1999-04-07,39.9,63.7,53.1
1999-04-08,46.5,69.4,58.6
1999-04-09,39.0,47.9,42.5
1999-04-10,34.6,50.5,42.3
1999-04-11,35.6,44.8,40.8
1999-04-12,33.5,54.0,43.2
1999-04-13,34.2,57.7,45.7
1999-04-14,36.6,64.2,49.9
1999-04-15,39.8,58.1,49.3
1999-04-16,40.1,46.8,43.8
1999-04-17,40.0,51.6,44.7
1999-04-18,37.5,51.1,43.7
1999-04-19,33.8,52.2,44.0
1999-04-20,36.7,54.6,46.6
1999-04-21,44.0,59.5,50.2
1999-04-22,47.2,55.2,49.7
1999-04-23,36.4,46.9,43.6
1999-04-24,31.8,54.3,42.7
1999-04-25,32.3,59.5,46.6
1999-04-26,37.9,69.9,53.2
1999-04-27,42.7,58.5,49.9
1999-04-28,44.2,62.2,51.9
1999-04-29,43.5,62.3,52.7
1999-04-30,41.3,67.3,54.4
1999-05-01,37.3,68.3,54.3
1999-05-02,40.6,71.1,57.2
1999-05-03,44.7,72.7,59.6
1999-05-04,45.0,74.9,61.0
1999-05-05,54.7,71.2,64.0
1999-05-06,55.5,67.8,62.9
1999-05-07,53.2,70.2,61.3
1999-05-08,50.1,61.2,54.9
1999-05-09,48.7,64.5,55.8
1999-05-10,45.0,68.1,56.7
1999-05-11,46.1,70.2,58.6
1999-05-12,50.7,64.2,56.4
1999-05-13,48.2,62.2,54.8
1999-05-14,49.0,67.0,58.4
1999-05-15,53.1,70.1,62.2
1999-05-16,57.2,77.5,66.4
1999-05-17,64.0,84.8,72.2
1999-05-18,56.7,67.8,64.5
1999-05-19,50.7,66.7,58.9
1999-05-20,47.3,71.6,60.7
1999-05-21,54.0,76.5,66.1
1999-05-22,57.0,67.4,62.4
1999-05-23,48.7,70.3,59.7
1999-05-24,46.0,57.1,52.4
1999-05-25,44.9,58.1,50.9
1999-05-26,47.7,64.6,55.8
1999-05-27,44.4,74.6,60.5
1999-05-28,53.0,80.3,67.6
1999-05-29,55.8,83.7,71.5
1999-05-30,62.1,83.3,73.5
1999-05-31,63.4,75.9,68.7
1999-06-01,65.2,74.7,69.3
1999-06-02,60.3,74.6,67.9
1999-06-03,53.2,70.1,61.5
1999-06-04,49.5,68.7,60.1
1999-06-05,57.5,82.2,70.6
1999-06-06,70.0,88.5,79.2
1999-06-07,72.1,87.1,79.2
1999-06-08,68.7,86.2,77.2
1999-06-09,63.5,87.4,76.0
1999-06-10,66.0,90.3,80.0
1999-06-11,72.2,90.2,81.3
1999-06-12,70.5,86.4,77.6
1999-06-13,66.8,78.3,70.5
1999-06-14,60.8,73.8,68.0
1999-06-15,47.4,61.9,56.0
1999-06-16,51.0,63.7,58.7
1999-06-17,51.3,63.5,57.8
1999-06-18,46.4,71.6,60.5
1999-06-19,53.8,71.6,64.2
1999-06-20,55.4,76.9,67.5
1999-06-21,57.1,77.4,68.8
1999-06-22,57.8,80.6,70.3
1999-06-23,61.2,85.0,74.4
1999-06-24,69.5,81.9,74.2
1999-06-25,67.3,83.3,74.7
1999-06-26,63.1,84.9,75.2
1999-06-27,68.0,80.6,73.8
1999-06-28,67.1,83.8,75.5
1999-06-29,60.2,72.1,66.8
1999-06-30,57.7,72.4,65.6
1999-07-01,61.6,77.0,68.2
1999-07-02,62.3,81.3,72.6
1999-07-03,68.2,86.4,77.8
1999-07-04,75.7,91.5,83.4
1999-07-05,75.7,90.9,83.4
1999-07-06,70.2,84.5,79.3
1999-07-07,63.1,81.9,73.3
1999-07-08,65.4,81.9,73.6
1999-07-09,70.0,80.7,75.5
1999-07-10,60.3,71.2,67.0
1999-07-11,54.0,75.7,65.8
1999-07-12,56.5,77.7,68.5
1999-07-13,61.2,79.8,71.9
1999-07-14,64.5,84.4,75.1
1999-07-15,66.9,87.3,77.7
1999-07-16,70.2,89.1,79.8
1999-07-17,71.7,88.4,78.7
1999-07-18,67.3,82.1,74.6
1999-07-19,69.6,84.0,76.3
1999-07-20,66.1,82.7,74.7
1999-07-21,68.2,82.7,73.5
1999-07-22,71.5,86.4,78.2
1999-07-23,68.5,88.2,78.2
1999-07-24,73.1,90.6,80.6
1999-07-25,71.8,87.0,79.5
1999-07-26,67.6,86.0,75.9
1999-07-27,69.8,87.4,78.4
1999-07-28,65.3,88.2,77.3
1999-07-29,68.7,90.4,79.4
1999-07-30,72.9,94.5,83.6
1999-07-31,76.0,92.7,82.0
1999-08-01,69.4,81.9,75.5
1999-08-02,63.0,75.8,69.5
1999-08-03,57.7,79.7,70.3
1999-08-04,65.7,75.7,70.7
1999-08-05,62.0,75.4,68.3
1999-08-06,58.9,80.7,69.5
1999-08-07,62.9,78.9,69.9
1999-08-08,60.7,73.4,68.2
1999-08-09,55.0,73.2,64.3
1999-08-10,61.2,78.0,69.3
1999-08-11,61.7,80.6,71.2
1999-08-12,61.3,81.1,71.5
1999-08-13,68.5,83.9,75.0
1999-08-14,60.2,69.8,65.9
1999-08-15,55.2,75.6,65.6
1999-08-16,57.4,81.6,70.3
1999-08-17,68.2,83.3,75.2
1999-08-18,61.8,73.6,68.5
1999-08-19,61.2,68.5,64.9
1999-08-20,59.5,75.3,67.2
1999-08-21,57.8,77.4,68.2
1999-08-22,59.0,77.7,68.9
1999-08-23,62.9,72.9,67.5
1999-08-24,66.8,77.8,70.2
1999-08-25,65.1,73.8,68.8
1999-08-26,63.5,76.1,68.5
1999-08-27,63.0,80.8,71.7
1999-08-28,66.6,87.5,76.1
1999-08-29,58.2,71.0,65.3
1999-08-30,53.9,68.8,60.7
1999-08-31,53.9,75.0,63.6
1999-09-01,55.2,80.6,67.8
1999-09-02,59.9,84.7,72.0
1999-09-03,58.7,84.6,72.9
1999-09-04,61.1,86.7,73.3
1999-09-05,65.8,84.9,74.6
1999-09-06,66.1,83.9,74.6
1999-09-07,66.1,75.6,70.5
1999-09-08,61.0,84.7,72.7
1999-09-09,60.5,73.1,67.4
1999-09-10,53.7,66.7,60.6
1999-09-11,55.8,75.9,65.1
1999-09-12,58.5,84.2,72.0
1999-09-13,60.1,73.3,67.3
1999-09-14,52.9,65.5,59.4
1999-09-15,48.8,68.4,59.0
1999-09-16,52.4,65.9,58.8
1999-09-17,49.7,70.2,59.5
1999-09-18,48.1,73.4,61.2
1999-09-19,54.0,78.3,66.1
1999-09-20,55.8,66.3,62.4
1999-09-21,48.8,58.5,53.3
1999-09-22,39.5,66.2,54.3
1999-09-23,53.7,75.1,63.8
1999-09-24,53.3,66.9,60.0
1999-09-25,46.1,69.2,57.6
1999-09-26,55.0,83.7,68.7
1999-09-27,63.6,84.0,73.2
1999-09-28,66.0,82.2,72.6
1999-09-29,51.2,66.5,56.7
1999-09-30,47.4,62.9,55.2
1999-10-01,48.7,60.7,54.9
1999-10-02,46.7,61.0,51.9
1999-10-03,40.1,55.0,46.9
1999-10-04,43.7,52.5,47.6
1999-10-05,39.3,56.9,49.4
1999-10-06,41.5,52.9,48.3
1999-10-07,37.8,53.4,45.6
1999-10-08,47.4,59.9,54.5
1999-10-09,52.2,65.8,59.5
1999-10-10,51.5,71.7,62.0
1999-10-11,44.9,63.8,55.0
1999-10-12,42.7,64.2,53.9
1999-10-13,44.1,64.2,55.1
1999-10-14,37.8,52.9,45.3
1999-10-15,41.5,65.8,53.1
1999-10-16,56.3,74.3,63.3
1999-10-17,44.5,55.7,51.5
1999-10-18,37.2,52.6,45.0
1999-10-19,37.8,53.9,46.8
1999-10-20,40.6,51.1,46.0
1999-10-21,36.3,57.8,47.0
1999-10-22,40.5,54.5,48.3
1999-10-23,38.1,45.0,41.0
1999-10-24,34.5,46.1,39.9
1999-10-25,35.7,56.5,45.6
1999-10-26,44.0,57.1,50.2
1999-10-27,34.3,51.4,43.0
1999-10-28,40.1,68.6,52.2
1999-10-29,45.4,70.6,57.8
1999-10-30,52.6,71.8,61.6
1999-10-31,48.6,65.9,60.6
1999-11-01,46.2,72.1,58.8
1999-11-02,36.0,57.8,41.1
1999-11-03,34.2,40.7,37.1
1999-11-04,31.1,54.6,42.2
1999-11-05,45.8,62.3,52.2
1999-11-06,37.8,51.9,44.8
1999-11-07,32.4,48.0,39.6
1999-11-08,32.4,58.7,44.9
1999-11-09,51.3,69.9,60.1
1999-11-10,45.7,66.4,58.7
1999-11-11,36.8,43.8,40.1
1999-11-12,31.7,52.2,42.1
1999-11-13,37.5,60.5,48.9
1999-11-14,40.7,57.3,48.7
1999-11-15,37.1,43.9,40.0
1999-11-16,30.6,39.9,35.1
1999-11-17,26.6,40.3,32.3
1999-11-18,29.2,55.0,41.6
1999-11-19,45.9,60.5,51.7
1999-11-20,40.4,48.8,44.6
1999-11-21,39.5,51.5,45.7
1999-11-22,50.1,63.0,55.3
1999-11-23,48.9,65.3,56.7
1999-11-24,37.4,60.3,44.9
1999-11-25,33.2,44.4,38.5
1999-11-26,36.5,41.4,38.7
1999-11-27,35.2,46.8,40.2
1999-11-28,30.9,42.3,35.5
1999-11-29,28.8,37.0,33.0
1999-11-30,25.8,33.2,28.6
1999-12-01,22.5,37.0,28.9
1999-12-02,32.0,47.1,38.7
1999-12-03,44.0,56.3,51.0
1999-12-04,46.7,57.7,52.0
1999-12-05,34.8,55.4,49.2
1999-12-06,29.8,36.2,32.8
1999-12-07,25.8,37.6,31.2
1999-12-08,27.5,44.2,34.2
1999-12-09,33.1,49.8,40.2
1999-12-10,30.7,44.7,38.7
1999-12-11,26.4,36.6,30.6
1999-12-12,28.7,36.6,33.0
1999-12-13,28.9,40.3,34.6
1999-12-14,32.6,38.8,35.3
1999-12-15,34.2,41.9,37.0
1999-12-16,26.1,35.4,32.1
1999-12-17,22.4,29.6,25.6
1999-12-18,18.6,29.6,23.0
1999-12-19,21.6,39.8,30.9
1999-12-20,21.5,40.3,32.5
1999-12-21,18.0,22.2,20.0
1999-12-22,13.6,23.1,18.0
1999-12-23,15.2,21.0,17.7
1999-12-24,10.7,21.6,16.4
1999-12-25,14.6,27.8,21.3
1999-12-26,23.6,32.5,28.0
1999-12-27,14.5,26.0,21.6
1999-12-28,13.8,23.4,18.8
1999-12-29,16.1,37.1,27.2
1999-12-30,25.1,37.8,32.8
1999-12-31,20.9,37.3,28.8
2000-01-01,25.7,47.5,35.5
2000-01-02,36.4,56.3,48.8
2000-01-03,31.8,44.6,35.7
2000-01-04,27.0,50.2,35.5
2000-01-05,25.2,29.8,26.9
2000-01-06,24.3,37.5,29.7
2000-01-07,23.6,30.3,28.1
2000-01-08,22.8,43.3,32.1
2000-01-09,34.2,38.8,35.9
2000-01-10,35.3,44.5,40.2
2000-01-11,29.5,38.3,34.8
2000-01-12,26.2,32.9,28.7
2000-01-13,10.4,26.4,21.4
2000-01-14,5.1,24.3,14.8
2000-01-15,17.5,35.1,26.1
2000-01-16,13.1,35.1,26.8
2000-01-17,8.1,15.8,12.0
2000-01-18,13.7,25.2,20.2
2000-01-19,10.3,26.5,19.5
2000-01-20,3.9,21.5,14.1
2000-01-21,-4.5,12.7,3.6
2000-01-22,-7.3,15.6,4.8
2000-01-23,12.9,28.4,21.6
2000-01-24,-2.7,18.3,9.3
2000-01-25,-3.9,22.7,10.4
2000-01-26,-1.3,12.5,5.2
2000-01-27,-6.3,13.3,1.9
2000-01-28,-0.1,26.6,11.9
2000-01-29,6.8,25.7,16.5
2000-01-30,19.0,31.9,24.8
2000-01-31,17.0,27.9,21.5
2000-02-01,14.7,26.4,21.9
2000-02-02,2.6,26.9,15.9
2000-02-03,20.6,34.6,28.9
2000-02-04,13.2,29.6,25.4
2000-02-05,9.1,31.5,20.6
2000-02-06,1.2,27.4,18.1
2000-02-07,11.8,32.0,25.8
2000-02-08,8.2,27.7,19.0
2000-02-09,24.4,42.5,34.5
2000-02-10,21.0,35.9,31.0
2000-02-11,14.5,32.4,24.0
2000-02-12,8.5,25.6,18.6
2000-02-13,16.8,28.7,23.7
2000-02-14,19.0,27.5,24.1
2000-02-15,16.6,34.9,26.2
2000-02-16,21.3,37.9,31.1
2000-02-17,10.0,26.7,21.4
2000-02-18,22.8,27.6,25.4
2000-02-19,15.8,31.3,24.3
2000-02-20,22.4,31.7,26.5
2000-02-21,11.4,37.7,26.3
2000-02-22,36.0,46.4,40.7
2000-02-23,42.6,62.7,50.8
2000-02-24,45.2,55.9,50.0
2000-02-25,44.0,62.2,51.1
2000-02-26,50.1,67.0,58.3
2000-02-27,38.3,57.9,47.7
2000-02-28,29.9,49.2,39.5
2000-02-29,27.9,54.8,40.3
2000-03-01,35.4,52.5,45.4
2000-03-02,29.6,39.3,33.7
2000-03-03,23.9,46.0,33.6
2000-03-04,25.1,53.2,38.5
2000-03-05,27.9,57.6,42.0
2000-03-06,29.7,53.8,40.3
2000-03-07,33.8,70.0,52.9
2000-03-08,55.2,73.8,63.2
2000-03-09,31.5,63.6,53.1
2000-03-10,26.0,34.6,28.8
2000-03-11,24.1,36.5,28.5
2000-03-12,24.1,40.5,31.3
2000-03-13,27.8,43.1,33.6
2000-03-14,32.8,51.5,41.4
2000-03-15,39.5,59.1,48.2
2000-03-16,24.9,50.7,33.1
2000-03-17,21.8,33.2,26.7
2000-03-18,21.5,37.7,29.2
2000-03-19,32.1,41.3,36.6
2000-03-20,41.1,44.7,42.5
2000-03-21,39.1,51.9,43.9
2000-03-22,34.8,56.6,46.1
2000-03-23,36.0,61.9,48.9
2000-03-24,39.1,62.8,50.5
2000-03-25,46.9,60.2,54.6
2000-03-26,39.7,55.9,47.5
2000-03-27,39.1,51.0,46.0
2000-03-28,33.2,48.6,39.9
2000-03-29,32.0,48.9,39.9
2000-03-30,29.7,50.3,39.5
2000-03-31,28.6,56.1,42.7
2000-04-01,35.8,61.4,48.9
2000-04-02,44.3,54.7,49.5
2000-04-03,45.8,60.3,52.0
2000-04-04,32.6,46.8,39.2
2000-04-05,27.2,51.0,39.2
2000-04-06,40.5,53.5,48.2
2000-04-07,33.9,52.6,40.7
2000-04-08,29.6,40.4,34.8
2000-04-09,24.9,48.7,36.2
2000-04-10,27.4,42.4,35.1
2000-04-11,29.8,38.8,34.9
2000-04-12,24.6,44.8,35.2
2000-04-13,27.7,49.5,39.9
2000-04-14,34.5,67.8,52.7
2000-04-15,51.2,71.5,61.2
2000-04-16,44.6,60.0,51.3
2000-04-17,42.7,52.1,46.7
2000-04-18,40.7,59.4,49.5
2000-04-19,48.6,58.4,52.6
2000-04-20,47.4,61.1,53.0
2000-04-21,40.5,52.2,46.3
2000-04-22,40.6,57.4,47.3
2000-04-23,34.2,61.4,48.5
2000-04-24,42.2,61.9,51.1
2000-04-25,39.2,58.8,48.0
2000-04-26,35.5,61.2,48.3
2000-04-27,34.7,58.1,47.6
2000-04-28,37.2,61.6,50.2
2000-04-29,38.6,66.7,53.3
2000-04-30,38.3,64.5,52.1
2000-05-01,49.5,60.6,55.0
2000-05-02,41.3,64.8,53.9
2000-05-03,43.4,67.6,57.1
2000-05-04,52.5,76.9,64.8
2000-05-05,61.3,78.5,69.7
2000-05-06,61.8,80.6,71.7
2000-05-07,65.2,80.8,72.1
2000-05-08,66.0,81.2,72.8
2000-05-09,63.9,74.9,69.9
2000-05-10,48.6,65.4,58.6
2000-05-11,47.1,69.8,59.8
2000-05-12,66.7,81.5,72.6
2000-05-13,50.3,68.1,61.0
2000-05-14,46.2,54.8,50.4
2000-05-15,42.3,62.2,52.6
2000-05-16,44.0,53.8,50.3
2000-05-17,49.2,73.2,61.5
2000-05-18,48.5,67.4,58.8
2000-05-19,45.6,52.4,49.0
2000-05-20,45.3,63.1,53.6
2000-05-21,46.9,65.8,56.8
2000-05-22,50.6,68.0,59.8
2000-05-23,57.8,72.0,63.4
2000-05-24,55.9,74.6,65.3
2000-05-25,53.3,66.2,59.9
2000-05-26,45.8,72.6,60.6
2000-05-27,57.2,63.1,59.2
2000-05-28,52.1,60.5,56.5
2000-05-29,47.4,69.0,58.0
2000-05-30,52.3,71.2,62.6
2000-05-31,61.2,79.7,69.1
2000-06-01,64.4,82.7,72.1
2000-06-02,55.3,73.5,67.1
2000-06-03,49.4,60.9,55.5
2000-06-04,47.8,65.5,57.3
2000-06-05,50.8,57.3,54.6
2000-06-06,48.1,67.5,58.3
2000-06-07,51.3,73.8,63.3
2000-06-08,60.6,80.2,69.9
2000-06-09,67.1,83.7,74.7
2000-06-10,66.5,85.8,76.7
2000-06-11,69.0,78.0,74.0
2000-06-12,61.7,68.6,64.2
2000-06-13,65.9,80.4,73.3
2000-06-14,69.4,84.5,74.7
2000-06-15,65.8,74.3,69.6
2000-06-16,64.9,78.7,71.1
2000-06-17,60.2,73.2,67.0
2000-06-18,56.8,66.4,60.7
2000-06-19,51.4,75.5,64.9
2000-06-20,57.8,76.6,68.6
2000-06-21,67.7,77.9,72.5
2000-06-22,64.0,74.6,68.9
2000-06-23,57.3,76.2,68.5
2000-06-24,64.0,77.4,69.8
2000-06-25,66.8,81.0,73.6
2000-06-26,62.4,81.4,71.1
2000-06-27,58.7,73.8,67.4
2000-06-28,55.0,71.8,63.7
2000-06-29,57.3,70.2,63.6
2000-06-30,54.1,73.5,64.8
2000-07-01,55.9,77.9,68.1
2000-07-02,62.0,80.3,71.2
2000-07-03,66.5,76.6,70.1
2000-07-04,63.3,80.3,71.2
2000-07-05,61.0,78.2,71.0
2000-07-06,60.1,72.0,65.8
2000-07-07,55.9,72.4,64.6
2000-07-08,56.0,70.4,63.6
2000-07-09,62.2,80.5,70.3
2000-07-10,66.0,78.3,72.2
2000-07-11,60.3,76.1,68.3
2000-07-12,56.6,74.6,66.1
2000-07-13,55.8,79.6,69.0
2000-07-14,64.9,74.5,68.5
2000-07-15,61.1,74.0,67.3
2000-07-16,60.8,74.9,68.2
2000-07-17,61.1,83.4,72.1
2000-07-18,60.2,68.4,64.8
2000-07-19,59.1,70.2,64.3
2000-07-20,55.3,73.7,65.3
2000-07-21,58.8,68.9,63.9
2000-07-22,53.2,68.8,62.0
2000-07-23,57.7,70.1,63.8
2000-07-24,54.0,73.2,64.7
2000-07-25,54.4,76.2,66.7
2000-07-26,61.4,77.6,70.7
2000-07-27,62.9,81.1,72.3
2000-07-28,65.0,78.7,70.9
2000-07-29,63.3,76.7,69.7
2000-07-30,66.9,74.3,69.4
2000-07-31,65.0,78.1,70.6
2000-08-01,64.4,76.6,69.7
2000-08-02,64.1,77.8,70.0
2000-08-03,61.7,71.9,66.5
2000-08-04,55.5,74.1,65.2
2000-08-05,58.7,75.7,67.6
2000-08-06,61.6,82.8,72.5
2000-08-07,69.1,80.7,75.0
2000-08-08,67.4,80.5,72.8
2000-08-09,69.3,82.4,74.7
2000-08-10,63.2,76.6,70.0
2000-08-11,61.8,74.8,68.3
2000-08-12,57.5,77.4,67.5
2000-08-13,58.1,75.8,68.2
2000-08-14,61.1,80.4,71.3
2000-08-15,67.0,86.0,76.7
2000-08-16,60.1,73.7,68.1
2000-08-17,58.7,64.7,61.9
2000-08-18,60.3,71.2,65.2
2000-08-19,54.4,67.9,61.1
2000-08-20,49.6,68.2,59.5
2000-08-21,51.6,69.6,60.8
2000-08-22,53.9,78.7,67.2
2000-08-23,67.2,77.7,71.9
2000-08-24,63.3,77.6,69.9
2000-08-25,56.5,79.7,69.3
2000-08-26,64.8,79.2,70.9
2000-08-27,62.2,75.1,68.8
2000-08-28,63.9,76.9,70.0
2000-08-29,64.8,81.2,72.7
2000-08-30,69.3,81.1,74.6
2000-08-31,67.8,82.9,75.0
2000-09-01,66.6,86.3,76.8
2000-09-02,66.7,83.8,75.3
2000-09-03,65.6,82.8,74.4
2000-09-04,57.1,72.8,65.2
2000-09-05,53.2,62.2,57.1
2000-09-06,50.7,68.1,58.9
2000-09-07,52.6,76.7,65.2
2000-09-08,68.2,78.3,72.3
2000-09-09,65.4,79.7,72.3
2000-09-10,68.4,76.6,70.7
2000-09-11,68.1,80.2,72.8
2000-09-12,59.5,72.8,67.9
2000-09-13,51.5,70.1,61.7
2000-09-14,54.0,63.2,58.4
2000-09-15,49.6,59.1,54.2
2000-09-16,44.9,58.9,52.2
2000-09-17,50.2,71.2,60.0
2000-09-18,50.5,73.8,62.9
2000-09-19,58.4,77.9,67.2
2000-09-20,53.5,75.8,66.7
2000-09-21,48.5,56.9,53.7
2000-09-22,46.0,61.2,53.7
2000-09-23,57.7,71.2,65.4
2000-09-24,48.6,58.5,53.7
2000-09-25,43.0,54.1,49.6
2000-09-26,43.3,63.0,53.1
2000-09-27,48.8,68.2,56.9
2000-09-28,44.0,54.8,49.5
2000-09-29,41.5,62.7,51.3
2000-09-30,46.6,69.0,57.4
2000-10-01,52.8,72.9,62.4
2000-10-02,59.1,74.5,65.7
2000-10-03,55.4,69.3,61.6
2000-10-04,49.6,64.2,56.3
2000-10-05,48.5,57.7,52.1
2000-10-06,41.3,53.4,48.6
2000-10-07,35.5,46.4,40.4
2000-10-08,36.9,45.2,40.0
2000-10-09,36.9,51.3,43.9
2000-10-10,40.9,59.3,48.6
2000-10-11,43.9,64.8,52.5
2000-10-12,40.9,65.2,53.1
2000-10-13,53.5,69.5,59.9
2000-10-14,57.1,70.8,61.9
2000-10-15,52.4,65.5,58.7
2000-10-16,48.7,60.7,54.5
2000-10-17,47.3,61.2,54.5
2000-10-18,44.6,63.2,53.5
2000-10-19,47.4,65.5,55.0
2000-10-20,51.3,69.3,59.0
2000-10-21,50.4,67.2,58.8
2000-10-22,46.0,61.6,52.2
2000-10-23,46.0,65.2,55.4
2000-10-24,58.6,67.2,62.1
2000-10-25,56.6,64.0,59.6
2000-10-26,57.4,70.2,62.1
2000-10-27,54.7,71.1,63.3
2000-10-28,38.9,53.4,47.3
2000-10-29,32.9,53.7,42.8
2000-10-30,33.4,57.6,44.7
2000-10-31,34.4,58.0,44.1
2000-11-01,37.6,58.5,46.9
2000-11-02,46.4,64.9,54.5
2000-11-03,47.0,61.1,54.2
2000-11-04,38.6,50.5,44.7
2000-11-05,34.9,53.3,43.1
2000-11-06,35.4,51.7,44.0
2000-11-07,45.0,59.2,51.2
2000-11-08,45.8,56.5,50.6
2000-11-09,49.1,62.5,56.2
2000-11-10,44.5,48.7,46.2
2000-11-11,37.4,46.0,42.1
2000-11-12,36.6,44.1,40.5
2000-11-13,34.2,43.2,40.2
2000-11-14,31.8,38.2,34.1
2000-11-15,31.2,37.3,33.3
2000-11-16,30.1,44.9,36.1
2000-11-17,29.5,36.7,33.4
2000-11-18,26.4,31.0,29.1
2000-11-19,25.8,37.5,31.5
2000-11-20,25.2,32.8,29.4
2000-11-21,19.5,29.2,24.8
2000-11-22,18.7,30.6,23.1
2000-11-23,18.2,30.6,23.8
2000-11-24,22.0,37.3,28.4
2000-11-25,25.9,39.8,34.0
2000-11-26,38.3,45.3,41.2
2000-11-27,37.0,40.9,38.8
2000-11-28,31.7,38.0,35.1
2000-11-29,28.1,37.6,32.2
2000-11-30,26.6,38.8,31.6
2000-12-01,25.3,35.2,29.9
2000-12-02,23.7,31.2,26.7
2000-12-03,21.6,33.3,25.8
2000-12-04,20.2,34.7,27.3
2000-12-05,15.7,31.6,24.0
2000-12-06,14.4,22.6,18.6
2000-12-07,17.0,24.4,21.0
2000-12-08,18.7,28.9,23.5
2000-12-09,11.9,26.4,19.5
2000-12-10,22.7,32.5,27.9
2000-12-11,25.3,28.4,27.4
2000-12-12,11.3,25.2,17.9
2000-12-13,1.0,23.0,11.7
2000-12-14,20.7,25.2,23.2
2000-12-15,12.0,27.8,19.1
2000-12-16,28.0,38.7,34.5
2000-12-17,7.1,33.9,25.2
2000-12-18,1.3,9.8,5.9
2000-12-19,10.6,16.9,14.0
2000-12-20,3.8,18.7,10.3
2000-12-21,-1.0,23.5,13.8
2000-12-22,-5.9,7.2,-0.2
2000-12-23,-3.2,16.3,5.9
2000-12-24,9.6,21.4,16.7
2000-12-25,-2.4,16.0,6.0
2000-12-26,3.3,17.6,10.2
2000-12-27,7.9,21.3,16.7
2000-12-28,-3.1,13.5,5.0
2000-12-29,10.7,19.6,15.8
2000-12-30,15.8,24.6,19.4
2000-12-31,12.3,22.1,16.8
2001-01-01,5.1,21.0,11.6
2001-01-02,0.9,22.9,11.2
2001-01-03,7.2,22.6,14.8
2001-01-04,16.7,26.8,22.3
2001-01-05,26.1,36.0,31.8
2001-01-06,17.3,30.6,24.3
2001-01-07,23.9,34.8,29.1
2001-01-08,10.9,25.9,19.6
2001-01-09,0.6,26.0,13.8
2001-01-10,19.8,34.5,26.0
2001-01-11,26.1,37.4,30.2
2001-01-12,25.9,34.3,29.5
2001-01-13,22.5,32.5,27.2
2001-01-14,25.8,36.0,30.6
2001-01-15,32.6,36.3,35.1
2001-01-16,28.3,33.8,31.8
2001-01-17,23.3,30.6,26.8
2001-01-18,22.9,29.8,26.1
2001-01-19,12.8,27.6,23.1
2001-01-20,2.0,20.7,11.2
2001-01-21,10.0,23.5,16.3
2001-01-22,14.5,30.6,22.2
2001-01-23,23.2,36.3,29.3
2001-01-24,21.4,29.8,25.5
2001-01-25,9.2,26.8,17.2
2001-01-26,14.5,31.1,22.8
2001-01-27,17.6,28.0,23.3
2001-01-28,13.6,27.5,20.0
2001-01-29,16.6,36.2,28.3
2001-01-30,33.3,42.7,38.3
2001-01-31,31.1,36.9,33.3
2001-02-01,27.1,33.7,30.2
2001-02-02,8.0,27.3,15.7
2001-02-03,6.0,24.4,15.8
2001-02-04,24.9,36.6,31.2
2001-02-05,28.2,35.5,31.8
2001-02-06,26.3,34.4,30.2
2001-02-07,13.7,34.0,26.0
2001-02-08,27.5,44.7,35.4
2001-02-09,26.6,55.5,49.3
2001-02-10,17.2,24.0,20.6
2001-02-11,15.0,25.0,19.4
2001-02-12,18.8,39.7,27.6
2001-02-13,25.0,41.9,33.2
2001-02-14,31.2,38.8,34.7
2001-02-15,24.4,33.3,28.3
2001-02-16,21.6,36.2,29.5
2001-02-17,12.3,22.0,17.4
2001-02-18,11.3,27.1,18.8
2001-02-19,23.9,43.1,32.8
2001-02-20,24.2,41.0,33.4
2001-02-21,13.5,23.0,18.9
2001-02-22,17.5,29.0,23.0
2001-02-23,21.0,31.8,26.7
2001-02-24,21.2,41.5,28.2
2001-02-25,30.3,54.9,44.5
2001-02-26,28.0,41.6,33.2
2001-02-27,22.0,35.2,29.0
2001-02-28,17.9,30.7,23.3
2001-03-01,22.0,39.7,29.1
2001-03-02,29.0,46.0,35.4
2001-03-03,25.5,43.0,33.5
2001-03-04,24.2,42.7,31.9
2001-03-05,18.9,27.9,23.4
2001-03-06,20.2,32.1,26.1
2001-03-07,24.4,40.5,30.7
2001-03-08,26.7,36.3,30.7
2001-03-09,26.1,35.4,29.8
2001-03-10,22.5,42.9,32.8
2001-03-11,26.9,39.8,34.5
2001-03-12,23.0,44.5,32.1
2001-03-13,32.2,44.8,38.4
2001-03-14,30.6,48.6,38.3
2001-03-15,29.0,44.2,37.1
2001-03-16,29.0,34.4,31.2
2001-03-17,19.3,32.4,27.5
2001-03-18,17.1,41.7,28.8
2001-03-19,24.8,45.2,34.9
2001-03-20,28.4,49.4,37.7
2001-03-21,27.7,53.2,39.5
2001-03-22,30.5,52.7,40.0
2001-03-23,32.1,50.5,40.4
2001-03-24,24.2,36.0,30.3
2001-03-25,16.2,27.4,23.0
2001-03-26,13.1,28.4,21.0
2001-03-27,21.0,37.2,29.1
2001-03-28,25.6,44.4,34.9
2001-03-29,31.4,43.0,36.2
2001-03-30,31.3,48.5,39.5
2001-03-31,32.3,46.9,38.9
2001-04-01,32.4,38.8,35.3
2001-04-02,28.0,51.6,39.5
2001-04-03,34.9,51.2,41.1
2001-04-04,27.1,52.9,40.1
2001-04-05,29.4,57.0,43.3
2001-04-06,43.4,66.9,57.5
2001-04-07,44.3,72.4,58.5
2001-04-08,54.0,72.1,64.2
2001-04-09,42.1,53.8,48.3
2001-04-10,40.7,53.2,46.8
2001-04-11,44.2,64.1,52.0
2001-04-12,50.6,67.1,60.7
2001-04-13,43.0,59.3,50.2
2001-04-14,34.4,58.5,47.8
2001-04-15,38.0,45.6,41.9
2001-04-16,31.6,44.3,38.7
2001-04-17,27.9,41.7,34.2
2001-04-18,28.5,49.6,38.6
2001-04-19,31.5,55.4,43.6
2001-04-20,43.8,57.7,49.7
2001-04-21,56.6,73.5,63.6
2001-04-22,54.0,66.9,60.7
2001-04-23,56.6,75.3,66.9
2001-04-24,42.0,54.9,47.6
2001-04-25,33.0,56.0,45.6
2001-04-26,36.7,63.1,51.5
2001-04-27,44.2,63.6,55.0
2001-04-28,34.2,58.8,47.4
2001-04-29,35.1,61.4,49.1
2001-04-30,40.7,74.0,58.0
2001-05-01,53.8,77.3,65.6
2001-05-02,58.2,78.4,68.3
2001-05-03,59.5,80.2,69.9
2001-05-04,56.3,79.3,67.7
2001-05-05,51.5,64.8,57.9
2001-05-06,52.2,66.7,58.6
2001-05-07,57.7,73.3,64.3
2001-05-08,54.2,70.4,62.1
2001-05-09,54.2,73.0,63.5
2001-05-10,55.6,76.3,66.1
2001-05-11,57.7,69.9,64.3
2001-05-12,47.0,60.2,53.6
2001-05-13,39.7,63.2,52.4
2001-05-14,45.6,66.7,57.2
2001-05-15,52.6,64.0,57.4
2001-05-16,55.2,66.6,60.2
2001-05-17,58.5,78.7,68.3
2001-05-18,56.9,71.1,65.8
2001-05-19,51.3,74.1,62.8
2001-05-20,49.5,72.4,62.2
2001-05-21,59.8,72.3,65.0
2001-05-22,51.3,64.1,58.7
2001-05-23,46.5,61.1,53.4
2001-05-24,49.3,59.4,54.0
2001-05-25,44.7,62.2,52.8
2001-05-26,44.9,59.6,52.9
2001-05-27,50.5,57.4,53.3
2001-05-28,50.5,67.4,58.2
2001-05-29,51.2,63.3,57.5
2001-05-30,45.3,62.5,54.1
2001-05-31,44.3,64.1,55.1
2001-06-01,50.2,61.8,56.0
2001-06-02,48.3,64.2,53.6
2001-06-03,48.7,61.2,54.6
2001-06-04,49.2,61.4,56.1
2001-06-05,50.9,63.6,58.2
2001-06-06,54.8,60.4,57.5
2001-06-07,49.7,71.2,61.1
2001-06-08,49.2,74.2,62.9
2001-06-09,52.2,75.1,64.6
2001-06-10,59.2,77.4,68.6
2001-06-11,64.0,81.0,72.1
2001-06-12,63.3,84.0,73.3
2001-06-13,64.4,85.4,75.5
2001-06-14,65.8,87.3,78.0
2001-06-15,66.8,86.4,76.2
2001-06-16,61.2,78.7,70.2
2001-06-17,62.3,78.1,69.9
2001-06-18,60.1,82.4,72.3
2001-06-19,70.6,85.9,77.1
2001-06-20,65.0,75.2,70.5
2001-06-21,58.9,68.5,63.2
2001-06-22,58.5,69.5,63.7
2001-06-23,55.0,71.2,64.1
2001-06-24,56.1,78.6,68.5
2001-06-25,58.6,80.9,71.0
2001-06-26,63.0,80.8,72.4
2001-06-27,63.9,81.9,74.1
2001-06-28,65.2,82.9,74.7
2001-06-29,64.1,83.1,74.9
2001-06-30,68.1,82.9,75.8
2001-07-01,56.0,73.1,67.4
2001-07-02,49.3,67.7,59.2
2001-07-03,57.7,74.4,66.2
2001-07-04,64.3,80.0,71.0
2001-07-05,59.2,70.1,64.9
2001-07-06,49.9,73.8,63.8
2001-07-07,60.8,76.5,67.7
2001-07-08,70.9,85.0,77.0
2001-07-09,64.6,84.8,75.9
2001-07-10,67.6,84.7,76.4
2001-07-11,58.6,73.4,67.1
2001-07-12,57.6,74.1,66.5
2001-07-13,54.0,74.7,65.2
2001-07-14,57.6,79.8,69.0
2001-07-15,59.6,84.4,73.2
2001-07-16,62.7,84.4,75.6
2001-07-17,66.6,83.8,74.6
2001-07-18,64.5,82.6,74.9
2001-07-19,68.7,85.8,77.2
2001-07-20,68.0,87.2,78.0
2001-07-21,69.1,88.0,77.2
2001-07-22,69.0,87.6,78.5
2001-07-23,71.9,89.0,80.8
2001-07-24,74.6,91.1,82.4
2001-07-25,66.2,77.4,70.7
2001-07-26,61.2,76.8,69.3
2001-07-27,56.9,74.0,65.6
2001-07-28,61.0,79.5,70.7
2001-07-29,66.0,82.5,74.2
2001-07-30,65.5,83.9,74.5
2001-07-31,65.9,87.5,77.7
2001-08-01,68.9,90.7,80.6
2001-08-02,73.6,85.6,78.5
2001-08-03,71.2,85.5,77.1
2001-08-04,64.2,85.6,75.3
2001-08-05,64.0,87.7,76.7
2001-08-06,65.5,90.9,79.4
2001-08-07,73.0,91.6,82.2
2001-08-08,73.0,96.0,84.6
2001-08-09,75.6,90.4,81.8
2001-08-10,69.2,82.0,76.0
2001-08-11,62.4,79.7,71.7
2001-08-12,67.4,78.3,72.6
2001-08-13,64.9,77.9,71.2
2001-08-14,56.8,76.2,67.1
2001-08-15,54.0,79.2,69.7
2001-08-16,65.1,70.3,68.0
2001-08-17,62.3,76.0,68.8
2001-08-18,59.8,76.9,68.8
2001-08-19,62.5,72.9,66.7
2001-08-20,61.6,72.6,66.3
2001-08-21,57.7,76.6,67.9
2001-08-22,62.0,73.2,67.6
2001-08-23,66.1,77.1,70.8
2001-08-24,64.6,77.8,70.6
2001-08-25,64.8,81.4,73.1
2001-08-26,66.2,78.3,73.1
2001-08-27,61.1,80.4,71.7
2001-08-28,63.2,77.5,70.5
2001-08-29,58.6,77.0,67.8
2001-08-30,60.0,84.1,72.0
2001-08-31,63.3,77.6,70.6
2001-09-01,57.1,66.9,62.1
2001-09-02,56.0,74.1,64.6
2001-09-03,57.7,80.0,69.2
2001-09-04,61.2,73.5,68.4
2001-09-05,52.5,71.9,62.5
2001-09-06,53.6,79.3,66.5
2001-09-07,65.2,85.5,74.4
2001-09-08,70.3,85.0,75.9
2001-09-09,65.9,79.9,72.5
2001-09-10,57.6,72.8,65.2
2001-09-11,55.3,72.7,63.6
2001-09-12,55.8,78.1,66.4
2001-09-13,51.3,67.2,60.1
2001-09-14,47.7,61.6,54.6
2001-09-15,48.5,64.3,56.2
2001-09-16,46.8,67.8,57.7
2001-09-17,50.0,71.4,60.8
2001-09-18,55.3,71.7,63.8
2001-09-19,62.0,67.6,63.8
2001-09-20,58.4,67.9,63.0
2001-09-21,53.6,65.7,59.5
2001-09-22,52.3,69.4,61.1
2001-09-23,54.2,72.5,62.6
2001-09-24,45.8,58.5,49.7
2001-09-25,40.2,46.7,42.9
2001-09-26,41.8,51.3,47.6
2001-09-27,44.1,57.0,50.6
2001-09-28,49.1,60.0,53.9
2001-09-29,46.0,65.3,54.9
2001-09-30,42.4,68.0,54.9
2001-10-01,49.3,71.3,59.7
2001-10-02,55.9,72.2,63.7
2001-10-03,59.5,76.0,67.0
2001-10-04,52.5,65.7,60.2
2001-10-05,44.2,51.6,47.7
2001-10-06,38.9,47.8,43.4
2001-10-07,33.4,46.6,40.2
2001-10-08,32.6,53.1,42.9
2001-10-09,43.8,65.8,54.1
2001-10-10,51.0,66.7,58.7
2001-10-11,55.0,63.7,58.8
2001-10-12,54.2,66.5,59.4
2001-10-13,49.7,69.2,60.9
2001-10-14,49.4,66.0,57.3
2001-10-15,45.5,55.9,50.3
2001-10-16,37.2,47.7,42.1
2001-10-17,37.3,46.8,41.8
2001-10-18,31.4,55.7,44.1
2001-10-19,43.8,54.8,48.7
2001-10-20,42.4,62.8,51.6
2001-10-21,44.9,62.2,55.8
2001-10-22,43.5,60.3,52.1
2001-10-23,54.0,66.5,61.1
2001-10-24,49.2,68.5,61.9
2001-10-25,37.8,49.4,41.2
2001-10-26,35.6,43.1,38.7
2001-10-27,31.0,41.9,36.8
2001-10-28,27.5,47.3,37.8
2001-10-29,40.5,57.0,48.5
2001-10-30,40.9,48.1,44.2
2001-10-31,41.8,63.8,52.6
2001-11-01,54.7,64.0,59.3
2001-11-02,48.8,62.9,58.1
2001-11-03,42.9,56.2,48.4
2001-11-04,41.9,56.9,48.0
2001-11-05,33.6,46.8,39.9
2001-11-06,30.6,54.9,42.3
2001-11-07,44.4,60.0,52.4
2001-11-08,40.7,60.5,50.2
2001-11-09,32.2,48.2,40.7
2001-11-10,39.4,55.2,45.8
2001-11-11,30.7,42.5,38.4
2001-11-12,28.4,48.7,37.7
2001-11-13,34.5,55.1,43.9
2001-11-14,47.0,59.6,51.9
2001-11-15,51.5,64.9,57.6
2001-11-16,43.3,59.1,53.3
2001-11-17,36.2,54.4,44.0
2001-11-18,40.5,58.1,49.7
2001-11-19,36.8,54.7,47.8
2001-11-20,31.0,40.2,35.6
2001-11-21,31.3,47.1,38.3
2001-11-22,34.2,50.2,41.3
2001-11-23,35.4,54.1,44.6
2001-11-24,47.5,59.9,54.0
2001-11-25,45.0,58.3,51.2
2001-11-26,37.0,47.2,42.7
2001-11-27,41.3,55.8,47.3
2001-11-28,38.2,42.5,40.4
2001-11-29,41.1,42.9,41.7
2001-11-30,41.5,53.2,46.0
2001-12-01,38.7,45.4,42.5
2001-12-02,30.0,47.1,39.2
2001-12-03,41.9,54.8,46.3
2001-12-04,43.2,57.7,51.8
2001-12-05,54.5,64.7,59.3
2001-12-06,33.8,59.6,46.6
2001-12-07,31.1,47.3,38.9
2001-12-08,33.7,42.1,37.4
2001-12-09,31.4,36.7,33.4
2001-12-10,28.7,42.5,34.1
2001-12-11,27.0,44.7,34.5
2001-12-12,33.5,45.7,40.1
2001-12-13,43.0,48.7,46.5
2001-12-14,33.5,42.6,37.9
2001-12-15,33.0,40.2,35.8
2001-12-16,35.1,41.0,38.1
2001-12-17,39.9,42.0,40.5
2001-12-18,34.8,43.5,38.2
2001-12-19,29.8,41.6,35.4
2001-12-20,28.8,36.6,31.6
2001-12-21,24.2,36.8,29.1
2001-12-22,26.1,42.3,34.0
2001-12-23,26.5,44.6,36.4
2001-12-24,21.9,28.6,24.8
2001-12-25,19.1,26.2,21.9
2001-12-26,14.9,24.2,19.1
2001-12-27,15.0,27.5,21.6
2001-12-28,19.0,28.1,24.4
2001-12-29,16.4,25.0,19.8
2001-12-30,13.9,23.3,18.1
2001-12-31,17.1,24.2,20.5
2002-01-01,16.4,29.5,21.5
2002-01-02,12.3,29.3,20.7
2002-01-03,18.2,28.1,22.4
2002-01-04,19.8,34.2,26.4
2002-01-05,30.1,37.3,32.4
2002-01-06,28.0,34.7,31.2
2002-01-07,15.1,26.5,21.9
2002-01-08,16.5,33.6,26.6
2002-01-09,33.0,47.4,39.1
2002-01-10,33.3,42.9,37.2
2002-01-11,30.7,37.8,34.5
2002-01-12,28.6,40.5,32.9
2002-01-13,26.9,37.6,31.0
2002-01-14,30.4,45.3,35.4
2002-01-15,28.8,36.8,33.0
2002-01-16,26.8,33.5,30.1
2002-01-17,23.1,33.3,27.3
2002-01-18,15.0,25.0,21.8
2002-01-19,14.1,27.5,20.0
2002-01-20,21.5,33.3,26.9
2002-01-21,23.5,37.3,29.7
2002-01-22,24.9,46.7,34.8
2002-01-23,38.9,47.8,43.5
2002-01-24,28.0,42.4,33.5
2002-01-25,27.0,43.0,34.7
2002-01-26,33.2,48.1,39.5
2002-01-27,34.9,52.7,42.4
2002-01-28,36.9,53.9,43.7
2002-01-29,32.5,43.3,38.6
2002-01-30,26.8,32.2,29.7
2002-01-31,25.9,30.7,28.5
2002-02-01,18.0,43.1,31.0
2002-02-02,14.1,31.1,22.3
2002-02-03,23.9,35.7,28.9
2002-02-04,3.0,25.7,14.1
2002-02-05,0.0,30.2,17.8
2002-02-06,17.2,37.9,27.8
2002-02-07,25.2,39.3,31.1
2002-02-08,19.2,45.0,32.3
2002-02-09,28.0,44.9,34.8
2002-02-10,25.3,50.1,38.5
2002-02-11,18.0,31.5,25.4
2002-02-12,24.9,39.7,34.5
2002-02-13,17.1,30.8,23.6
2002-02-14,25.0,43.0,32.6
2002-02-15,33.1,46.7,38.3
2002-02-16,27.7,38.8,33.5
2002-02-17,21.7,31.5,26.5
2002-02-18,21.3,42.2,30.0
2002-02-19,31.3,43.1,37.7
2002-02-20,40.4,50.6,46.0
2002-02-21,27.5,40.2,34.6
2002-02-22,23.2,33.2,27.3
2002-02-23,20.2,37.7,28.8
2002-02-24,28.8,51.9,39.3
2002-02-25,35.2,56.0,45.5
2002-02-26,20.3,33.4,28.0
2002-02-27,14.5,26.8,20.9
2002-02-28,8.1,24.3,17.2
2002-03-01,20.9,33.4,25.9
2002-03-02,24.4,40.8,34.2
2002-03-03,14.3,39.6,26.3
2002-03-04,10.5,15.8,13.0
2002-03-05,7.4,31.5,21.2
2002-03-06,23.4,50.2,35.1
2002-03-07,28.0,33.4,30.3
2002-03-08,29.9,63.5,48.6
2002-03-09,26.2,55.9,46.6
2002-03-10,19.4,25.7,22.0
2002-03-11,20.7,38.2,29.6
2002-03-12,27.4,48.2,37.6
2002-03-13,33.4,58.4,44.4
2002-03-14,32.0,47.0,40.1
2002-03-15,34.3,61.6,47.6
2002-03-16,26.0,40.7,32.4
2002-03-17,25.6,39.4,32.7
2002-03-18,34.0,50.2,40.4
2002-03-19,30.2,43.4,36.2
2002-03-20,31.4,45.9,38.8
2002-03-21,18.0,36.0,27.1
2002-03-22,17.8,28.0,23.1
2002-03-23,24.9,44.5,33.1
2002-03-24,25.9,38.6,32.2
2002-03-25,20.4,27.4,23.6
2002-03-26,23.2,36.7,28.1
2002-03-27,14.3,42.6,28.3
2002-03-28,22.3,40.4,31.9
2002-03-29,29.9,50.3,40.3
2002-03-30,34.2,52.3,42.2
2002-03-31,28.2,52.2,39.7
2002-04-01,27.2,42.6,35.2
2002-04-02,32.7,51.1,39.4
2002-04-03,29.8,40.9,34.3
2002-04-04,23.9,37.6,31.7
2002-04-05,27.4,38.3,32.2
2002-04-06,23.6,39.7,30.9
2002-04-07,25.0,47.8,37.5
2002-04-08,42.3,57.5,48.0
2002-04-09,39.4,57.6,50.0
2002-04-10,28.9,53.7,41.8
2002-04-11,37.2,67.2,52.3
2002-04-12,54.3,68.5,60.1
2002-04-13,46.5,60.5,53.2
2002-04-14,48.7,67.2,56.6
2002-04-15,56.0,80.8,68.0
2002-04-16,62.2,82.1,72.2
2002-04-17,65.6,79.1,71.4
2002-04-18,57.0,81.8,70.4
2002-04-19,52.6,75.9,68.6
2002-04-20,41.6,56.6,48.2
2002-04-21,36.3,40.5,38.1
2002-04-22,33.5,43.4,38.1
2002-04-23,28.9,50.5,40.4
2002-04-24,37.4,63.1,51.4
2002-04-25,39.3,55.8,45.0
2002-04-26,33.2,51.2,43.4
2002-04-27,33.1,50.8,42.5
2002-04-28,38.6,60.3,49.7
2002-04-29,36.2,48.7,42.7
2002-04-30,40.9,58.5,50.1
2002-05-01,34.4,57.7,48.0
2002-05-02,39.7,52.2,47.5
2002-05-03,38.0,54.3,45.3
2002-05-04,33.3,59.2,47.4
2002-05-05,43.5,71.6,58.6
2002-05-06,54.8,64.0,58.8
2002-05-07,49.1,66.9,60.1
2002-05-08,43.9,53.9,49.2
2002-05-09,49.2,69.2,58.2
2002-05-10,44.1,58.6,51.6
2002-05-11,37.3,55.7,46.6
2002-05-12,45.3,64.5,53.3
2002-05-13,44.1,48.9,46.8
2002-05-14,42.2,61.3,50.6
2002-05-15,39.2,65.9,54.0
2002-05-16,49.5,69.6,60.5
2002-05-17,38.8,52.3,45.0
2002-05-18,37.3,50.8,43.4
2002-05-19,31.6,49.6,41.4
2002-05-20,32.6,47.8,40.9
2002-05-21,29.9,54.0,43.7
2002-05-22,37.5,60.6,50.2
2002-05-23,46.2,72.2,60.4
2002-05-24,47.2,66.7,60.9
2002-05-25,41.5,63.1,51.3
2002-05-26,42.7,64.8,53.6
2002-05-27,46.1,73.5,61.3
2002-05-28,51.3,74.9,64.8
2002-05-29,60.8,75.7,67.2
2002-05-30,62.0,78.1,68.9
2002-05-31,63.3,80.9,72.5
2002-06-01,57.8,81.7,70.1
2002-06-02,56.7,72.7,65.0
2002-06-03,50.6,60.1,55.1
2002-06-04,57.4,77.1,66.9
2002-06-05,57.1,71.5,66.3
2002-06-06,51.2,67.1,58.7
2002-06-07,46.8,69.3,59.6
2002-06-08,53.5,76.7,65.9
2002-06-09,55.8,81.7,70.5
2002-06-10,60.1,83.9,73.4
2002-06-11,69.4,82.8,73.8
2002-06-12,65.4,78.5,72.1
2002-06-13,57.9,68.4,63.4
2002-06-14,58.4,67.8,62.8
2002-06-15,55.8,68.4,59.9
2002-06-16,54.2,66.7,60.5
2002-06-17,50.1,71.0,61.5
2002-06-18,49.4,72.8,63.0
2002-06-19,59.3,79.9,70.0
2002-06-20,63.0,86.3,75.3
2002-06-21,69.1,85.2,77.1
2002-06-22,68.2,87.5,77.8
2002-06-23,71.2,87.0,79.1
2002-06-24,69.1,88.6,79.6
2002-06-25,66.9,86.7,78.6
2002-06-26,70.0,84.1,75.3
2002-06-27,69.3,78.8,73.4
2002-06-28,66.2,81.4,73.1
2002-06-29,62.3,84.0,74.5
2002-06-30,66.0,86.7,77.9
2002-07-01,72.8,90.7,81.9
2002-07-02,75.2,90.7,82.6
2002-07-03,72.0,89.7,81.7
2002-07-04,71.6,87.3,80.2
2002-07-05,62.9,77.4,69.9
2002-07-06,58.5,80.3,70.0
2002-07-07,61.4,85.0,74.2
2002-07-08,66.5,89.6,78.8
2002-07-09,69.7,78.0,73.7
2002-07-10,62.9,75.1,68.4
2002-07-11,58.9,74.4,66.7
2002-07-12,52.6,77.0,66.5
2002-07-13,57.0,81.0,70.9
2002-07-14,59.1,85.2,74.7
2002-07-15,64.3,87.1,76.5
2002-07-16,67.2,89.9,79.4
2002-07-17,70.8,87.2,79.7
2002-07-18,69.9,86.7,77.2
2002-07-19,67.5,81.1,73.6
2002-07-20,62.0,84.6,73.7
2002-07-21,67.0,90.3,79.5
2002-07-22,73.2,92.4,81.6
2002-07-23,63.5,78.1,72.5
2002-07-24,58.5,76.1,67.3
2002-07-25,60.7,76.8,69.4
2002-07-26,66.5,81.5,74.2
2002-07-27,67.2,82.2,74.5
2002-07-28,72.0,87.5,80.1
2002-07-29,70.8,86.8,77.3
2002-07-30,68.8,85.0,76.3
2002-07-31,70.8,87.6,79.2
2002-08-01,68.7,89.4,80.1
2002-08-02,71.7,83.0,76.9
2002-08-03,66.6,82.8,74.3
2002-08-04,67.9,88.0,78.1
2002-08-05,68.5,80.6,75.3
2002-08-06,60.6,70.5,65.8
2002-08-07,55.0,70.8,63.7
2002-08-08,53.4,76.0,65.7
2002-08-09,55.7,79.0,68.0
2002-08-10,61.4,84.3,73.2
2002-08-11,66.5,86.4,76.8
2002-08-12,68.8,85.1,76.3
2002-08-13,70.5,88.2,78.7
2002-08-14,67.6,79.2,73.1
2002-08-15,64.7,81.8,73.7
2002-08-16,71.3,81.4,75.4
2002-08-17,69.7,84.7,76.8
2002-08-18,64.1,78.3,72.1
2002-08-19,60.2,71.9,65.7
2002-08-20,55.1,74.6,65.9
2002-08-21,56.8,80.8,70.4
2002-08-22,71.7,79.2,74.3
2002-08-23,67.5,75.3,70.3
2002-08-24,67.0,76.6,71.2
2002-08-25,62.6,78.1,70.8
2002-08-26,60.4,81.1,71.2
2002-08-27,64.4,77.1,70.5
2002-08-28,59.5,76.1,67.9
2002-08-29,61.7,77.5,69.4
2002-08-30,62.3,78.9,70.7
2002-08-31,62.3,78.9,70.2
2002-09-01,63.1,79.6,71.2
2002-09-02,64.6,82.9,73.9
2002-09-03,66.6,81.7,74.9
2002-09-04,61.3,79.0,69.6
2002-09-05,58.0,77.2,67.6
2002-09-06,58.2,80.5,69.3
2002-09-07,62.1,86.9,74.3
2002-09-08,66.7,89.4,77.7
2002-09-09,65.8,89.2,77.8
2002-09-10,66.8,87.8,75.7
2002-09-11,58.7,71.9,64.8
2002-09-12,54.5,75.5,64.9
2002-09-13,52.9,78.4,66.7
2002-09-14,61.9,84.0,73.2
2002-09-15,63.3,70.6,67.4
2002-09-16,58.1,73.0,64.5
2002-09-17,52.0,79.3,66.2
2002-09-18,63.0,80.3,70.6
2002-09-19,67.0,85.9,75.3
2002-09-20,67.1,75.0,72.0
2002-09-21,62.2,76.8,68.4
2002-09-22,51.0,63.6,57.5
2002-09-23,45.4,63.0,55.0
2002-09-24,49.0,62.7,55.2
2002-09-25,46.2,67.6,56.5
2002-09-26,50.3,72.5,61.1
2002-09-27,58.5,67.7,61.3
2002-09-28,54.2,68.4,60.3
2002-09-29,55.4,73.3,64.1
2002-09-30,60.0,78.6,68.8
2002-10-01,65.9,81.6,73.1
2002-10-02,66.4,77.0,71.1
2002-10-03,56.7,66.7,60.5
2002-10-04,62.7,77.5,68.1
2002-10-05,49.5,62.2,57.0
2002-10-06,46.6,66.3,57.4
2002-10-07,44.6,58.0,50.0
2002-10-08,40.4,58.8,50.3
2002-10-09,43.6,66.5,54.5
2002-10-10,45.7,68.4,56.9
2002-10-11,50.1,68.4,58.3
2002-10-12,53.7,65.8,60.1
2002-10-13,41.0,60.3,49.1
2002-10-14,33.8,53.4,43.9
2002-10-15,37.1,59.3,48.6
2002-10-16,36.7,48.3,43.3
2002-10-17,31.8,43.7,37.8
2002-10-18,34.6,54.5,44.9
2002-10-19,42.9,54.5,48.9
2002-10-20,36.2,48.8,42.4
2002-10-21,30.4,49.4,40.5
2002-10-22,40.0,56.2,46.2
2002-10-23,37.7,46.8,42.2
2002-10-24,34.9,42.0,37.8
2002-10-25,34.7,47.2,40.8
2002-10-26,42.4,50.9,45.7
2002-10-27,41.0,46.2,43.3
2002-10-28,38.8,47.0,42.2
2002-10-29,34.0,39.9,37.0
2002-10-30,31.6,45.7,38.5
2002-10-31,28.6,47.9,37.6
2002-11-01,33.0,39.0,35.8
2002-11-02,32.0,41.6,36.7
2002-11-03,29.3,44.8,37.1
2002-11-04,34.3,45.5,39.0
2002-11-05,29.2,42.2,35.4
2002-11-06,33.6,41.9,37.1
2002-11-07,29.1,46.8,39.2
2002-11-08,45.9,59.5,51.7
2002-11-09,49.7,60.1,54.9
2002-11-10,54.3,61.6,57.7
2002-11-11,42.2,53.5,47.2
2002-11-12,39.2,42.3,40.9
2002-11-13,32.9,48.4,40.3
2002-11-14,42.9,54.5,48.3
2002-11-15,30.1,44.2,34.8
2002-11-16,29.0,33.6,30.4
2002-11-17,28.3,34.6,30.6
2002-11-18,27.2,40.2,33.0
2002-11-19,34.6,48.7,41.9
2002-11-20,39.4,52.4,45.1
2002-11-21,35.2,48.3,42.4
2002-11-22,29.9,34.2,32.0
2002-11-23,25.5,37.3,31.6
2002-11-24,30.8,40.6,35.9
2002-11-25,26.5,34.0,30.6
2002-11-26,25.2,32.9,27.9
2002-11-27,15.7,29.7,23.0
2002-11-28,22.2,29.7,25.6
2002-11-29,26.1,44.2,36.1
2002-11-30,21.9,36.2,30.6
2002-12-01,19.8,27.9,23.1
2002-12-02,12.3,28.3,23.9
2002-12-03,-0.0,19.2,8.7
2002-12-04,-1.0,22.4,10.3
2002-12-05,6.9,26.0,17.3
2002-12-06,18.2,25.5,21.7
2002-12-07,21.5,35.6,29.2
2002-12-08,10.4,31.3,24.2
2002-12-09,-0.8,24.2,14.1
2002-12-10,15.7,35.0,23.6
2002-12-11,16.2,35.2,26.1
2002-12-12,17.8,37.8,27.4
2002-12-13,26.9,34.5,31.2
2002-12-14,29.8,36.5,33.3
2002-12-15,29.2,42.0,34.9
2002-12-16,23.5,31.5,25.7
2002-12-17,23.5,31.2,27.3
2002-12-18,30.9,46.5,39.1
2002-12-19,44.7,51.1,47.2
2002-12-20,29.7,40.7,33.4
2002-12-21,28.8,32.8,30.2
2002-12-22,28.0,33.3,29.8
2002-12-23,26.1,31.5,28.6
2002-12-24,22.3,30.4,26.4
2002-12-25,24.9,30.6,27.6
2002-12-26,17.3,30.0,24.9
2002-12-27,7.5,23.8,15.6
2002-12-28,17.1,32.2,26.7
2002-12-29,28.2,33.1,30.4
2002-12-30,28.0,49.1,38.4
2002-12-31,25.8,49.2,35.5
2003-01-01,25.3,32.2,28.0
2003-01-02,21.4,26.2,23.9
2003-01-03,17.6,26.7,22.3
2003-01-04,14.3,29.4,21.4
2003-01-05,18.0,30.9,24.1
2003-01-06,8.7,27.1,22.3
2003-01-07,6.5,34.0,23.8
2003-01-08,34.5,42.8,38.2
2003-01-09,28.6,40.7,36.4
2003-01-10,17.7,27.0,23.1
2003-01-11,16.6,21.8,18.7
2003-01-12,15.8,26.9,20.4
2003-01-13,16.9,27.4,21.7
2003-01-14,13.7,24.2,18.1
2003-01-15,12.4,21.0,16.3
2003-01-16,12.9,25.5,19.3
2003-01-17,7.2,18.2,12.3
2003-01-18,9.1,19.5,13.7
2003-01-19,10.6,22.9,16.2
2003-01-20,7.3,20.9,13.5
2003-01-21,4.0,16.6,9.5
2003-01-22,1.3,13.8,6.3
2003-01-23,-4.3,14.6,3.7
2003-01-24,1.3,21.6,10.1
2003-01-25,9.7,24.8,17.5
2003-01-26,1.3,24.0,12.8
2003-01-27,-2.4,16.1,5.9
2003-01-28,11.8,28.2,21.5
2003-01-29,14.0,25.2,20.6
2003-01-30,3.9,27.4,14.8
2003-01-31,15.3,33.2,26.0
2003-02-01,27.1,34.4,30.8
2003-02-02,27.5,35.4,30.9
2003-02-03,28.9,48.9,34.8
2003-02-04,15.7,48.7,28.1
2003-02-05,12.2,22.6,17.2
2003-02-06,16.9,33.6,24.4
2003-02-07,14.0,23.2,19.6
2003-02-08,10.9,29.2,19.7
2003-02-09,13.6,24.9,20.4
2003-02-10,7.2,29.1,21.8
2003-02-11,4.0,23.5,13.6
2003-02-12,5.4,21.0,9.5
2003-02-13,3.4,21.1,10.5
2003-02-14,5.3,31.7,18.1
2003-02-15,9.4,20.4,14.0
2003-02-16,5.8,18.5,11.6
2003-02-17,12.7,26.1,19.7
2003-02-18,14.7,31.5,25.2
2003-02-19,21.9,36.0,30.2
2003-02-20,15.5,45.5,29.2
2003-02-21,24.7,42.2,32.8
2003-02-22,22.2,33.2,30.1
2003-02-23,7.7,23.6,16.6
2003-02-24,5.7,23.9,13.2
2003-02-25,-6.5,15.2,4.5
2003-02-26,-6.2,19.0,7.1
2003-02-27,-7.2,27.3,10.4
2003-02-28,-0.9,32.8,16.4
2003-03-01,15.8,31.6,24.3
2003-03-02,1.0,33.9,24.2
2003-03-03,-11.8,10.1,1.5
2003-03-04,11.4,38.5,28.1
2003-03-05,12.6,31.1,19.5
2003-03-06,5.1,23.9,13.8
2003-03-07,0.3,33.0,16.2
2003-03-08,9.0,39.4,25.5
2003-03-09,-0.4,17.0,8.0
2003-03-10,-1.3,19.9,8.0
2003-03-11,-2.1,35.2,19.6
2003-03-12,25.6,46.5,35.0
2003-03-13,15.1,32.5,24.4
2003-03-14,7.5,38.3,24.1
2003-03-15,25.8,51.3,37.7
2003-03-16,34.6,65.7,49.6
2003-03-17,38.4,67.6,52.2
2003-03-18,39.8,52.8,45.2
2003-03-19,33.5,51.2,41.8
2003-03-20,41.7,61.0,49.1
2003-03-21,36.2,56.3,45.2
2003-03-22,33.7,45.4,38.6
2003-03-23,27.0,49.9,39.0
2003-03-24,31.5,65.8,49.3
2003-03-25,44.2,60.3,51.8
2003-03-26,33.8,55.2,44.5
2003-03-27,31.5,55.2,43.1
2003-03-28,41.9,68.3,54.9
2003-03-29,28.9,44.0,35.6
2003-03-30,26.2,37.0,31.0
2003-03-31,24.8,40.9,33.3
2003-04-01,34.9,66.2,50.2
2003-04-02,38.4,72.7,53.7
2003-04-03,33.6,43.9,39.7
2003-04-04,28.4,33.2,30.8
2003-04-05,25.0,33.9,30.3
2003-04-06,22.5,36.0,28.9
2003-04-07,27.4,29.8,28.7
2003-04-08,26.9,34.8,30.4
2003-04-09,22.6,41.5,31.3
2003-04-10,17.4,53.6,35.2
2003-04-11,28.7,64.2,46.1
2003-04-12,35.4,53.2,43.2
2003-04-13,26.2,54.4,40.6
2003-04-14,33.0,70.4,52.6
2003-04-15,57.1,77.6,66.6
2003-04-16,41.0,62.3,54.1
2003-04-17,34.6,51.6,43.1
2003-04-18,45.0,57.8,52.6
2003-04-19,48.4,67.3,57.1
2003-04-20,55.2,71.8,61.9
2003-04-21,42.5,55.1,51.2
2003-04-22,35.2,47.1,41.0
2003-04-23,30.0,53.4,41.5
2003-04-24,29.8,58.0,44.7
2003-04-25,35.4,61.0,49.1
2003-04-26,36.1,57.3,46.5
2003-04-27,33.2,67.2,51.8
2003-04-28,51.3,74.6,62.3
2003-04-29,42.1,63.5,53.4
2003-04-30,48.5,62.0,54.5
2003-05-01,48.7,65.2,59.9
2003-05-02,43.3,55.8,49.5
2003-05-03,37.9,57.2,47.5
2003-05-04,34.6,62.0,50.2
2003-05-05,51.1,69.3,57.6
2003-05-06,50.0,70.1,59.5
2003-05-07,46.9,55.6,50.4
2003-05-08,46.7,60.2,53.7
2003-05-09,48.7,67.6,55.4
2003-05-10,53.2,72.9,63.8
2003-05-11,46.4,65.8,56.8
2003-05-12,43.3,49.1,46.2
2003-05-13,43.4,64.3,53.3
2003-05-14,38.3,67.4,54.5
2003-05-15,50.5,57.2,53.5
2003-05-16,50.5,65.3,57.2
2003-05-17,52.6,64.0,58.3
2003-05-18,51.1,64.7,58.6
2003-05-19,54.0,69.0,62.3
2003-05-20,49.1,65.8,61.0
2003-05-21,42.6,57.7,49.5
2003-05-22,40.7,61.7,51.8
2003-05-23,43.9,56.6,50.8
2003-05-24,46.5,56.8,50.8
2003-05-25,40.5,62.8,53.7
2003-05-26,47.6,63.5,56.2
2003-05-27,45.9,66.6,56.1
2003-05-28,45.5,70.6,58.8
2003-05-29,54.0,72.0,62.2
2003-05-30,49.9,69.6,60.7
2003-05-31,47.0,58.5,54.3
2003-06-01,42.3,62.2,52.4
2003-06-02,43.2,68.4,57.4
2003-06-03,54.1,61.2,57.8
2003-06-04,51.8,56.9,54.1
2003-06-05,49.9,65.2,56.1
2003-06-06,47.1,72.8,60.9
2003-06-07,58.0,73.3,65.2
2003-06-08,56.5,68.3,62.3
2003-06-09,53.2,68.4,60.6
2003-06-10,50.5,76.0,63.9
2003-06-11,60.8,73.7,68.3
2003-06-12,57.3,66.7,61.6
2003-06-13,57.6,71.3,64.6
2003-06-14,58.3,77.0,68.7
2003-06-15,57.1,77.3,67.5
2003-06-16,54.5,75.4,65.7
2003-06-17,59.4,72.0,65.6
2003-06-18,58.2,79.7,69.5
2003-06-19,53.7,69.3,63.0
2003-06-20,50.9,71.4,61.0
2003-06-21,50.4,76.6,64.9
2003-06-22,53.3,81.1,69.2
2003-06-23,57.2,84.3,72.0
2003-06-24,61.8,85.6,74.9
2003-06-25,67.6,87.3,77.6
2003-06-26,62.6,83.9,72.1
2003-06-27,58.4,75.6,67.3
2003-06-28,61.0,79.2,69.0
2003-06-29,63.1,79.4,69.6
2003-06-30,55.9,77.3,68.6
2003-07-01,58.7,80.6,71.3
2003-07-02,61.6,84.0,74.7
2003-07-03,61.7,87.3,76.2
2003-07-04,72.0,90.0,78.6
2003-07-05,67.1,82.6,73.6
2003-07-06,63.0,82.3,73.5
2003-07-07,71.1,83.8,75.5
2003-07-08,68.8,85.4,75.2
2003-07-09,65.3,77.1,70.7
2003-07-10,66.7,79.8,72.4
2003-07-11,63.1,70.3,66.4
2003-07-12,59.3,73.3,66.4
2003-07-13,56.4,78.1,68.3
2003-07-14,59.6,79.6,70.8
2003-07-15,65.0,76.4,70.4
2003-07-16,57.7,77.1,67.9
2003-07-17,60.4,82.0,71.8
2003-07-18,60.9,76.3,68.7
2003-07-19,53.6,76.7,67.1
2003-07-20,58.7,79.8,70.8
2003-07-21,66.2,78.5,70.4
2003-07-22,60.9,73.8,66.7
2003-07-23,59.4,74.1,66.5
2003-07-24,58.5,76.6,67.8
2003-07-25,56.8,79.5,70.1
2003-07-26,64.6,81.4,73.3
2003-07-27,70.1,82.3,76.5
2003-07-28,61.5,74.6,68.2
2003-07-29,56.4,78.2,68.2
2003-07-30,58.0,79.0,69.9
2003-07-31,62.1,81.1,72.9
2003-08-01,62.7,83.4,73.6
2003-08-02,64.9,79.7,72.4
2003-08-03,65.5,77.4,70.3
2003-08-04,63.0,75.5,68.9
2003-08-05,61.2,78.3,70.1
2003-08-06,63.0,79.8,71.9
2003-08-07,64.2,80.4,72.5
2003-08-08,65.8,78.5,70.8
2003-08-09,62.1,77.4,70.1
2003-08-10,61.4,76.7,69.9
2003-08-11,62.9,78.7,69.5
2003-08-12,65.1,78.5,70.1
2003-08-13,63.7,82.6,73.2
2003-08-14,64.4,85.7,76.0
2003-08-15,70.5,84.2,77.1
2003-08-16,68.3,85.2,75.5
2003-08-17,62.3,76.4,68.7
2003-08-18,54.2,77.4,66.7
2003-08-19,57.7,80.3,69.7
2003-08-20,60.5,83.1,72.9
2003-08-21,65.8,90.8,77.8
2003-08-22,64.8,79.9,73.8
2003-08-23,61.3,75.7,68.5
2003-08-24,57.7,78.2,68.5
2003-08-25,69.3,87.3,77.4
2003-08-26,70.3,87.7,78.2
2003-08-27,65.9,81.5,74.6
2003-08-28,58.8,79.7,69.8
2003-08-29,70.4,77.4,74.4
2003-08-30,59.4,71.9,65.3
2003-08-31,55.9,72.2,64.0
2003-09-01,57.6,61.1,59.6
2003-09-02,58.1,72.5,64.7
2003-09-03,55.1,76.8,66.6
2003-09-04,59.7,68.7,64.3
2003-09-05,53.3,68.3,61.3
2003-09-06,50.1,73.8,62.7
2003-09-07,56.4,81.3,68.7
2003-09-08,62.2,77.6,68.6
2003-09-09,58.6,75.4,66.5
2003-09-10,58.9,76.4,67.2
2003-09-11,60.8,77.9,68.8
2003-09-12,62.7,76.0,68.5
2003-09-13,58.4,77.6,67.8
2003-09-14,62.2,79.2,69.7
2003-09-15,55.2,69.3,63.4
2003-09-16,53.2,75.6,64.1
2003-09-17,56.7,79.4,68.1
2003-09-18,60.3,73.5,66.7
2003-09-19,59.5,72.4,63.4
2003-09-20,53.2,67.9,60.3
2003-09-21,49.0,68.6,59.4
2003-09-22,57.9,64.1,61.4
2003-09-23,51.4,63.1,57.2
2003-09-24,49.3,67.0,58.4
2003-09-25,49.5,58.9,54.5
2003-09-26,44.2,64.8,55.7
2003-09-27,50.8,62.0,57.1
2003-09-28,45.9,57.6,51.2
2003-09-29,42.3,54.0,47.8
2003-09-30,42.0,52.8,46.7
2003-10-01,38.9,50.0,43.9
2003-10-02,33.4,50.2,41.6
2003-10-03,38.2,51.3,44.4
2003-10-04,40.2,50.7,45.4
2003-10-05,35.8,52.1,43.7
2003-10-06,33.2,55.6,44.7
2003-10-07,36.0,65.5,50.8
2003-10-08,53.6,76.1,63.0
2003-10-09,51.3,72.6,61.4
2003-10-10,54.8,71.2,62.1
2003-10-11,55.1,72.2,62.0
2003-10-12,51.9,64.6,59.3
2003-10-13,42.3,66.4,54.4
2003-10-14,46.5,53.7,50.2
2003-10-15,44.1,55.2,49.7
2003-10-16,43.2,55.0,49.0
2003-10-17,33.5,52.2,44.4
2003-10-18,39.2,57.6,47.9
2003-10-19,42.2,55.7,48.5
2003-10-20,41.3,71.8,56.7
2003-10-21,49.1,66.1,56.5
2003-10-22,37.2,48.7,44.1
2003-10-23,31.2,46.5,39.6
2003-10-24,41.0,53.3,46.3
2003-10-25,45.2,53.8,48.4
2003-10-26,42.2,51.2,47.3
2003-10-27,37.6,46.5,41.2
2003-10-28,35.4,48.7,42.3
2003-10-29,33.7,46.0,40.9
2003-10-30,39.1,62.2,51.0
2003-10-31,57.4,71.7,63.2
2003-11-01,50.0,55.8,53.0
2003-11-02,50.3,62.8,55.3
2003-11-03,47.6,53.9,49.5
2003-11-04,47.3,71.2,59.4
2003-11-05,41.7,64.6,51.3
2003-11-06,36.2,47.0,41.6
2003-11-07,29.6,43.8,36.1
2003-11-08,24.2,32.7,27.8
2003-11-09,24.2,37.3,29.5
2003-11-10,23.9,44.0,33.9
2003-11-11,40.8,54.6,50.0
2003-11-12,41.6,60.9,51.8
2003-11-13,30.3,39.4,34.7
2003-11-14,29.4,45.4,36.8
2003-11-15,36.0,40.4,38.1
2003-11-16,38.4,43.7,41.0
2003-11-17,38.1,48.6,43.7
2003-11-18,43.2,59.7,53.6
2003-11-19,41.8,57.7,49.6
2003-11-20,32.7,55.0,45.3
2003-11-21,39.9,53.7,48.4
2003-11-22,38.6,53.2,46.3
2003-11-23,53.2,61.7,58.4
2003-11-24,26.6,57.6,35.7
2003-11-25,25.3,34.5,29.8
2003-11-26,29.8,43.5,35.0
2003-11-27,28.5,43.2,38.3
2003-11-28,32.8,38.8,35.2
2003-11-29,31.2,38.0,33.4
2003-11-30,34.6,47.5,40.4
2003-12-01,29.7,42.4,35.1
2003-12-02,25.2,32.8,29.0
2003-12-03,23.5,35.4,28.1
2003-12-04,25.6,39.7,31.2
2003-12-05,30.4,34.8,33.0
2003-12-06,26.8,34.2,29.7
2003-12-07,22.2,32.4,26.4
2003-12-08,23.7,34.3,28.8
2003-12-09,31.4,38.6,35.3
2003-12-10,39.0,43.7,41.2
2003-12-11,26.6,43.9,32.1
2003-12-12,21.2,26.7,24.9
2003-12-13,16.0,27.5,22.5
2003-12-14,25.9,32.6,28.8
2003-12-15,25.5,31.4,28.2
2003-12-16,28.3,42.3,33.9
2003-12-17,25.2,33.2,28.2
2003-12-18,24.5,31.5,27.4
2003-12-19,24.3,32.5,27.4
2003-12-20,22.2,29.5,25.0
2003-12-21,24.5,42.0,32.8
2003-12-22,37.2,46.3,40.6
2003-12-23,32.3,37.0,33.8
2003-12-24,23.5,32.5,28.8
2003-12-25,24.3,29.7,28.3
2003-12-26,20.9,35.9,27.2
2003-12-27,20.7,38.3,29.7
2003-12-28,29.4,45.8,38.6
2003-12-29,37.1,45.7,43.1
2003-12-30,28.6,36.3,31.6
2003-12-31,27.9,43.7,35.5
2004-01-01,24.8,38.7,30.8
2004-01-02,40.0,54.1,48.2
2004-01-03,35.4,56.0,47.3
2004-01-04,28.1,35.0,31.0
2004-01-05,17.5,28.2,25.6
2004-01-06,4.5,18.4,10.3
2004-01-07,8.9,20.5,14.3
2004-01-08,4.9,24.1,14.1
2004-01-09,6.6,16.2,12.4
2004-01-10,6.8,17.1,11.7
2004-01-11,14.2,34.7,24.4
2004-01-12,29.8,34.6,32.5
2004-01-13,10.8,31.4,24.4
2004-01-14,13.0,24.9,20.1
2004-01-15,-4.4,19.3,5.6
2004-01-16,-12.2,14.9,0.7
2004-01-17,4.8,28.7,17.8
2004-01-18,9.9,30.2,19.4
2004-01-19,5.5,17.1,10.2
2004-01-20,-1.7,14.1,4.7
2004-01-21,-8.7,29.4,12.1
2004-01-22,-1.5,29.2,11.5
2004-01-23,-4.6,13.7,4.6
2004-01-24,-6.0,10.6,3.6
2004-01-25,-16.4,12.5,-0.2
2004-01-26,11.6,22.2,15.6
2004-01-27,13.2,27.9,23.1
2004-01-28,9.3,22.5,14.5
2004-01-29,0.1,10.8,5.9
2004-01-30,-6.6,12.2,1.9
2004-01-31,-0.3,21.1,8.0
2004-02-01,-5.3,19.8,7.9
2004-02-02,12.6,32.0,21.3
2004-02-03,26.0,35.7,32.7
2004-02-04,6.3,24.5,16.5
2004-02-05,4.6,26.1,17.4
2004-02-06,26.6,35.2,31.0
2004-02-07,11.7,26.5,21.5
2004-02-08,-3.8,24.4,12.6
2004-02-09,19.9,33.1,27.4
2004-02-10,16.0,30.3,25.3
2004-02-11,5.1,26.6,17.0
2004-02-12,12.7,30.7,22.7
2004-02-13,20.4,26.3,22.7
2004-02-14,19.0,32.8,24.6
2004-02-15,1.5,17.2,9.6
2004-02-16,6.4,21.8,13.4
2004-02-17,8.4,32.0,19.7
2004-02-18,5.3,34.3,22.4
2004-02-19,27.1,40.8,34.2
2004-02-20,31.9,44.9,38.4
2004-02-21,26.2,31.5,29.5
2004-02-22,25.3,37.0,31.0
2004-02-23,27.0,37.3,31.6
2004-02-24,20.9,32.4,28.1
2004-02-25,11.6,37.6,24.4
2004-02-26,16.2,39.7,27.7
2004-02-27,23.7,43.1,31.4
2004-02-28,23.0,49.3,35.3
2004-02-29,31.0,56.6,42.4
2004-03-01,35.2,54.2,44.4
2004-03-02,41.6,49.6,45.9
2004-03-03,37.9,46.0,41.9
2004-03-04,37.1,50.0,42.8
2004-03-05,39.5,65.1,51.7
2004-03-06,33.2,42.6,37.1
2004-03-07,29.4,44.2,35.4
2004-03-08,28.7,37.6,32.3
2004-03-09,26.7,39.1,31.8
2004-03-10,26.8,43.9,34.3
2004-03-11,24.6,47.8,34.8
2004-03-12,19.2,27.6,23.1
2004-03-13,18.2,36.6,25.5
2004-03-14,25.8,43.9,34.8
2004-03-15,27.9,40.4,33.1
2004-03-16,24.6,29.3,26.9
2004-03-17,21.6,31.0,25.6
2004-03-18,21.1,37.8,30.0
2004-03-19,26.7,41.7,33.1
2004-03-20,32.0,56.1,42.8
2004-03-21,22.8,33.2,29.2
2004-03-22,18.3,33.5,25.7
2004-03-23,26.8,49.4,37.8
2004-03-24,35.8,51.0,43.6
2004-03-25,51.4,66.4,56.8
2004-03-26,53.9,61.8,57.6
2004-03-27,44.1,57.7,52.2
2004-03-28,37.9,55.8,46.8
2004-03-29,44.2,57.4,50.5
2004-03-30,39.2,52.1,44.6
2004-03-31,35.6,47.8,40.8
2004-04-01,32.8,45.5,38.0
2004-04-02,37.8,51.4,42.4
2004-04-03,34.5,55.6,43.1
2004-04-04,29.2,41.3,35.2
2004-04-05,25.1,43.7,33.4
2004-04-06,27.1,60.7,44.5
2004-04-07,37.8,56.7,46.1
2004-04-08,39.4,50.6,44.3
2004-04-09,34.2,52.2,43.6
2004-04-10,33.9,50.7,42.3
2004-04-11,33.9,45.4,39.1
2004-04-12,32.5,49.2,39.4
2004-04-13,34.2,46.7,39.4
2004-04-14,31.9,56.0,43.8
2004-04-15,32.2,58.8,45.7
2004-04-16,43.2,73.0,58.0
2004-04-17,56.5,71.5,62.7
2004-04-18,52.5,78.7,66.2
2004-04-19,50.0,71.5,65.0
2004-04-20,40.2,54.0,47.1
2004-04-21,50.1,67.0,60.1
2004-04-22,43.9,57.7,50.7
2004-04-23,41.8,62.9,51.8
2004-04-24,42.6,57.9,49.7
2004-04-25,45.3,70.1,55.4
2004-04-26,43.6,60.9,52.1
2004-04-27,35.7,43.7,39.9
2004-04-28,31.1,66.5,50.1
2004-04-29,59.6,74.3,66.4
2004-04-30,56.7,69.8,62.6
2004-05-01,41.9,59.9,51.9
2004-05-02,36.6,50.5,42.8
2004-05-03,33.4,47.9,41.2
2004-05-04,30.9,59.7,48.0
2004-05-05,43.5,60.8,52.4
2004-05-06,46.6,80.4,63.0
2004-05-07,45.7,61.6,54.2
2004-05-08,43.2,68.4,55.2
2004-05-09,50.6,78.4,63.3
2004-05-10,61.5,80.7,70.5
2004-05-11,55.4,71.1,63.2
2004-05-12,61.8,80.3,70.9
2004-05-13,63.3,78.3,69.3
2004-05-14,55.0,75.7,66.8
2004-05-15,49.4,56.1,52.9
2004-05-16,48.8,64.2,55.7
2004-05-17,53.2,75.5,63.9
2004-05-18,58.9,73.4,67.0
2004-05-19,50.1,67.7,59.5
2004-05-20,55.8,79.4,69.2
2004-05-21,59.9,67.6,64.6
2004-05-22,64.1,81.4,71.0
2004-05-23,63.9,78.7,70.6
2004-05-24,56.2,67.4,62.3
2004-05-25,51.0,66.9,58.9
2004-05-26,53.2,67.2,61.7
2004-05-27,45.4,73.8,61.1
2004-05-28,50.6,61.7,57.2
2004-05-29,44.0,63.7,55.2
2004-05-30,54.7,69.7,61.7
2004-05-31,59.4,74.4,65.8
2004-06-01,56.1,72.4,63.8
2004-06-02,55.9,66.3,61.1
2004-06-03,49.9,70.5,60.8
2004-06-04,47.8,68.5,58.8
2004-06-05,47.7,70.6,60.8
2004-06-06,55.9,76.2,66.0
2004-06-07,60.4,79.9,70.8
2004-06-08,64.8,84.8,75.4
2004-06-09,70.3,86.1,77.1
2004-06-10,60.7,69.5,64.1
2004-06-11,55.7,63.8,59.4
2004-06-12,58.3,72.6,64.7
2004-06-13,64.2,81.5,71.6
2004-06-14,64.1,80.5,70.9
2004-06-15,62.8,81.2,71.9
2004-06-16,63.6,79.9,69.9
2004-06-17,67.3,80.1,72.2
2004-06-18,66.7,78.0,71.4
2004-06-19,53.3,66.5,61.1
2004-06-20,46.6,69.0,59.6
2004-06-21,53.9,73.8,63.7
2004-06-22,58.9,72.1,65.7
2004-06-23,49.7,74.5,64.4
2004-06-24,53.3,74.2,63.7
2004-06-25,51.3,68.1,59.3
2004-06-26,52.8,67.8,60.7
2004-06-27,52.0,71.2,62.7
2004-06-28,57.6,68.6,62.4
2004-06-29,54.5,77.1,66.1
2004-06-30,58.7,79.2,69.7
2004-07-01,60.6,81.4,71.9
2004-07-02,59.6,78.1,69.2
2004-07-03,59.5,80.2,71.0
2004-07-04,69.8,79.8,72.7
2004-07-05,64.7,76.6,70.7
2004-07-06,59.1,83.1,71.1
2004-07-07,63.9,77.4,70.6
2004-07-08,60.1,67.8,63.8
2004-07-09,54.0,77.7,66.4
2004-07-10,61.9,79.9,71.6
2004-07-11,66.6,81.5,74.5
2004-07-12,69.3,82.6,74.5
2004-07-13,68.4,85.6,76.3
2004-07-14,65.2,74.8,69.9
2004-07-15,61.8,78.4,70.0
2004-07-16,60.4,80.2,69.4
2004-07-17,61.3,75.3,68.3
2004-07-18,60.8,75.2,67.9
2004-07-19,57.8,79.3,69.9
2004-07-20,63.7,81.6,72.6
2004-07-21,68.4,85.2,77.2
2004-07-22,70.7,87.8,77.9
2004-07-23,60.8,73.1,66.8
2004-07-24,54.0,70.6,63.0
2004-07-25,58.7,70.1,63.8
2004-07-26,59.5,72.0,65.2
2004-07-27,59.6,63.9,61.6
2004-07-28,55.8,78.6,67.6
2004-07-29,57.7,75.9,68.5
2004-07-30,62.2,74.2,68.0
2004-07-31,65.5,78.8,71.4
2004-08-01,58.2,80.5,70.7
2004-08-02,64.4,85.2,73.6
2004-08-03,66.7,82.8,74.7
2004-08-04,62.5,70.2,66.7
2004-08-05,58.5,68.3,63.6
2004-08-06,52.5,71.5,62.4
2004-08-07,51.3,73.6,64.8
2004-08-08,58.0,76.4,67.5
2004-08-09,60.0,77.1,69.2
2004-08-10,63.4,72.1,67.5
2004-08-11,56.9,66.8,61.8
2004-08-12,50.8,64.2,58.7
2004-08-13,55.7,66.7,61.2
2004-08-14,54.3,68.8,61.7
2004-08-15,53.5,70.2,62.1
2004-08-16,51.9,72.6,63.4
2004-08-17,59.8,74.3,67.0
2004-08-18,62.7,76.8,68.9
2004-08-19,60.7,71.4,66.0
2004-08-20,53.4,64.8,59.2
2004-08-21,53.1,68.6,61.0
2004-08-22,50.5,77.1,64.3
2004-08-23,61.0,78.0,68.4
2004-08-24,59.6,79.2,69.4
2004-08-25,68.4,81.8,74.6
2004-08-26,69.9,81.0,74.5
2004-08-27,72.4,85.1,77.5
2004-08-28,66.9,78.7,72.4
2004-08-29,63.0,68.4,65.4
2004-08-30,61.3,72.7,65.8
2004-08-31,55.4,75.3,65.8
2004-09-01,58.5,77.1,67.9
2004-09-02,60.2,77.4,69.2
2004-09-03,61.8,78.9,70.4
2004-09-04,64.5,78.8,71.2
2004-09-05,64.5,80.9,72.6
2004-09-06,67.6,81.3,74.1
2004-09-07,64.0,75.1,69.0
2004-09-08,60.3,70.2,65.2
2004-09-09,57.3,72.0,64.5
2004-09-10,55.0,73.7,64.1
2004-09-11,53.8,75.8,65.1
2004-09-12,58.6,80.2,68.9
2004-09-13,57.7,78.7,69.0
2004-09-14,63.9,80.7,71.8
2004-09-15,64.2,79.8,72.1
2004-09-16,61.8,75.8,70.1
2004-09-17,55.2,65.8,60.5
2004-09-18,51.1,69.3,59.6
2004-09-19,50.5,68.2,58.8
2004-09-20,48.9,72.9,59.8
2004-09-21,51.5,78.2,64.6
2004-09-22,52.2,81.2,66.9
2004-09-23,53.8,80.3,68.2
2004-09-24,60.5,79.5,70.3
2004-09-25,59.7,69.3,64.9
2004-09-26,55.4,69.9,62.7
2004-09-27,49.4,71.3,59.8
2004-09-28,52.3,65.8,56.6
2004-09-29,50.4,63.0,55.9
2004-09-30,42.5,68.5,55.4
2004-10-01,45.0,69.6,58.4
2004-10-02,46.2,60.5,54.7
2004-10-03,38.9,61.4,50.7
2004-10-04,46.6,54.3,52.1
2004-10-05,35.6,55.2,46.2
2004-10-06,42.6,67.8,54.0
2004-10-07,46.7,71.5,59.0
2004-10-08,52.7,74.6,62.6
2004-10-09,52.3,65.7,60.0
2004-10-10,44.6,60.2,52.0
2004-10-11,40.9,57.8,48.7
2004-10-12,38.3,58.9,48.7
2004-10-13,44.6,58.9,51.6
2004-10-14,50.2,57.6,53.4
2004-10-15,46.4,52.0,49.4
2004-10-16,40.3,45.5,43.2
2004-10-17,40.5,46.5,43.4
2004-10-18,34.2,47.2,42.4
2004-10-19,43.7,51.3,47.3
2004-10-20,47.1,54.5,50.3
2004-10-21,47.5,55.6,51.1
2004-10-22,46.1,54.8,50.4
2004-10-23,48.7,60.2,54.3
2004-10-24,50.3,59.3,55.4
2004-10-25,44.1,64.7,53.9
2004-10-26,43.5,61.5,52.7
2004-10-27,49.5,62.5,54.8
2004-10-28,46.8,59.6,51.6
2004-10-29,49.5,68.4,60.5
2004-10-30,54.0,70.9,63.4
2004-10-31,48.3,53.9,51.0
2004-11-01,40.7,50.8,46.8
2004-11-02,42.7,50.2,47.8
2004-11-03,36.0,49.1,42.9
2004-11-04,40.5,47.6,44.1
2004-11-05,38.6,50.5,43.7
2004-11-06,41.8,58.2,48.3
2004-11-07,42.0,56.2,49.5
2004-11-08,32.9,42.0,37.5
2004-11-09,27.5,40.8,34.1
2004-11-10,33.4,57.7,45.4
2004-11-11,35.0,51.4,42.5
2004-11-12,29.8,43.1,35.4
2004-11-13,27.3,41.4,33.8
2004-11-14,26.4,45.4,34.4
2004-11-15,27.5,45.0,36.2
2004-11-16,36.7,48.5,43.1
2004-11-17,45.5,52.2,49.3
2004-11-18,48.0,59.4,53.7
2004-11-19,44.8,48.8,46.4
2004-11-20,46.2,55.8,51.4
2004-11-21,36.7,47.9,43.8
2004-11-22,30.7,45.9,38.2
2004-11-23,38.2,50.2,44.8
2004-11-24,33.4,41.5,37.1
2004-11-25,24.9,33.3,28.6
2004-11-26,19.7,37.5,29.2
2004-11-27,38.0,46.7,41.6
2004-11-28,29.8,41.7,37.6
2004-11-29,28.1,39.5,32.9
2004-11-30,29.0,39.0,35.3
2004-12-01,30.8,40.2,35.9
2004-12-02,29.7,39.0,33.6
2004-12-03,26.5,33.3,29.4
2004-12-04,27.5,43.5,35.2
2004-12-05,29.3,39.2,34.0
2004-12-06,32.6,40.6,36.9
2004-12-07,41.2,53.5,45.0
2004-12-08,36.1,43.9,40.4
2004-12-09,34.5,44.9,38.6
2004-12-10,33.4,40.2,37.4
2004-12-11,30.3,34.6,32.6
2004-12-12,30.4,39.2,33.7
2004-12-13,23.9,33.4,29.6
2004-12-14,22.2,25.8,24.1
2004-12-15,20.0,32.5,25.2
2004-12-16,26.5,37.9,31.5
2004-12-17,23.0,29.2,25.9
2004-12-18,23.6,34.3,29.0
2004-12-19,3.9,24.5,10.0
2004-12-20,2.2,16.2,9.7
2004-12-21,16.6,38.9,28.0
2004-12-22,19.0,25.5,23.2
2004-12-23,7.2,20.8,17.1
2004-12-24,-3.5,12.3,5.2
2004-12-25,-13.8,7.6,-1.7
2004-12-26,6.7,19.0,11.7
2004-12-27,-5.2,19.1,6.9
2004-12-28,6.0,33.3,21.4
2004-12-29,27.0,38.3,33.5
2004-12-30,28.3,45.0,35.7
2004-12-31,39.2,55.9,50.2
2005-01-01,25.0,36.3,31.2
2005-01-02,31.1,52.8,42.5
2005-01-03,31.7,35.6,33.3
2005-01-04,30.6,35.7,32.9
2005-01-05,22.8,31.4,26.2
2005-01-06,18.6,27.0,23.5
2005-01-07,14.5,24.4,18.8
2005-01-08,17.4,29.8,23.9
2005-01-09,20.5,33.9,27.0
2005-01-10,25.2,35.9,31.7
2005-01-11,24.3,33.4,30.6
2005-01-12,31.9,55.9,42.3
2005-01-13,29.8,57.8,45.7
2005-01-14,11.8,29.2,19.6
2005-01-15,10.0,23.5,16.6
2005-01-16,9.9,15.7,12.6
2005-01-17,0.8,13.6,8.2
2005-01-18,-1.7,16.2,7.3
2005-01-19,14.6,30.9,22.5
2005-01-20,8.8,20.9,14.0
2005-01-21,0.0,13.3,7.7
2005-01-22,3.1,14.2,10.5
2005-01-23,-5.5,11.4,1.3
2005-01-24,-4.2,28.7,15.6
2005-01-25,14.7,29.0,22.5
2005-01-26,2.1,30.6,19.4
2005-01-27,-6.8,13.9,1.7
2005-01-28,-9.9,16.6,2.7
2005-01-29,10.0,30.0,20.2
2005-01-30,12.3,31.5,20.2
2005-01-31,3.3,29.9,16.5
2005-02-01,2.5,29.8,14.7
2005-02-02,11.5,26.7,18.3
2005-02-03,5.7,36.0,21.2
2005-02-04,12.1,35.2,24.2
2005-02-05,27.0,37.2,30.7
2005-02-06,25.6,39.4,33.1
2005-02-07,35.7,40.7,38.1
2005-02-08,31.5,39.2,35.9
2005-02-09,22.6,31.0,28.2
2005-02-10,15.7,28.1,20.8
2005-02-11,15.2,30.6,23.7
2005-02-12,25.8,44.3,34.1
2005-02-13,24.7,32.2,28.3
2005-02-14,31.9,48.3,40.6
2005-02-15,32.0,46.2,37.7
2005-02-16,22.2,33.3,29.7
2005-02-17,13.5,24.4,20.5
2005-02-18,7.3,21.2,12.9
2005-02-19,6.4,33.2,19.5
2005-02-20,18.8,32.5,26.5
2005-02-21,30.0,35.5,33.4
2005-02-22,21.6,33.6,28.1
2005-02-23,7.3,31.1,20.5
2005-02-24,10.9,26.4,19.0
2005-02-25,11.0,33.5,23.2
2005-02-26,9.4,25.8,19.8
2005-02-27,4.0,25.4,15.5
2005-02-28,16.3,36.0,27.5
2005-03-01,15.7,31.1,24.8
2005-03-02,7.8,21.4,14.6
2005-03-03,2.8,25.7,13.8
2005-03-04,0.5,34.2,19.4
2005-03-05,7.2,37.3,24.4
2005-03-06,25.8,45.3,35.8
2005-03-07,21.7,50.7,40.3
2005-03-08,14.1,24.1,18.7
2005-03-09,13.1,27.5,19.3
2005-03-10,14.9,31.3,23.1
2005-03-11,24.1,35.8,28.3
2005-03-12,21.2,31.8,27.2
2005-03-13,13.2,31.9,23.0
2005-03-14,15.6,34.9,24.7
2005-03-15,25.0,35.4,30.0
2005-03-16,21.8,41.5,30.9
2005-03-17,24.9,40.7,32.2
2005-03-18,27.3,39.1,32.2
2005-03-19,28.7,40.5,33.9
2005-03-20,32.3,38.7,34.9
2005-03-21,30.2,39.7,34.3
2005-03-22,25.8,45.1,35.1
2005-03-23,29.4,34.4,31.4
2005-03-24,25.0,45.7,34.8
2005-03-25,30.4,44.2,35.9
2005-03-26,26.5,44.4,34.4
2005-03-27,28.7,46.9,37.7
2005-03-28,32.6,56.7,43.3
2005-03-29,28.9,59.5,43.2
2005-03-30,39.0,62.5,49.7
2005-03-31,42.1,56.9,51.2
2005-04-01,33.7,53.7,44.8
2005-04-02,34.9,41.9,38.8
2005-04-03,33.4,53.9,43.3
2005-04-04,34.2,60.8,46.9
2005-04-05,40.5,71.6,55.0
2005-04-06,46.5,73.4,60.8
2005-04-07,43.7,58.3,52.8
2005-04-08,35.6,59.7,47.5
2005-04-09,35.4,60.4,47.7
2005-04-10,36.1,65.5,51.3
2005-04-11,42.9,58.7,49.6
2005-04-12,37.7,53.1,45.0
2005-04-13,37.7,56.9,46.1
2005-04-14,37.4,61.9,48.3
2005-04-15,37.0,59.7,47.2
2005-04-16,35.5,67.4,52.3
2005-04-17,49.2,71.5,59.1
2005-04-18,47.1,73.0,59.7
2005-04-19,51.1,77.7,65.6
2005-04-20,43.9,70.6,59.8
2005-04-21,38.0,57.3,46.9
2005-04-22,38.4,46.5,42.6
2005-04-23,32.9,40.4,37.1
2005-04-24,30.9,35.0,32.9
2005-04-25,34.0,56.6,44.1
2005-04-26,39.6,50.3,46.1
2005-04-27,37.1,50.2,44.2
2005-04-28,36.1,54.4,45.1
2005-04-29,36.6,56.2,47.3
2005-04-30,41.9,53.5,47.0
2005-05-01,34.8,53.3,43.9
2005-05-02,35.2,49.6,41.9
2005-05-03,30.8,47.2,39.8
2005-05-04,28.7,57.2,44.0
2005-05-05,34.0,59.3,48.0
2005-05-06,38.4,67.4,54.5
2005-05-07,49.5,68.7,58.6
2005-05-08,44.2,71.2,58.1
2005-05-09,51.8,79.2,65.3
2005-05-10,61.2,79.1,69.3
2005-05-11,48.0,73.2,59.8
2005-05-12,40.1,54.4,47.4
2005-05-13,44.3,66.7,55.3
2005-05-14,48.7,64.1,58.2
2005-05-15,44.2,56.8,50.5
2005-05-16,40.7,53.3,47.9
2005-05-17,39.0,62.0,51.9
2005-05-18,43.8,65.4,56.2
2005-05-19,53.2,57.9,55.0
2005-05-20,50.6,70.3,59.7
2005-05-21,43.0,73.9,60.2
2005-05-22,48.1,64.4,58.4
2005-05-23,51.8,61.9,56.0
2005-05-24,46.6,58.1,53.0
2005-05-25,45.8,71.1,58.8
2005-05-26,45.7,73.3,61.5
2005-05-27,49.4,70.5,60.6
2005-05-28,48.1,66.4,57.7
2005-05-29,48.4,68.6,59.1
2005-05-30,49.9,69.7,60.3
2005-05-31,48.9,73.5,62.7
2005-06-01,51.4,76.3,65.0
2005-06-02,58.6,74.0,66.9
2005-06-03,61.4,70.8,65.7
2005-06-04,60.7,81.3,71.8
2005-06-05,65.6,90.0,76.4
2005-06-06,68.3,82.1,74.9
2005-06-07,66.3,89.2,78.0
2005-06-08,69.8,88.5,79.3
2005-06-09,69.3,89.7,78.6
2005-06-10,70.9,88.7,78.2
2005-06-11,69.4,85.4,77.5
2005-06-12,71.2,81.9,75.2
2005-06-13,70.5,79.5,74.5
2005-06-14,69.2,82.8,74.5
2005-06-15,61.9,73.4,68.4
2005-06-16,58.1,66.5,62.3
2005-06-17,53.0,65.1,60.1
2005-06-18,56.2,67.4,62.1
2005-06-19,52.9,71.0,63.6
2005-06-20,54.2,77.1,67.4
2005-06-21,59.2,82.9,71.5
2005-06-22,60.6,78.2,69.8
2005-06-23,53.9,83.4,69.7
2005-06-24,67.7,91.5,80.0
2005-06-25,73.8,90.3,82.4
2005-06-26,68.4,89.9,79.3
2005-06-27,71.8,90.9,82.4
2005-06-28,70.2,88.2,78.0
2005-06-29,70.1,86.8,78.1
2005-06-30,70.0,85.7,77.9
2005-07-01,64.4,77.4,72.3
2005-07-02,56.8,74.1,65.8
2005-07-03,55.8,82.5,70.8
2005-07-04,66.2,90.0,77.9
2005-07-05,67.7,80.3,73.1
2005-07-06,61.8,78.3,69.7
2005-07-07,59.4,79.7,69.2
2005-07-08,62.8,79.1,70.4
2005-07-09,59.9,83.7,72.8
2005-07-10,60.1,86.6,75.2
2005-07-11,63.6,87.9,77.3
2005-07-12,71.8,88.3,79.5
2005-07-13,70.0,87.6,79.1
2005-07-14,71.8,88.0,78.7
2005-07-15,71.2,84.3,77.9
2005-07-16,70.5,81.1,74.8
2005-07-17,70.2,83.9,76.9
2005-07-18,72.3,86.9,78.4
2005-07-19,70.4,83.7,76.7
2005-07-20,62.7,86.2,75.9
2005-07-21,70.2,88.1,79.2
2005-07-22,67.6,84.3,75.5
2005-07-23,62.8,81.7,73.5
2005-07-24,69.7,92.1,79.7
2005-07-25,71.8,90.3,82.0
2005-07-26,72.2,86.7,79.4
2005-07-27,61.4,73.5,67.4
2005-07-28,58.0,74.8,67.2
2005-07-29,57.7,78.3,69.4
2005-07-30,61.5,78.2,69.9
2005-07-31,59.5,82.3,72.0
2005-08-01,65.8,87.3,76.9
2005-08-02,67.5,88.5,78.7
2005-08-03,67.1,88.5,78.9
2005-08-04,72.1,86.0,78.1
2005-08-05,67.7,82.4,75.4
2005-08-06,65.8,81.6,74.1
2005-08-07,63.0,83.9,74.9
2005-08-08,66.5,83.8,76.4
2005-08-09,68.6,87.9,78.5
2005-08-10,70.6,84.2,76.7
2005-08-11,67.7,80.3,73.6
2005-08-12,69.4,86.1,76.9
2005-08-13,69.4,81.9,74.4
2005-08-14,66.0,76.0,70.9
2005-08-15,64.6,78.3,71.1
2005-08-16,60.3,80.2,70.9
2005-08-17,63.0,81.1,72.3
2005-08-18,66.9,81.9,72.7
2005-08-19,69.3,83.0,75.6
2005-08-20,65.1,79.9,72.3
2005-08-21,64.6,78.5,71.2
2005-08-22,58.6,67.8,63.8
2005-08-23,60.0,69.4,64.6
2005-08-24,56.8,74.8,65.6
2005-08-25,58.3,76.6,67.5
2005-08-26,63.2,81.7,72.2
2005-08-27,66.5,81.0,72.2
2005-08-28,60.2,83.8,72.0
2005-08-29,64.0,83.0,73.6
2005-08-30,62.1,77.1,69.5
2005-08-31,65.7,77.3,71.0
2005-09-01,61.2,79.5,70.7
2005-09-02,62.2,78.2,69.8
2005-09-03,58.4,75.5,67.4
2005-09-04,58.7,75.7,67.0
2005-09-05,57.5,76.5,67.1
2005-09-06,58.0,80.2,69.4
2005-09-07,60.9,82.6,72.1
2005-09-08,65.0,76.9,70.7
2005-09-09,62.0,78.7,69.2
2005-09-10,57.5,81.0,68.8
2005-09-11,58.0,84.7,71.5
2005-09-12,61.8,87.1,74.8
2005-09-13,66.5,87.7,77.4
2005-09-14,65.6,76.8,72.7
2005-09-15,62.5,73.9,67.6
2005-09-16,56.6,64.4,60.6
2005-09-17,60.0,71.0,64.8
2005-09-18,56.5,75.7,65.6
2005-09-19,58.5,76.1,68.2
2005-09-20,62.4,75.7,69.0
2005-09-21,57.9,81.1,69.2
2005-09-22,62.0,83.8,70.4
2005-09-23,57.9,70.3,64.1
2005-09-24,56.8,69.9,62.4
2005-09-25,63.4,76.6,69.1
2005-09-26,61.4,71.1,66.8
2005-09-27,49.8,68.7,59.9
2005-09-28,52.8,73.5,62.8
2005-09-29,47.9,61.2,53.3
2005-09-30,41.8,64.5,53.3
2005-10-01,49.3,72.1,59.8
2005-10-02,51.8,78.1,65.2
2005-10-03,65.8,81.5,72.6
2005-10-04,63.2,81.2,71.4
2005-10-05,60.2,80.4,69.9
2005-10-06,54.4,75.7,64.7
2005-10-07,50.2,58.8,53.3
2005-10-08,48.4,55.8,50.9
2005-10-09,44.4,61.1,51.7
2005-10-10,48.2,58.8,54.5
2005-10-11,51.1,63.2,56.9
2005-10-12,54.1,59.8,57.0
2005-10-13,53.7,65.1,58.8
2005-10-14,54.3,69.3,61.0
2005-10-15,52.2,62.7,57.5
2005-10-16,46.7,56.1,51.5
2005-10-17,38.0,61.2,50.7
2005-10-18,48.8,64.6,56.2
2005-10-19,43.5,62.5,53.7
2005-10-20,38.7,55.1,47.0
2005-10-21,41.2,55.1,47.3
2005-10-22,40.3,52.0,45.9
2005-10-23,35.8,51.4,44.0
2005-10-24,38.7,49.5,43.9
2005-10-25,41.3,49.4,44.4
2005-10-26,36.5,46.0,41.5
2005-10-27,35.0,46.8,41.6
2005-10-28,37.3,49.6,43.0
2005-10-29,31.9,55.8,43.0
2005-10-30,38.5,59.6,47.9
2005-10-31,49.0,62.1,53.7
2005-11-01,44.0,53.0,49.3
2005-11-02,34.9,56.2,46.7
2005-11-03,50.5,65.8,58.0
2005-11-04,53.2,67.5,58.7
2005-11-05,50.9,62.2,56.3
2005-11-06,46.1,60.6,53.9
2005-11-07,39.8,57.2,48.4
2005-11-08,43.7,57.5,50.1
2005-11-09,44.0,64.3,53.6
2005-11-10,38.0,46.0,41.9
2005-11-11,32.4,52.8,41.7
2005-11-12,41.0,62.2,50.4
2005-11-13,43.7,61.8,54.0
2005-11-14,37.0,46.9,42.0
2005-11-15,41.8,61.0,48.2
2005-11-16,27.7,60.6,37.7
2005-11-17,23.5,29.8,26.4
2005-11-18,22.6,32.8,27.3
2005-11-19,28.5,48.5,37.9
2005-11-20,34.4,49.7,41.7
2005-11-21,37.0,41.5,39.5
2005-11-22,26.8,36.4,32.0
2005-11-23,24.2,33.3,28.0
2005-11-24,14.2,31.9,20.5
2005-11-25,16.1,28.1,21.3
2005-11-26,20.2,32.9,24.7
2005-11-27,21.6,44.8,37.3
2005-11-28,43.7,62.2,53.4
2005-11-29,32.3,49.8,41.8
2005-11-30,27.2,33.9,30.4
2005-12-01,26.7,31.1,28.6
2005-12-02,20.8,28.9,25.8
2005-12-03,19.9,28.8,24.1
2005-12-04,22.5,30.4,25.5
2005-12-05,18.0,26.0,23.2
2005-12-06,12.9,23.5,17.9
2005-12-07,15.2,23.1,19.1
2005-12-08,12.3,25.4,19.7
2005-12-09,18.0,28.3,24.2
2005-12-10,10.8,21.3,16.3
2005-12-11,17.1,30.8,26.1
2005-12-12,2.3,20.4,11.2
2005-12-13,5.5,23.0,12.6
2005-12-14,9.4,30.7,21.4
2005-12-15,29.2,32.5,31.8
2005-12-16,20.0,28.8,23.6
2005-12-17,11.9,22.8,17.9
2005-12-18,11.6,22.4,16.4
2005-12-19,9.1,21.9,14.3
2005-12-20,9.3,26.0,19.5
2005-12-21,16.3,25.6,20.9
2005-12-22,15.5,33.6,25.1
2005-12-23,32.2,38.5,34.7
2005-12-24,29.6,38.3,33.6
2005-12-25,33.3,35.8,34.3
2005-12-26,30.1,34.9,32.5
2005-12-27,25.5,37.0,31.2
2005-12-28,30.6,38.4,35.8
2005-12-29,29.8,35.4,33.4
2005-12-30,26.1,33.7,30.3
2005-12-31,30.9,35.8,33.6
2006-01-01,29.0,37.0,33.4
2006-01-02,35.0,37.8,36.5
2006-01-03,36.0,40.7,37.8
2006-01-04,36.8,43.6,39.9
2006-01-05,28.3,36.6,34.5
2006-01-06,22.9,28.1,25.6
2006-01-07,26.1,34.0,30.0
2006-01-08,26.8,38.6,31.6
2006-01-09,29.6,36.6,33.1
2006-01-10,28.9,37.4,33.0
2006-01-11,35.3,45.6,40.9
2006-01-12,35.0,51.7,41.5
2006-01-13,34.3,51.9,45.7
2006-01-14,24.9,33.3,28.7
2006-01-15,21.8,30.6,25.6
2006-01-16,24.7,34.7,28.3
2006-01-17,28.6,43.3,35.4
2006-01-18,23.7,32.5,28.3
2006-01-19,23.5,44.4,34.0
2006-01-20,35.2,48.4,44.4
2006-01-21,25.8,37.0,31.7
2006-01-22,23.2,37.5,29.0
2006-01-23,27.0,36.1,30.2
2006-01-24,27.3,40.2,32.7
2006-01-25,25.2,31.7,28.5
2006-01-26,24.7,33.7,27.8
2006-01-27,27.0,42.5,34.1
2006-01-28,34.4,51.4,42.3
2006-01-29,41.3,50.9,45.4
2006-01-30,32.2,42.2,39.4
2006-01-31,29.5,35.7,31.7
2006-02-01,25.7,47.5,35.8
2006-02-02,30.8,42.9,35.9
2006-02-03,33.3,43.8,37.4
2006-02-04,29.6,37.0,33.3
2006-02-05,22.3,32.3,27.7
2006-02-06,20.8,28.5,24.0
2006-02-07,22.8,27.1,24.5
2006-02-08,14.2,25.9,20.2
2006-02-09,4.6,31.5,18.0
2006-02-10,20.1,31.2,25.6
2006-02-11,20.8,30.8,26.3
2006-02-12,7.3,29.3,17.6
2006-02-13,19.1,27.0,23.6
2006-02-14,19.7,39.3,30.3
2006-02-15,35.6,44.0,38.5
2006-02-16,32.9,56.0,42.6
2006-02-17,19.6,50.9,26.1
2006-02-18,-0.2,18.2,8.2
2006-02-19,6.6,22.4,14.4
2006-02-20,13.5,29.6,21.2
2006-02-21,23.4,36.0,28.1
2006-02-22,23.1,46.7,33.5
2006-02-23,24.4,46.0,32.0
2006-02-24,20.9,35.3,27.9
2006-02-25,21.1,40.2,31.8
2006-02-26,16.3,27.8,21.8
2006-02-27,22.8,30.8,26.1
2006-02-28,15.4,33.5,24.4
2006-03-01,23.9,36.8,29.7
2006-03-02,21.6,31.4,27.6
2006-03-03,18.8,33.6,25.4
2006-03-04,19.7,38.8,27.4
2006-03-05,22.1,39.7,30.4
2006-03-06,26.6,38.8,32.0
2006-03-07,22.1,42.1,31.6
2006-03-08,29.8,45.5,37.7
2006-03-09,42.2,59.0,51.7
2006-03-10,33.5,54.0,45.8
2006-03-11,29.8,56.6,43.7
2006-03-12,45.8,61.7,53.6
2006-03-13,39.6,64.8,54.2
2006-03-14,29.8,37.5,32.7
2006-03-15,26.2,40.5,32.1
2006-03-16,26.5,38.5,32.3
2006-03-17,25.2,37.7,30.5
2006-03-18,22.7,37.0,28.8
2006-03-19,23.6,42.5,31.4
2006-03-20,22.2,36.4,28.9
2006-03-21,21.1,33.4,26.1
2006-03-22,24.5,38.0,30.9
2006-03-23,25.1,40.5,32.3
2006-03-24,28.1,41.5,34.2
2006-03-25,29.0,42.0,34.2
2006-03-26,28.2,44.6,35.7
2006-03-27,28.2,48.1,38.8
2006-03-28,35.5,47.4,40.7
2006-03-29,30.5,52.4,42.2
2006-03-30,35.3,61.3,47.8
2006-03-31,47.8,64.4,55.7
2006-04-01,45.0,52.1,48.3
2006-04-02,38.7,51.1,44.6
2006-04-03,34.5,54.6,46.2
2006-04-04,29.7,45.8,37.9
2006-04-05,32.6,53.0,41.3
2006-04-06,30.8,55.7,43.8
2006-04-07,33.9,50.5,44.1
2006-04-08,27.0,43.0,34.6
2006-04-09,27.4,52.7,40.2
2006-04-10,31.3,59.6,46.4
2006-04-11,37.3,68.4,54.5
2006-04-12,53.7,65.2,59.6
2006-04-13,49.3,71.9,60.3
2006-04-14,55.0,75.7,64.6
2006-04-15,47.4,66.8,57.8
2006-04-16,42.2,57.6,48.6
2006-04-17,40.6,58.2,49.0
2006-04-18,39.6,62.2,50.8
2006-04-19,44.0,66.3,54.5
2006-04-20,40.6,70.3,56.5
2006-04-21,49.1,73.8,61.0
2006-04-22,48.7,68.0,58.8
2006-04-23,45.0,58.2,51.0
2006-04-24,46.1,62.4,53.3
2006-04-25,39.0,52.2,44.6
2006-04-26,28.8,60.4,46.3
2006-04-27,41.8,62.3,51.1
2006-04-28,34.7,57.4,46.3
2006-04-29,40.7,61.9,51.1
2006-04-30,50.9,63.4,57.2
2006-05-01,52.5,66.5,58.3
2006-05-02,50.5,57.6,54.8
2006-05-03,47.8,72.8,61.3
2006-05-04,53.4,69.2,62.4
2006-05-05,45.7,63.7,55.6
2006-05-06,43.0,55.2,49.0
2006-05-07,38.3,63.9,51.8
2006-05-08,43.7,68.3,56.9
2006-05-09,48.0,68.6,59.6
2006-05-10,57.4,74.1,64.2
2006-05-11,46.8,60.9,54.8
2006-05-12,40.3,47.8,44.3
2006-05-13,43.0,55.1,49.1
2006-05-14,45.7,61.5,53.3
2006-05-15,51.1,57.8,53.7
2006-05-16,47.8,61.5,54.3
2006-05-17,49.4,69.8,58.7
2006-05-18,44.2,55.1,49.7
2006-05-19,43.5,59.4,51.1
2006-05-20,41.9,63.9,53.7
2006-05-21,41.7,56.7,49.5
2006-05-22,37.4,58.7,47.8
2006-05-23,35.9,65.8,53.0
2006-05-24,43.2,73.0,59.8
2006-05-25,58.7,78.5,67.1
2006-05-26,60.0,74.1,66.6
2006-05-27,53.7,79.6,67.6
2006-05-28,62.3,84.5,73.9
2006-05-29,68.5,88.2,78.1
2006-05-30,67.1,86.7,76.0
2006-05-31,68.0,83.8,74.5
2006-06-01,64.0,76.2,69.2
2006-06-02,61.3,73.8,66.6
2006-06-03,56.7,70.7,63.0
2006-06-04,54.0,71.7,62.4
2006-06-05,48.9,77.5,64.9
2006-06-06,53.6,80.0,69.0
2006-06-07,62.2,72.4,67.2
2006-06-08,58.9,77.6,68.7
2006-06-09,57.7,69.2,63.3
2006-06-10,51.2,65.3,58.4
2006-06-11,47.2,65.9,57.5
2006-06-12,49.2,66.1,58.7
2006-06-13,50.4,70.2,61.8
2006-06-14,55.8,73.9,65.2
2006-06-15,51.1,77.6,66.3
2006-06-16,59.3,85.5,73.4
2006-06-17,66.7,88.4,78.2
2006-06-18,67.4,78.4,73.5
2006-06-19,65.3,82.4,71.9
2006-06-20,61.3,76.3,68.8
2006-06-21,62.6,79.2,69.6
2006-06-22,68.1,82.7,75.0
2006-06-23,63.4,75.2,69.3
2006-06-24,55.1,76.0,66.1
2006-06-25,53.9,78.4,67.9
2006-06-26,60.5,75.7,68.5
2006-06-27,61.1,77.1,69.5
2006-06-28,60.4,77.7,67.8
2006-06-29,57.3,73.0,65.5
2006-06-30,57.8,77.8,68.8
2006-07-01,58.1,85.7,73.9
2006-07-02,70.8,82.6,76.2
2006-07-03,66.2,83.7,72.9
2006-07-04,66.5,81.3,73.2
2006-07-05,57.7,71.6,64.8
2006-07-06,52.8,73.5,64.7
2006-07-07,53.5,79.5,68.4
2006-07-08,58.6,79.5,70.3
2006-07-09,63.7,80.7,72.2
2006-07-10,67.0,77.9,71.8
2006-07-11,65.1,81.4,71.5
2006-07-12,69.7,80.6,74.1
2006-07-13,61.9,82.3,72.9
2006-07-14,63.1,84.4,73.2
2006-07-15,68.8,88.8,78.4
2006-07-16,68.2,90.0,79.9
2006-07-17,71.8,88.6,80.8
2006-07-18,69.5,81.4,74.4
2006-07-19,61.3,82.3,73.0
2006-07-20,67.8,80.4,74.6
2006-07-21,68.7,81.1,74.2
2006-07-22,61.8,76.6,69.6
2006-07-23,57.3,76.6,68.4
2006-07-24,58.3,82.5,72.0
2006-07-25,68.6,83.0,75.7
2006-07-26,71.1,82.8,74.7
2006-07-27,68.8,82.3,74.6
2006-07-28,70.2,84.9,77.1
2006-07-29,70.9,91.0,80.6
2006-07-30,70.2,87.7,78.9
2006-07-31,73.3,92.2,82.8
2006-08-01,77.4,93.0,85.0
2006-08-02,77.4,92.7,85.0
2006-08-03,68.4,82.0,75.4
2006-08-04,64.6,84.2,74.5
2006-08-05,65.2,81.2,73.3
2006-08-06,63.9,84.4,75.1
2006-08-07,70.6,83.7,76.9
2006-08-08,64.2,79.8,71.7
2006-08-09,58.7,78.6,69.9
2006-08-10,64.5,81.0,72.8
2006-08-11,60.4,75.4,67.6
2006-08-12,56.3,76.7,66.6
2006-08-13,53.5,79.2,68.0
2006-08-14,64.0,77.5,70.7
2006-08-15,61.1,79.4,70.5
2006-08-16,58.9,79.2,69.9
2006-08-17,62.0,80.7,71.7
2006-08-18,66.2,83.0,74.3
2006-08-19,69.8,79.2,73.4
2006-08-20,60.9,73.8,67.6
2006-08-21,55.9,78.3,67.8
2006-08-22,58.9,79.4,70.4
2006-08-23,57.5,79.2,69.8
2006-08-24,63.7,76.6,68.6
2006-08-25,64.3,81.9,72.5
2006-08-26,66.9,82.6,73.7
2006-08-27,68.6,74.9,71.5
2006-08-28,64.2,68.1,65.8
2006-08-29,61.8,73.2,66.6
2006-08-30,61.3,72.5,66.9
2006-08-31,59.2,71.7,64.7
2006-09-01,57.7,70.0,64.0
2006-09-02,58.4,67.6,62.3
2006-09-03,53.5,69.1,61.7
2006-09-04,55.8,72.9,64.8
2006-09-05,56.8,74.5,65.5
2006-09-06,59.0,75.1,65.8
2006-09-07,56.6,75.7,65.8
2006-09-08,59.8,78.3,68.8
2006-09-09,59.4,70.2,64.8
2006-09-10,56.6,61.5,58.6
2006-09-11,55.4,69.4,61.3
2006-09-12,60.0,72.6,64.9
2006-09-13,61.8,69.2,65.0
2006-09-14,60.4,69.0,64.5
2006-09-15,52.1,69.3,62.2
2006-09-16,55.9,72.1,64.3
2006-09-17,58.1,79.2,68.7
2006-09-18,56.5,70.5,63.9
2006-09-19,51.9,61.2,55.8
2006-09-20,48.5,57.7,53.0
2006-09-21,41.5,62.6,52.8
2006-09-22,52.4,65.1,59.2
2006-09-23,62.8,74.8,67.3
2006-09-24,55.7,64.5,60.4
2006-09-25,46.1,65.3,56.5
2006-09-26,44.9,65.6,56.4
2006-09-27,54.3,72.3,60.6
2006-09-28,44.6,55.9,51.1
2006-09-29,38.5,57.0,48.8
2006-09-30,47.6,58.5,52.4
2006-10-01,46.8,64.9,54.7
2006-10-02,47.0,69.1,58.9
2006-10-03,60.1,75.0,65.9
2006-10-04,54.7,73.4,64.3
2006-10-05,46.1,56.6,51.4
2006-10-06,41.5,57.3,48.8
2006-10-07,39.1,61.2,49.6
2006-10-08,41.1,67.6,54.2
2006-10-09,49.5,70.2,58.9
2006-10-10,47.8,60.3,54.2
2006-10-11,45.0,61.7,56.1
2006-10-12,33.5,43.7,37.0
2006-10-13,32.6,43.6,38.6
2006-10-14,36.9,47.8,42.2
2006-10-15,35.5,51.5,43.8
2006-10-16,42.6,52.2,47.8
2006-10-17,48.4,57.8,52.6
2006-10-18,51.9,62.2,56.8
2006-10-19,45.4,59.1,49.9
2006-10-20,42.0,47.3,44.5
2006-10-21,41.1,55.3,46.9
2006-10-22,38.3,50.1,44.5
2006-10-23,32.9,43.3,37.9
2006-10-24,31.5,43.7,37.6
2006-10-25,32.8,45.4,39.2
2006-10-26,29.9,48.7,40.1
2006-10-27,39.9,42.9,41.0
2006-10-28,37.5,44.1,40.5
2006-10-29,36.8,47.8,41.3
2006-10-30,34.3,65.2,50.0
2006-10-31,37.6,59.3,52.2
2006-11-01,32.7,44.1,37.9
2006-11-02,28.1,35.6,31.6
2006-11-03,25.9,35.9,29.9
2006-11-04,23.1,42.6,33.1
2006-11-05,36.6,52.3,42.4
2006-11-06,41.7,56.9,47.1
2006-11-07,45.3,48.7,47.4
2006-11-08,46.8,54.0,49.4
2006-11-09,46.4,64.7,52.8
2006-11-10,37.3,49.4,43.7
2006-11-11,37.0,44.0,39.3
2006-11-12,30.3,41.9,36.4
2006-11-13,30.0,40.9,35.9
2006-11-14,32.2,43.2,37.9
2006-11-15,34.4,45.9,40.2
2006-11-16,34.7,42.3,40.2
2006-11-17,34.3,41.0,37.5
2006-11-18,33.8,42.6,38.2
2006-11-19,29.9,38.2,34.5
2006-11-20,27.8,40.0,33.0
2006-11-21,25.4,41.2,32.4
2006-11-22,26.6,44.8,34.6
2006-11-23,27.8,48.2,37.3
2006-11-24,27.5,47.2,36.5
2006-11-25,32.9,55.0,43.2
2006-11-26,45.0,58.1,49.6
2006-11-27,46.1,58.7,51.2
2006-11-28,46.6,59.2,51.5
2006-11-29,52.0,61.6,58.2
2006-11-30,35.3,59.5,46.6
2006-12-01,32.4,39.5,34.5
2006-12-02,27.6,36.0,30.9
2006-12-03,21.5,28.7,25.9
2006-12-04,19.6,24.4,22.1
2006-12-05,18.6,28.7,24.4
2006-12-06,27.2,40.5,34.0
2006-12-07,18.7,27.5,22.0
2006-12-08,17.2,28.0,21.4
2006-12-09,22.0,36.5,28.4
2006-12-10,31.6,46.0,37.7
2006-12-11,38.6,45.5,41.3
2006-12-12,37.2,47.8,42.3
2006-12-13,36.8,49.0,41.5
2006-12-14,36.9,52.3,44.5
2006-12-15,36.2,45.0,41.3
2006-12-16,27.3,50.9,38.2
2006-12-17,44.0,53.8,49.5
2006-12-18,30.8,43.3,38.0
2006-12-19,25.7,39.4,31.4
2006-12-20,27.1,41.8,33.8
2006-12-21,35.8,39.8,37.3
2006-12-22,38.9,53.1,45.9
2006-12-23,37.5,41.6,39.6
2006-12-24,31.5,42.4,36.0
2006-12-25,31.1,40.9,35.0
2006-12-26,32.2,37.1,34.7
2006-12-27,28.9,40.0,34.0
2006-12-28,30.8,44.2,36.9
2006-12-29,29.6,42.4,35.5
2006-12-30,30.3,47.7,37.2
2006-12-31,34.5,53.4,41.1
2007-01-01,34.9,48.5,40.1
2007-01-02,27.8,42.1,34.6
2007-01-03,31.5,46.5,37.6
2007-01-04,38.2,50.6,43.7
2007-01-05,46.8,51.4,49.0
2007-01-06,36.2,46.8,42.5
2007-01-07,25.8,37.7,32.5
2007-01-08,30.1,34.2,32.2
2007-01-09,24.2,31.6,28.6
2007-01-10,21.1,29.7,24.6
2007-01-11,25.2,43.3,35.6
2007-01-12,40.4,50.5,45.7
2007-01-13,28.9,39.4,31.4
2007-01-14,29.2,31.6,30.3
2007-01-15,27.7,32.0,30.4
2007-01-16,17.4,27.2,22.0
2007-01-17,14.3,29.8,21.1
2007-01-18,21.2,33.5,27.3
2007-01-19,22.2,30.6,27.4
2007-01-20,14.5,25.1,19.9
2007-01-21,18.7,26.1,23.3
2007-01-22,23.5,27.0,25.3
2007-01-23,25.3,30.8,27.8
2007-01-24,23.0,30.8,26.2
2007-01-25,6.4,22.5,14.4
2007-01-26,4.5,35.4,20.5
2007-01-27,23.5,37.0,32.0
2007-01-28,11.5,24.6,18.9
2007-01-29,5.3,21.1,13.9
2007-01-30,11.4,24.3,17.3
2007-01-31,7.4,18.3,11.8
2007-02-01,10.6,24.3,17.3
2007-02-02,5.7,19.7,14.8
2007-02-03,0.1,14.2,5.2
2007-02-04,-5.4,4.9,-0.4
2007-02-05,-8.9,11.3,-0.3
2007-02-06,-6.8,11.6,2.5
2007-02-07,-3.6,19.0,7.6
2007-02-08,4.1,20.8,11.1
2007-02-09,1.0,22.2,12.0
2007-02-10,7.9,21.6,13.9
2007-02-11,7.0,23.9,15.3
2007-02-12,16.0,28.6,22.6
2007-02-13,8.5,14.4,11.0
2007-02-14,2.0,14.6,7.8
2007-02-15,-6.7,15.4,3.7
2007-02-16,2.8,17.3,8.2
2007-02-17,4.6,25.3,14.4
2007-02-18,4.0,19.7,13.0
2007-02-19,-0.0,37.0,19.5
2007-02-20,28.0,39.4,34.4
2007-02-21,22.2,38.7,30.0
2007-02-22,19.1,34.8,30.6
2007-02-23,13.1,27.0,18.8
2007-02-24,8.8,28.9,19.7
2007-02-25,22.5,35.8,29.4
2007-02-26,27.3,34.8,31.5
2007-02-27,24.6,36.9,31.1
2007-02-28,23.3,37.0,31.0
2007-03-01,29.4,42.0,33.8
2007-03-02,28.3,42.9,33.0
2007-03-03,21.4,31.2,26.6
2007-03-04,19.1,30.6,24.3
2007-03-05,7.1,26.6,21.2
2007-03-06,-0.0,21.9,10.8
2007-03-07,13.4,27.0,19.2
2007-03-08,15.8,34.9,24.4
2007-03-09,18.1,47.6,32.0
2007-03-10,32.5,51.9,43.4
2007-03-11,28.6,51.3,37.5
2007-03-12,30.0,53.2,41.1
2007-03-13,43.0,69.5,55.6
2007-03-14,42.3,63.5,57.3
2007-03-15,24.6,39.6,33.6
2007-03-16,24.1,38.1,29.5
2007-03-17,23.4,36.9,29.1
2007-03-18,24.4,39.6,30.7
2007-03-19,28.2,50.5,38.6
2007-03-20,25.7,38.5,31.3
2007-03-21,24.6,58.5,40.6
2007-03-22,40.5,60.1,56.1
2007-03-23,35.7,52.8,43.0
2007-03-24,40.5,62.7,51.3
2007-03-25,37.5,58.3,46.6
2007-03-26,53.2,73.2,64.0
2007-03-27,50.4,74.8,62.4
2007-03-28,42.7,51.5,47.2
2007-03-29,35.7,51.6,42.4
2007-03-30,29.0,62.1,45.1
2007-03-31,40.6,50.9,44.3
2007-04-01,43.4,66.8,55.7
2007-04-02,43.8,59.4,50.8
2007-04-03,41.5,65.6,52.7
2007-04-04,24.8,58.3,37.4
2007-04-05,22.2,29.8,25.0
2007-04-06,20.8,31.3,25.1
2007-04-07,20.8,31.0,25.2
2007-04-08,23.7,36.4,29.2
2007-04-09,24.4,40.4,32.5
2007-04-10,24.2,44.5,34.5
2007-04-11,31.7,41.1,35.7
2007-04-12,33.7,43.1,39.7
2007-04-13,31.8,49.9,39.7
2007-04-14,26.5,43.0,35.6
2007-04-15,29.8,49.0,39.0
2007-04-16,32.2,53.9,42.7
2007-04-17,35.5,58.9,47.0
2007-04-18,35.5,48.3,42.6
2007-04-19,37.4,59.4,48.4
2007-04-20,35.2,66.9,52.0
2007-04-21,41.3,68.6,55.9
2007-04-22,43.6,75.5,60.7
2007-04-23,55.8,72.0,63.8
2007-04-24,42.3,65.2,54.8
2007-04-25,43.5,50.1,45.9
2007-04-26,43.3,57.1,48.9
2007-04-27,44.9,55.8,50.9
2007-04-28,43.7,66.4,53.3
2007-04-29,46.0,70.8,59.8
2007-04-30,52.8,68.3,60.0
2007-05-01,47.3,63.7,54.1
2007-05-02,44.2,61.7,53.2
2007-05-03,43.1,63.1,53.3
2007-05-04,44.9,64.9,54.5
2007-05-05,47.8,66.0,56.0
2007-05-06,44.9,57.7,51.0
2007-05-07,44.2,68.6,56.4
2007-05-08,53.4,80.3,66.7
2007-05-09,59.1,72.1,65.5
2007-05-10,52.9,75.0,64.1
2007-05-11,56.2,78.3,66.4
2007-05-12,44.8,62.2,53.6
2007-05-13,39.2,61.4,50.4
2007-05-14,42.8,73.8,59.9
2007-05-15,62.2,81.7,71.0
2007-05-16,47.8,57.6,53.6
2007-05-17,44.3,54.9,47.8
2007-05-18,36.3,64.6,51.9
2007-05-19,45.7,71.0,59.3
2007-05-20,48.4,60.6,57.1
2007-05-21,41.4,62.9,52.4
2007-05-22,51.0,78.0,64.3
2007-05-23,58.3,84.3,71.7
2007-05-24,61.5,83.5,73.5
2007-05-25,61.2,74.9,68.6
2007-05-26,58.1,66.6,62.2
2007-05-27,57.7,71.7,65.6
2007-05-28,47.5,75.4,63.0
2007-05-29,55.9,79.3,68.3
2007-05-30,61.2,84.4,73.8
2007-05-31,64.7,84.0,75.2
2007-06-01,64.0,81.7,73.8
2007-06-02,62.4,85.1,74.5
2007-06-03,64.4,72.9,68.6
2007-06-04,62.0,73.1,66.5
2007-06-05,53.7,61.7,57.4
2007-06-06,45.6,65.9,57.5
2007-06-07,60.1,87.1,74.8
2007-06-08,63.0,84.6,75.2
2007-06-09,52.2,72.8,64.2
2007-06-10,51.2,76.3,66.3
2007-06-11,56.2,79.5,69.2
2007-06-12,57.3,82.7,70.7
2007-06-13,63.0,86.0,74.3
2007-06-14,60.3,82.4,72.7
2007-06-15,61.2,80.4,71.3
2007-06-16,59.2,84.2,73.9
2007-06-17,67.1,84.5,76.1
2007-06-18,70.1,90.9,80.7
2007-06-19,67.0,78.6,73.5
2007-06-20,59.0,77.8,68.9
2007-06-21,64.7,80.2,72.0
2007-06-22,57.9,74.2,66.1
2007-06-23,53.3,74.2,64.7
2007-06-24,54.8,78.5,68.5
2007-06-25,62.2,85.5,74.9
2007-06-26,67.7,88.1,79.5
2007-06-27,72.1,85.4,78.6
2007-06-28,64.0,78.5,71.9
2007-06-29,56.6,76.1,66.4
2007-06-30,56.8,78.7,68.8
2007-07-01,56.5,72.2,64.5
2007-07-02,51.0,72.9,63.2
2007-07-03,58.0,81.0,69.7
2007-07-04,62.1,80.7,71.7
2007-07-05,64.1,84.1,72.9
2007-07-06,61.8,82.0,72.3
2007-07-07,60.9,86.4,75.1
2007-07-08,70.3,93.9,82.6
2007-07-09,74.9,92.8,84.2
2007-07-10,72.1,90.9,81.2
2007-07-11,66.4,76.2,72.0
2007-07-12,62.8,76.3,69.6
2007-07-13,58.3,72.9,66.3
2007-07-14,57.2,78.4,69.0
2007-07-15,58.2,77.3,68.3
2007-07-16,56.9,79.2,68.3
2007-07-17,63.8,74.7,69.7
2007-07-18,63.6,81.9,73.1
2007-07-19,65.0,81.3,72.5
2007-07-20,59.1,73.4,66.1
2007-07-21,52.7,77.5,66.1
2007-07-22,54.3,79.6,68.4
2007-07-23,57.4,80.8,70.4
2007-07-24,64.8,77.2,70.7
2007-07-25,62.1,75.5,68.0
2007-07-26,60.0,77.7,68.9
2007-07-27,64.8,83.5,73.4
2007-07-28,67.2,82.0,74.3
2007-07-29,64.1,81.1,73.1
2007-07-30,60.5,86.2,74.7
2007-07-31,63.9,89.2,77.9
2007-08-01,66.2,93.3,81.3
2007-08-02,71.2,91.0,82.1
2007-08-03,72.6,90.3,81.3
2007-08-04,66.5,84.7,75.8
2007-08-05,65.7,75.9,69.3
2007-08-06,72.2,88.1,78.9
2007-08-07,72.1,85.5,76.5
2007-08-08,74.2,88.2,80.3
2007-08-09,68.2,77.2,73.3
2007-08-10,69.2,81.9,74.9
2007-08-11,62.5,81.1,72.1
2007-08-12,64.8,83.8,74.7
2007-08-13,62.5,79.1,70.9
2007-08-14,58.4,79.5,68.7
2007-08-15,64.4,79.2,71.5
2007-08-16,67.3,82.6,74.4
2007-08-17,60.6,76.7,69.2
2007-08-18,53.2,68.7,62.3
2007-08-19,56.4,62.6,60.0
2007-08-20,60.5,63.3,61.5
2007-08-21,61.4,74.6,67.8
2007-08-22,67.6,83.4,74.5
2007-08-23,72.3,85.9,78.8
2007-08-24,71.2,84.1,76.7
2007-08-25,66.5,77.0,72.2
2007-08-26,59.6,75.4,67.5
2007-08-27,57.7,77.4,67.8
2007-08-28,61.0,83.0,72.2
2007-08-29,66.0,88.4,76.7
2007-08-30,61.5,75.0,70.1
2007-08-31,55.2,75.4,65.0
2007-09-01,54.7,76.2,65.6
2007-09-02,57.8,77.5,67.8
2007-09-03,61.4,83.2,72.1
2007-09-04,62.8,81.7,72.7
2007-09-05,60.7,85.6,74.1
2007-09-06,68.0,86.2,76.2
2007-09-07,72.1,84.4,75.4
2007-09-08,66.3,75.9,71.3
2007-09-09,63.9,76.9,68.8
2007-09-10,59.4,73.6,66.5
2007-09-11,57.0,67.7,61.0
2007-09-12,51.4,62.7,57.8
2007-09-13,53.1,69.9,61.5
2007-09-14,53.0,68.4,60.3
2007-09-15,44.9,56.7,51.4
2007-09-16,42.5,62.3,53.0
2007-09-17,47.8,67.6,57.5
2007-09-18,52.7,77.1,64.2
2007-09-19,59.5,82.7,70.4
2007-09-20,60.6,76.9,67.9
2007-09-21,60.2,83.0,70.7
2007-09-22,57.0,73.6,67.9
2007-09-23,50.4,73.8,62.0
2007-09-24,54.5,83.8,69.0
2007-09-25,70.8,83.6,75.3
2007-09-26,63.0,71.2,67.7
2007-09-27,56.3,71.2,63.3
2007-09-28,53.5,68.6,60.6
2007-09-29,48.1,70.8,59.5
2007-09-30,54.3,74.4,64.2
2007-10-01,60.1,66.7,62.7
2007-10-02,55.4,72.2,64.6
2007-10-03,55.7,74.0,67.6
2007-10-04,51.1,77.4,64.3
2007-10-05,65.0,82.5,72.6
2007-10-06,66.8,84.3,74.4
2007-10-07,65.2,85.2,74.4
2007-10-08,66.9,84.7,74.9
2007-10-09,60.6,71.7,66.7
2007-10-10,48.9,59.1,51.8
2007-10-11,45.5,56.3,50.2
2007-10-12,43.2,50.3,47.4
2007-10-13,44.1,56.3,49.6
2007-10-14,39.6,59.1,49.6
2007-10-15,48.7,67.6,56.4
2007-10-16,56.3,61.7,58.7
2007-10-17,57.0,70.0,62.0
2007-10-18,60.5,75.7,67.6
2007-10-19,58.3,68.0,61.9
2007-10-20,53.0,64.4,58.1
2007-10-21,57.8,74.8,65.0
2007-10-22,56.5,72.4,63.7
2007-10-23,48.0,59.3,51.4
2007-10-24,45.5,55.0,49.3
2007-10-25,42.9,55.2,48.8
2007-10-26,50.3,59.2,54.2
2007-10-27,43.8,55.4,51.4
2007-10-28,37.1,51.6,44.0
2007-10-29,35.1,55.7,45.0
2007-10-30,39.5,59.6,48.7
2007-10-31,47.3,61.9,53.5
2007-11-01,37.6,49.6,45.1
2007-11-02,33.0,52.0,41.7
2007-11-03,33.4,54.7,43.0
2007-11-04,35.4,50.0,42.5
2007-11-05,37.0,55.2,42.9
2007-11-06,35.2,43.0,38.5
2007-11-07,32.4,39.5,36.0
2007-11-08,34.4,44.0,38.6
2007-11-09,38.4,47.8,41.9
2007-11-10,36.9,46.8,40.5
2007-11-11,35.5,44.1,39.7
2007-11-12,44.7,62.1,53.2
2007-11-13,40.3,56.0,47.9
2007-11-14,45.8,57.2,52.2
2007-11-15,32.9,44.3,38.8
2007-11-16,28.9,37.9,33.5
2007-11-17,30.8,39.1,34.7
2007-11-18,29.8,41.0,34.6
2007-11-19,28.6,52.0,38.7
2007-11-20,47.0,57.3,50.9
2007-11-21,37.7,56.5,45.3
2007-11-22,26.6,37.0,33.0
2007-11-23,22.6,32.5,27.1
2007-11-24,25.2,35.2,29.2
2007-11-25,26.3,39.5,32.2
2007-11-26,29.3,34.9,32.4
2007-11-27,21.1,36.1,30.4
2007-11-28,11.3,39.6,28.6
2007-11-29,26.4,39.5,30.4
2007-11-30,21.6,37.4,27.8
2007-12-01,17.8,28.4,22.6
2007-12-02,28.9,46.3,38.6
2007-12-03,25.9,34.2,30.3
2007-12-04,23.5,27.8,25.6
2007-12-05,16.6,27.6,22.7
2007-12-06,13.8,27.8,20.6
2007-12-07,22.9,32.5,27.4
2007-12-08,26.5,30.8,28.6
2007-12-09,26.1,28.4,27.1
2007-12-10,22.7,32.6,28.5
2007-12-11,21.4,33.4,29.6
2007-12-12,16.8,33.2,28.3
2007-12-13,21.6,34.9,31.1
2007-12-14,23.6,31.3,28.5
2007-12-15,22.9,27.4,24.6
2007-12-16,21.9,26.0,24.2
2007-12-17,15.7,26.7,21.9
2007-12-18,15.2,30.0,22.7
2007-12-19,27.7,34.6,32.4
2007-12-20,12.4,30.3,23.5
2007-12-21,25.4,36.1,31.0
2007-12-22,36.3,42.4,39.1
2007-12-23,19.7,49.5,32.7
2007-12-24,20.7,27.5,24.7
2007-12-25,17.5,34.7,25.9
2007-12-26,20.7,39.1,27.9
2007-12-27,27.8,40.5,32.3
2007-12-28,26.8,38.8,31.6
2007-12-29,26.6,33.9,30.6
2007-12-30,22.5,28.4,25.7
2007-12-31,20.5,35.9,28.1
2008-01-01,25.7,31.9,29.7
2008-01-02,5.5,24.4,18.7
2008-01-03,-2.7,19.0,9.1
2008-01-04,16.4,29.6,22.8
2008-01-05,27.7,38.3,34.4
2008-01-06,37.5,54.1,44.8
2008-01-07,54.7,59.5,57.1
2008-01-08,53.2,57.6,55.3
2008-01-09,33.9,55.4,39.4
2008-01-10,29.5,40.5,34.8
2008-01-11,33.6,45.8,38.6
2008-01-12,29.2,39.4,33.4
2008-01-13,28.9,37.8,32.8
2008-01-14,27.2,33.9,30.5
2008-01-15,21.7,30.1,27.3
2008-01-16,19.1,30.9,24.7
2008-01-17,25.8,35.9,30.4
2008-01-18,18.8,27.9,22.9
2008-01-19,7.1,24.6,16.0
2008-01-20,5.8,15.5,9.9
2008-01-21,10.0,21.6,15.5
2008-01-22,13.9,31.6,24.4
2008-01-23,13.0,19.7,16.2
2008-01-24,5.5,16.2,11.3
2008-01-25,1.0,17.3,9.2
2008-01-26,13.3,25.9,19.6
2008-01-27,20.7,30.5,24.8
2008-01-28,12.6,41.2,27.3
2008-01-29,38.1,48.5,44.3
2008-01-30,10.9,39.8,15.2
2008-01-31,11.0,25.8,18.0
2008-02-01,23.1,32.8,27.7
2008-02-02,25.2,29.1,27.0
2008-02-03,20.4,34.0,28.4
2008-02-04,27.7,48.7,33.8
2008-02-05,31.4,50.6,40.9
2008-02-06,29.3,32.5,30.6
2008-02-07,19.8,28.9,25.0
2008-02-08,23.7,33.4,28.7
2008-02-09,26.4,36.6,31.6
2008-02-10,-2.8,27.8,8.1
2008-02-11,-4.9,13.7,2.9
2008-02-12,3.0,18.5,13.2
2008-02-13,11.4,25.2,16.5
2008-02-14,5.8,32.5,20.0
2008-02-15,11.2,31.6,20.6
2008-02-16,8.2,30.5,19.5
2008-02-17,22.3,49.1,38.8
2008-02-18,14.8,39.6,28.0
2008-02-19,10.3,20.4,14.3
2008-02-20,3.0,19.9,11.3
2008-02-21,-0.2,22.8,14.1
2008-02-22,15.2,30.8,22.0
2008-02-23,6.0,32.7,20.2
2008-02-24,17.4,36.3,27.1
2008-02-25,16.2,39.1,28.8
2008-02-26,20.7,33.9,28.6
2008-02-27,6.3,19.1,13.5
2008-02-28,-3.3,23.0,10.7
2008-02-29,12.4,36.6,25.1
2008-03-01,18.5,31.4,24.9
2008-03-02,12.0,41.3,28.6
2008-03-03,32.0,58.0,46.3
2008-03-04,24.7,31.1,27.3
2008-03-05,19.1,34.7,26.3
2008-03-06,19.2,36.3,27.4
2008-03-07,18.1,26.9,22.9
2008-03-08,9.6,21.3,17.5
2008-03-09,-0.0,29.7,15.1
2008-03-10,19.9,37.0,28.1
2008-03-11,16.6,37.3,27.4
2008-03-12,28.5,39.4,32.3
2008-03-13,25.8,50.5,37.0
2008-03-14,35.3,54.6,43.5
2008-03-15,27.1,44.4,35.9
2008-03-16,24.6,37.0,30.9
2008-03-17,22.6,37.3,28.9
2008-03-18,32.0,49.1,40.4
2008-03-19,33.3,42.2,36.8
2008-03-20,28.1,42.8,33.8
2008-03-21,25.1,32.4,27.9
2008-03-22,21.1,34.8,26.8
2008-03-23,19.0,35.6,26.4
2008-03-24,16.1,36.0,25.4
2008-03-25,16.6,44.2,34.0
2008-03-26,28.5,45.9,37.5
2008-03-27,28.4,46.4,35.2
2008-03-28,23.0,36.9,29.5
2008-03-29,21.6,37.0,29.1
2008-03-30,27.0,42.4,36.1
2008-03-31,43.2,58.8,52.2
2008-04-01,30.9,57.7,44.7
2008-04-02,24.9,44.5,33.7
2008-04-03,24.7,51.5,38.5
2008-04-04,35.2,44.3,40.1
2008-04-05,28.9,59.6,43.9
2008-04-06,31.0,56.9,44.8
2008-04-07,43.9,67.5,54.0
2008-04-08,39.0,59.7,48.7
2008-04-09,40.5,57.4,49.5
2008-04-10,34.3,47.3,41.2
2008-04-11,41.9,72.6,54.1
2008-04-12,37.8,46.5,42.7
2008-04-13,30.6,43.9,37.0
2008-04-14,30.0,50.9,39.4
2008-04-15,26.7,55.2,42.7
2008-04-16,39.4,64.3,51.9
2008-04-17,46.7,70.2,58.4
2008-04-18,50.2,73.2,61.5
2008-04-19,48.7,70.1,58.8
2008-04-20,47.7,68.2,56.5
2008-04-21,44.2,66.7,56.8
2008-04-22,50.9,70.8,60.6
2008-04-23,51.5,71.5,61.5
2008-04-24,42.4,64.4,54.7
2008-04-25,52.9,77.6,66.0
2008-04-26,49.5,67.5,57.9
2008-04-27,42.8,60.7,51.8
2008-04-28,39.6,52.2,45.6
2008-04-29,34.4,49.2,41.8
2008-04-30,32.4,51.9,42.8
2008-05-01,41.6,64.8,53.1
2008-05-02,53.5,70.8,63.8
2008-05-03,48.7,68.2,60.8
2008-05-04,41.5,63.0,52.4
2008-05-05,45.8,70.0,57.5
2008-05-06,41.8,72.1,58.1
2008-05-07,56.5,64.6,59.9
2008-05-08,43.7,58.1,51.4
2008-05-09,44.2,63.3,53.6
2008-05-10,43.2,65.4,54.8
2008-05-11,48.4,55.5,51.8
2008-05-12,46.5,56.4,51.6
2008-05-13,39.4,65.4,54.8
2008-05-14,52.1,60.8,55.7
2008-05-15,45.0,60.9,52.9
2008-05-16,45.3,66.7,55.8
2008-05-17,51.6,65.7,59.2
2008-05-18,46.0,56.3,51.2
2008-05-19,39.9,58.8,49.8
2008-05-20,44.0,60.8,52.8
2008-05-21,40.4,56.6,48.9
2008-05-22,42.0,56.2,48.9
2008-05-23,42.7,61.7,52.7
2008-05-24,43.6,66.3,55.1
2008-05-25,42.6,71.4,59.0
2008-05-26,60.2,81.2,70.1
2008-05-27,45.1,65.4,55.5
2008-05-28,39.4,62.9,51.5
2008-05-29,41.0,72.1,58.6
2008-05-30,54.5,79.3,66.9
2008-05-31,62.1,74.3,68.0
2008-06-01,54.0,70.1,61.6
2008-06-02,48.7,78.7,65.4
2008-06-03,60.6,71.5,65.8
2008-06-04,61.0,71.7,65.3
2008-06-05,65.4,83.8,74.3
2008-06-06,70.2,87.7,79.6
2008-06-07,71.3,83.8,77.7
2008-06-08,73.9,88.7,79.7
2008-06-09,69.4,83.8,77.2
2008-06-10,63.9,74.9,69.1
2008-06-11,61.2,82.1,72.2
2008-06-12,68.3,82.9,76.0
2008-06-13,68.3,84.8,74.8
2008-06-14,65.2,79.4,71.8
2008-06-15,63.4,81.4,71.6
2008-06-16,60.0,73.0,66.8
2008-06-17,53.1,66.6,60.1
2008-06-18,52.4,62.0,58.0
2008-06-19,50.8,70.6,61.6
2008-06-20,52.5,77.1,65.6
2008-06-21,59.1,80.4,67.3
2008-06-22,57.7,76.7,65.9
2008-06-23,56.0,72.8,64.9
2008-06-24,55.9,76.7,67.2
2008-06-25,56.2,78.5,67.5
2008-06-26,63.9,87.1,73.9
2008-06-27,64.0,84.2,74.6
2008-06-28,68.2,81.5,73.3
2008-06-29,62.2,72.4,66.4
2008-06-30,60.3,73.4,64.9
2008-07-01,51.9,78.3,66.4
2008-07-02,62.3,82.0,71.8
2008-07-03,60.3,72.1,66.8
2008-07-04,51.7,72.9,63.5
2008-07-05,52.8,76.6,66.1
2008-07-06,52.9,80.8,69.6
2008-07-07,62.8,84.7,75.4
2008-07-08,70.0,83.1,74.3
2008-07-09,65.6,77.8,72.8
2008-07-10,57.7,78.5,70.4
2008-07-11,67.8,82.6,74.5
2008-07-12,68.6,82.8,75.2
2008-07-13,65.4,78.5,72.1
2008-07-14,61.7,76.4,69.2
2008-07-15,55.7,83.2,71.1
2008-07-16,69.3,87.3,78.0
2008-07-17,69.8,89.0,79.2
2008-07-18,70.8,87.8,79.1
2008-07-19,71.7,77.6,73.8
2008-07-20,70.4,81.1,74.3
2008-07-21,66.9,81.7,73.2
2008-07-22,64.8,78.3,70.5
2008-07-23,62.1,76.7,69.0
2008-07-24,58.1,79.0,68.9
2008-07-25,57.6,81.8,71.4
2008-07-26,68.0,82.4,74.3
2008-07-27,60.9,80.4,71.7
2008-07-28,60.3,84.2,73.7
2008-07-29,65.2,87.3,76.7
2008-07-30,71.5,85.5,75.9
2008-07-31,66.4,82.8,74.6
2008-08-01,64.0,83.8,74.4
2008-08-02,65.3,79.0,71.7
2008-08-03,58.0,81.7,70.8
2008-08-04,64.2,84.3,75.3
2008-08-05,69.4,83.9,75.5
2008-08-06,66.3,80.2,73.6
2008-08-07,62.2,75.4,68.5
2008-08-08,59.6,73.8,66.7
2008-08-09,55.1,74.3,63.9
2008-08-10,52.9,67.2,60.7
2008-08-11,58.7,72.5,65.3
2008-08-12,58.3,76.2,67.7
2008-08-13,60.7,75.8,69.0
2008-08-14,61.2,76.2,67.0
2008-08-15,57.0,73.0,65.6
2008-08-16,56.3,79.1,68.3
2008-08-17,62.8,81.4,71.3
2008-08-18,65.1,83.6,74.0
2008-08-19,61.0,73.4,68.2
2008-08-20,54.2,75.7,65.2
2008-08-21,56.5,82.7,70.1
2008-08-22,67.3,87.7,76.1
2008-08-23,70.1,89.2,78.5
2008-08-24,69.3,82.8,75.6
2008-08-25,60.1,72.7,66.4
2008-08-26,55.8,75.2,65.2
2008-08-27,58.0,78.4,68.1
2008-08-28,63.0,74.2,67.6
2008-08-29,64.0,81.9,71.0
2008-08-30,60.6,82.1,70.5
2008-08-31,59.2,83.3,71.3
2008-09-01,61.4,83.3,72.3
2008-09-02,61.4,87.2,74.1
2008-09-03,64.5,89.9,76.0
2008-09-04,63.4,79.2,70.6
2008-09-05,66.6,75.4,70.7
2008-09-06,60.5,74.5,67.1
2008-09-07,59.3,70.1,63.5
2008-09-08,56.9,73.8,62.9
2008-09-09,52.0,66.3,58.7
2008-09-10,48.0,67.3,57.8
2008-09-11,51.7,73.4,62.5
2008-09-12,64.1,72.6,68.2
2008-09-13,66.2,76.6,70.1
2008-09-14,60.2,82.0,71.8
2008-09-15,56.9,64.9,60.1
2008-09-16,55.6,66.3,59.7
2008-09-17,53.4,75.5,63.4
2008-09-18,53.3,68.3,60.5
2008-09-19,49.0,72.1,60.5
2008-09-20,52.7,78.2,65.8
2008-09-21,57.8,71.2,64.2
2008-09-22,53.3,72.1,61.9
2008-09-23,55.1,74.4,63.2
2008-09-24,55.4,76.9,65.1
2008-09-25,56.6,76.5,65.5
2008-09-26,57.1,73.4,64.4
2008-09-27,55.9,69.7,62.7
2008-09-28,51.8,72.3,62.0
2008-09-29,56.1,67.4,60.6
2008-09-30,53.8,62.3,57.8
2008-10-01,48.1,57.7,52.2
2008-10-02,43.8,54.6,49.3
2008-10-03,39.8,55.7,48.3
2008-10-04,36.4,57.0,47.1
2008-10-05,40.2,60.8,50.7
2008-10-06,49.2,61.2,54.2
2008-10-07,45.0,61.8,52.9
2008-10-08,55.0,61.4,58.1
2008-10-09,49.4,67.4,57.0
2008-10-10,43.2,67.6,55.0
2008-10-11,50.5,70.9,59.0
2008-10-12,49.2,76.6,61.8
2008-10-13,55.8,76.9,65.3
2008-10-14,50.5,68.2,62.9
2008-10-15,47.5,64.4,57.0
2008-10-16,48.4,55.1,52.0
2008-10-17,41.4,55.1,48.2
2008-10-18,42.0,55.6,48.4
2008-10-19,35.2,55.4,46.0
2008-10-20,42.4,63.0,50.7
2008-10-21,36.4,48.9,43.3
2008-10-22,31.0,49.4,39.7
2008-10-23,37.8,52.0,43.9
2008-10-24,41.6,49.8,45.5
2008-10-25,42.9,49.6,46.4
2008-10-26,40.7,54.9,48.0
2008-10-27,36.3,47.9,41.1
2008-10-28,33.4,43.0,37.6
2008-10-29,34.5,43.5,38.6
2008-10-30,26.6,51.7,39.6
2008-10-31,43.3,65.6,52.4
2008-11-01,40.0,56.4,47.9
2008-11-02,36.2,50.8,42.9
2008-11-03,46.7,66.6,55.8
2008-11-04,46.6,68.5,56.1
2008-11-05,43.3,67.5,54.2
2008-11-06,44.4,65.8,53.9
2008-11-07,45.8,61.3,54.3
2008-11-08,37.8,44.1,40.4
2008-11-09,30.6,40.2,37.3
2008-11-10,28.9,37.4,33.0
2008-11-11,26.1,40.1,33.2
2008-11-12,35.2,50.8,42.6
2008-11-13,45.8,53.3,48.9
2008-11-14,48.0,52.6,50.7
2008-11-15,35.8,46.9,39.9
2008-11-16,29.6,37.1,33.8
2008-11-17,26.3,34.7,29.4
2008-11-18,21.1,30.5,25.7
2008-11-19,21.0,32.8,28.3
2008-11-20,25.4,36.1,30.8
2008-11-21,20.4,29.9,24.5
2008-11-22,19.1,31.8,24.3
2008-11-23,18.9,36.3,26.6
2008-11-24,29.0,36.1,32.2
2008-11-25,32.0,35.8,33.7
2008-11-26,25.9,35.9,32.3
2008-11-27,22.2,38.3,29.6
2008-11-28,31.4,38.4,34.0
2008-11-29,24.9,40.1,31.5
2008-11-30,27.0,34.3,31.9
2008-12-01,28.8,35.1,31.8
2008-12-02,22.5,28.0,25.5
2008-12-03,25.6,39.4,33.5
2008-12-04,21.1,34.2,27.2
2008-12-05,14.3,22.6,18.7
2008-12-06,13.8,28.9,21.4
2008-12-07,12.9,20.9,16.9
2008-12-08,17.5,30.7,25.2
2008-12-09,30.3,41.6,36.8
2008-12-10,15.6,30.8,24.9
2008-12-11,17.1,33.6,24.9
2008-12-12,14.5,25.3,22.6
2008-12-13,8.6,33.2,23.5
2008-12-14,33.5,47.9,39.4
2008-12-15,18.3,51.0,31.1
2008-12-16,16.1,21.6,19.1
2008-12-17,19.5,27.7,23.5
2008-12-18,15.4,26.4,21.0
2008-12-19,11.0,26.4,21.8
2008-12-20,13.4,19.9,16.7
2008-12-21,0.7,23.2,11.4
2008-12-22,5.1,18.3,12.7
2008-12-23,2.5,30.0,15.2
2008-12-24,26.2,42.3,35.6
2008-12-25,14.1,24.6,18.9
2008-12-26,17.8,44.2,29.0
2008-12-27,47.4,59.7,55.2
2008-12-28,27.5,59.8,37.1
2008-12-29,26.1,44.1,32.8
2008-12-30,26.0,31.7,28.1
2008-12-31,10.9,25.8,18.9
2009-01-01,9.6,28.0,18.7
2009-01-02,18.0,32.3,25.9
2009-01-03,17.4,30.3,22.9
2009-01-04,23.7,34.9,29.4
2009-01-05,19.0,29.7,24.0
2009-01-06,15.5,28.5,22.9
2009-01-07,26.1,30.4,27.9
2009-01-08,23.1,28.7,24.9
2009-01-09,16.6,23.5,21.0
2009-01-10,19.4,23.4,21.4
2009-01-11,7.9,22.0,15.8
2009-01-12,6.4,22.9,15.2
2009-01-13,-3.4,32.0,18.5
2009-01-14,-11.6,10.9,0.0
2009-01-15,-10.2,9.1,-1.0
2009-01-16,-10.8,9.9,-2.7
2009-01-17,-11.4,24.2,5.5
2009-01-18,10.0,24.1,17.2
2009-01-19,7.9,19.0,12.4
2009-01-20,-2.5,14.5,6.0
2009-01-21,-5.1,21.7,8.8
2009-01-22,17.7,30.3,22.5
2009-01-23,12.6,36.1,24.2
2009-01-24,0.7,14.2,7.4
2009-01-25,-5.8,14.5,4.2
2009-01-26,-1.9,19.0,8.3
2009-01-27,5.0,21.4,14.0
2009-01-28,13.8,21.6,17.2
2009-01-29,10.5,25.6,18.3
2009-01-30,5.4,20.9,15.6
2009-01-31,-5.3,32.2,11.2
2009-02-01,27.4,38.8,34.0
2009-02-02,15.5,31.9,23.9
2009-02-03,9.1,23.9,18.0
2009-02-04,-4.5,11.9,5.1
2009-02-05,-14.5,16.5,2.7
2009-02-06,5.5,31.7,18.8
2009-02-07,29.3,53.5,44.3
2009-02-08,23.5,39.1,32.7
2009-02-09,22.3,38.9,31.3
2009-02-10,35.2,59.6,49.0
2009-02-11,43.2,56.1,50.0
2009-02-12,31.3,42.5,35.6
2009-02-13,28.9,36.3,32.1
2009-02-14,25.4,33.6,28.2
2009-02-15,21.9,31.4,26.0
2009-02-16,18.5,32.2,24.3
2009-02-17,20.9,38.8,30.3
2009-02-18,29.8,38.6,35.0
2009-02-19,13.1,27.0,17.7
2009-02-20,11.3,29.4,19.5
2009-02-21,18.0,33.0,23.8
2009-02-22,16.5,26.1,20.4
2009-02-23,7.4,22.5,15.5
2009-02-24,10.6,29.5,20.3
2009-02-25,19.0,47.7,33.4
2009-02-26,31.5,48.2,39.9
2009-02-27,20.0,52.3,36.9
2009-02-28,16.1,27.6,21.3
2009-03-01,10.8,24.2,18.3
2009-03-02,6.0,20.1,11.8
2009-03-03,8.1,28.6,17.6
2009-03-04,16.5,37.4,26.2
2009-03-05,25.5,56.3,41.4
2009-03-06,39.9,65.8,54.9
2009-03-07,33.3,47.3,38.7
2009-03-08,34.9,47.4,38.1
2009-03-09,30.0,46.3,37.2
2009-03-10,32.1,54.1,39.5
2009-03-11,23.1,57.0,33.5
2009-03-12,20.1,31.0,24.9
2009-03-13,20.4,36.0,27.0
2009-03-14,23.4,46.8,33.9
2009-03-15,26.7,51.9,38.3
2009-03-16,27.9,54.9,40.4
2009-03-17,29.4,65.5,47.8
2009-03-18,42.2,58.6,51.7
2009-03-19,27.3,42.7,36.9
2009-03-20,22.6,38.8,29.4
2009-03-21,24.4,47.9,34.8
2009-03-22,28.9,49.9,37.9
2009-03-23,25.7,40.1,31.5
2009-03-24,29.2,44.9,37.4
2009-03-25,41.5,55.8,50.0
2009-03-26,32.6,52.5,41.6
2009-03-27,30.2,56.0,44.4
2009-03-28,31.1,52.5,42.1
2009-03-29,31.5,46.6,40.1
2009-03-30,27.0,47.1,36.0
2009-03-31,30.6,48.3,39.9
2009-04-01,37.5,53.4,47.0
2009-04-02,41.3,60.8,49.9
2009-04-03,37.0,48.7,43.6
2009-04-04,32.4,51.0,40.5
2009-04-05,30.6,47.7,38.1
2009-04-06,26.0,36.2,31.8
2009-04-07,23.1,34.6,28.8
2009-04-08,25.2,46.3,35.2
2009-04-09,24.1,50.6,37.5
2009-04-10,29.8,50.9,39.8
2009-04-11,29.7,47.8,37.5
2009-04-12,25.2,48.8,36.5
2009-04-13,28.9,43.3,36.8
2009-04-14,37.6,41.3,39.7
2009-04-15,39.1,57.7,46.2
2009-04-16,31.7,61.8,47.5
2009-04-17,35.4,67.2,52.1
2009-04-18,41.9,69.9,56.9
2009-04-19,43.2,54.2,48.2
2009-04-20,39.9,56.6,46.3
2009-04-21,38.0,48.8,41.9
2009-04-22,35.4,53.0,42.5
2009-04-23,31.2,56.8,44.5
2009-04-24,45.7,79.5,62.9
2009-04-25,63.5,77.8,68.8
2009-04-26,53.4,78.6,66.2
2009-04-27,61.8,77.9,68.7
2009-04-28,43.9,64.2,52.3
2009-04-29,43.7,55.9,50.0
2009-04-30,51.4,64.2,58.0
2009-05-01,46.8,61.9,56.0
2009-05-02,40.5,60.8,51.2
2009-05-03,39.7,65.9,54.3
2009-05-04,45.7,64.1,55.1
2009-05-05,46.1,64.0,55.8
2009-05-06,44.2,66.4,55.8
2009-05-07,48.3,66.6,57.1
2009-05-08,52.6,70.7,62.0
2009-05-09,52.1,60.0,56.5
2009-05-10,44.0,57.9,50.8
2009-05-11,41.2,59.0,50.2
2009-05-12,38.5,62.3,51.8
2009-05-13,49.5,61.9,56.6
2009-05-14,50.7,67.7,62.4
2009-05-15,46.0,66.5,56.6
2009-05-16,47.4,64.8,58.4
2009-05-17,39.6,56.8,48.9
2009-05-18,35.2,61.4,50.0
2009-05-19,48.6,70.5,59.6
2009-05-20,52.6,76.9,64.9
2009-05-21,56.8,78.5,67.8
2009-05-22,54.6,67.6,60.7
2009-05-23,48.5,77.3,64.4
2009-05-24,56.3,71.6,64.2
2009-05-25,51.0,68.2,59.4
2009-05-26,55.9,68.4,62.1
2009-05-27,60.6,77.5,69.1
2009-05-28,56.0,68.4,63.8
2009-05-29,50.9,75.0,61.7
2009-05-30,45.0,69.6,59.4
2009-05-31,46.2,63.7,56.0
2009-06-01,51.5,76.1,60.7
2009-06-02,49.7,62.4,56.1
2009-06-03,50.2,64.0,57.0
2009-06-04,44.4,65.7,55.6
2009-06-05,44.0,71.1,59.2
2009-06-06,53.8,72.9,63.1
2009-06-07,54.2,77.2,66.5
2009-06-08,57.8,78.1,67.8
2009-06-09,56.7,71.2,64.0
2009-06-10,54.4,71.7,63.1
2009-06-11,56.3,67.8,61.8
2009-06-12,50.6,72.3,62.1
2009-06-13,53.3,69.3,62.1
2009-06-14,53.7,73.1,64.5
2009-06-15,55.1,75.7,66.0
2009-06-16,54.0,75.5,66.4
2009-06-17,63.0,71.4,66.3
2009-06-18,58.7,76.0,67.6
2009-06-19,63.7,81.9,71.6
2009-06-20,68.4,81.0,74.4
2009-06-21,61.8,78.5,70.8
2009-06-22,59.9,81.2,71.4
2009-06-23,62.4,84.9,74.6
2009-06-24,68.4,86.6,78.2
2009-06-25,70.8,90.1,77.8
2009-06-26,67.7,80.7,74.5
2009-06-27,59.1,79.3,70.4
2009-06-28,65.6,78.8,71.2
2009-06-29,62.5,73.4,67.4
2009-06-30,59.1,66.8,63.0
2009-07-01,57.3,68.5,62.3
2009-07-02,56.3,67.6,62.5
2009-07-03,58.3,70.2,65.0
2009-07-04,54.7,74.7,65.3
2009-07-05,57.7,78.2,68.6
2009-07-06,59.0,76.5,68.4
2009-07-07,56.2,69.2,62.7
2009-07-08,52.5,72.6,63.1
2009-07-09,55.7,74.9,66.5
2009-07-10,59.9,82.9,72.1
2009-07-11,66.8,82.2,72.4
2009-07-12,56.4,76.6,67.8
2009-07-13,52.1,74.3,65.3
2009-07-14,53.1,75.7,65.5
2009-07-15,58.9,82.7,71.1
2009-07-16,64.1,78.7,72.0
2009-07-17,60.4,72.5,65.7
2009-07-18,55.7,69.4,62.8
2009-07-19,54.4,72.1,63.7
2009-07-20,56.0,75.9,67.1
2009-07-21,60.4,76.1,68.0
2009-07-22,63.9,74.3,66.8
2009-07-23,62.4,75.2,67.1
2009-07-24,59.7,77.3,69.1
2009-07-25,66.3,76.6,69.6
2009-07-26,63.0,75.6,69.0
2009-07-27,59.8,79.8,70.8
2009-07-28,66.0,80.9,72.8
2009-07-29,65.2,77.5,70.3
2009-07-30,57.8,76.6,68.6
2009-07-31,61.8,77.1,69.7
2009-08-01,58.7,78.1,69.5
2009-08-02,63.0,74.9,68.4
2009-08-03,57.7,81.4,70.6
2009-08-04,68.6,84.8,76.2
2009-08-05,61.2,77.1,69.9
2009-08-06,58.1,75.6,67.3
2009-08-07,59.1,77.3,68.2
2009-08-08,62.5,82.2,70.3
2009-08-09,73.7,90.2,81.8
2009-08-10,69.4,83.7,76.3
2009-08-11,67.2,81.2,73.7
2009-08-12,62.6,77.9,70.9
2009-08-13,60.6,81.4,71.7
2009-08-14,61.3,83.4,73.4
2009-08-15,63.0,85.0,75.4
2009-08-16,68.0,87.8,78.2
2009-08-17,72.4,84.2,77.0
2009-08-18,69.8,82.0,75.2
2009-08-19,63.5,82.5,72.9
2009-08-20,70.5,81.2,74.4
2009-08-21,65.8,75.8,70.3
2009-08-22,59.3,68.5,63.6
2009-08-23,60.5,69.3,64.8
2009-08-24,58.6,75.3,67.0
2009-08-25,57.8,81.1,69.7
2009-08-26,61.6,68.4,65.9
2009-08-27,56.4,71.2,63.0
2009-08-28,59.6,66.4,62.9
2009-08-29,58.8,70.2,63.5
2009-08-30,53.0,64.9,58.5
2009-08-31,50.1,67.6,59.4
2009-09-01,49.5,70.2,60.4
2009-09-02,50.0,73.6,62.7
2009-09-03,52.3,74.7,64.4
2009-09-04,53.2,75.9,65.4
2009-09-05,54.9,76.6,66.6
2009-09-06,57.7,77.0,67.4
2009-09-07,61.7,73.7,66.3
2009-09-08,63.1,70.6,66.0
2009-09-09,62.5,75.0,68.3
2009-09-10,62.0,75.6,68.1
2009-09-11,60.3,74.6,66.7
2009-09-12,55.0,71.9,63.5
2009-09-13,51.7,78.1,65.4
2009-09-14,61.2,77.5,69.4
2009-09-15,61.5,76.3,68.7
2009-09-16,55.7,66.5,60.7
2009-09-17,50.6,68.5,59.3
2009-09-18,50.2,72.6,60.9
2009-09-19,47.1,66.7,56.7
2009-09-20,48.9,73.0,61.0
2009-09-21,65.5,74.8,68.5
2009-09-22,63.8,77.6,70.2
2009-09-23,66.7,76.5,70.8
2009-09-24,61.5,72.3,66.1
2009-09-25,55.7,68.4,61.4
2009-09-26,56.8,67.6,61.8
2009-09-27,54.0,70.2,62.0
2009-09-28,51.0,61.7,55.5
2009-09-29,51.0,59.1,54.8
2009-09-30,43.0,53.2,49.0
2009-10-01,36.0,58.8,48.4
2009-10-02,49.1,59.8,51.9
2009-10-03,48.7,56.2,51.9
2009-10-04,48.3,54.8,51.2
2009-10-05,43.8,57.8,50.8
2009-10-06,42.0,62.9,53.1
2009-10-07,45.9,56.9,52.0
2009-10-08,43.8,62.3,51.2
2009-10-09,46.4,51.8,49.7
2009-10-10,41.6,53.2,46.7
2009-10-11,34.8,47.0,40.9
2009-10-12,36.8,50.0,43.9
2009-10-13,35.7,47.7,43.1
2009-10-14,34.4,44.3,39.7
2009-10-15,35.2,41.5,38.3
2009-10-16,33.0,45.1,39.0
2009-10-17,33.5,46.3,39.7
2009-10-18,28.9,49.5,39.3
2009-10-19,37.5,58.5,47.3
2009-10-20,47.9,61.8,53.9
2009-10-21,51.1,66.6,58.0
2009-10-22,44.9,62.8,53.7
2009-10-23,43.1,59.1,50.6
2009-10-24,40.6,51.6,45.7
2009-10-25,36.9,56.9,46.0
2009-10-26,43.1,59.8,49.9
2009-10-27,49.1,55.1,51.9
2009-10-28,47.6,58.6,52.0
2009-10-29,45.8,56.9,49.9
2009-10-30,51.1,68.8,60.4
2009-10-31,42.3,63.5,48.5
2009-11-01,35.6,48.4,42.1
2009-11-02,34.3,50.0,42.7
2009-11-03,31.7,45.1,39.9
2009-11-04,31.3,46.0,38.4
2009-11-05,37.0,47.2,42.2
2009-11-06,28.9,46.1,38.6
2009-11-07,43.2,63.0,52.3
2009-11-08,42.1,63.8,52.6
2009-11-09,51.7,64.9,57.2
2009-11-10,43.8,54.2,50.1
2009-11-11,36.5,49.5,42.0
2009-11-12,32.1,49.3,39.4
2009-11-13,36.1,52.9,43.4
2009-11-14,43.6,61.4,50.5
2009-11-15,44.7,52.4,49.6
2009-11-16,40.0,46.2,43.2
2009-11-17,36.9,48.2,42.4
2009-11-18,43.0,53.3,47.3
2009-11-19,40.8,50.2,46.9
2009-11-20,40.5,49.9,45.0
2009-11-21,43.2,54.1,47.5
2009-11-22,36.7,48.4,43.0
2009-11-23,40.1,50.6,44.5
2009-11-24,39.2,48.8,44.6
2009-11-25,45.6,48.1,46.4
2009-11-26,37.0,45.3,39.5
2009-11-27,30.8,39.7,36.1
2009-11-28,27.7,45.8,37.0
2009-11-29,32.3,50.8,40.0
2009-11-30,30.5,39.4,35.4
2009-12-01,34.3,47.8,40.1
2009-12-02,33.5,45.7,39.7
2009-12-03,31.5,41.4,38.0
2009-12-04,22.9,30.6,27.4
2009-12-05,19.0,29.3,24.2
2009-12-06,21.2,35.5,27.3
2009-12-07,26.0,33.6,28.6
2009-12-08,24.8,33.9,30.1
2009-12-09,27.4,42.2,34.1
2009-12-10,10.8,27.8,16.1
2009-12-11,11.0,22.0,17.1
2009-12-12,7.6,33.5,22.0
2009-12-13,31.7,37.6,34.2
2009-12-14,30.9,41.5,35.9
2009-12-15,19.5,36.0,29.4
2009-12-16,18.8,25.1,21.5
2009-12-17,17.3,27.5,22.5
2009-12-18,27.4,34.7,30.3
2009-12-19,22.9,29.8,27.7
2009-12-20,15.1,30.7,22.8
2009-12-21,24.1,32.0,28.0
2009-12-22,22.5,30.0,26.6
2009-12-23,14.0,28.6,21.5
2009-12-24,22.5,32.5,27.5
2009-12-25,31.8,40.0,35.7
2009-12-26,26.8,32.9,29.9
2009-12-27,22.2,29.0,26.1
2009-12-28,18.6,30.5,22.7
2009-12-29,8.7,23.5,16.7
2009-12-30,7.3,28.3,19.9
2009-12-31,27.0,34.6,31.5
2010-01-01,13.7,25.2,20.5
2010-01-02,5.1,12.6,9.5
2010-01-03,3.6,20.8,11.5
2010-01-04,14.5,22.5,17.6
2010-01-05,12.8,25.4,18.9
2010-01-06,20.7,27.0,23.1
2010-01-07,20.6,25.5,22.5
2010-01-08,13.8,22.4,19.9
2010-01-09,1.8,20.5,10.3
2010-01-10,0.3,23.4,11.0
2010-01-11,11.1,24.2,18.7
2010-01-12,12.5,23.5,18.6
2010-01-13,18.2,31.5,24.2
2010-01-14,25.2,37.1,31.3
2010-01-15,29.6,35.7,33.0
2010-01-16,25.4,34.3,29.4
2010-01-17,17.3,34.6,28.5
2010-01-18,16.6,32.0,27.2
2010-01-19,24.5,33.3,29.0
2010-01-20,22.0,30.5,25.8
2010-01-21,20.3,33.0,26.4
2010-01-22,28.5,34.5,31.4
2010-01-23,28.0,36.2,32.0
2010-01-24,35.3,47.5,40.7
2010-01-25,29.0,41.3,33.5
2010-01-26,22.7,30.0,26.5
2010-01-27,16.5,26.5,21.9
2010-01-28,6.8,25.6,16.2
2010-01-29,4.6,19.5,10.9
2010-01-30,10.1,21.6,14.5
2010-01-31,9.3,27.8,17.9
2010-02-01,10.5,27.1,19.1
2010-02-02,17.0,30.1,23.2
2010-02-03,21.6,32.8,27.3
2010-02-04,17.4,34.1,24.8
2010-02-05,23.0,33.9,27.8
2010-02-06,15.4,25.9,20.4
2010-02-07,14.8,30.0,21.1
2010-02-08,15.1,32.6,24.4
2010-02-09,21.2,25.5,23.2
2010-02-10,19.1,24.1,21.6
2010-02-11,13.1,27.6,18.5
2010-02-12,7.2,28.6,17.8
2010-02-13,2.0,28.3,16.5
2010-02-14,13.2,32.2,22.3
2010-02-15,13.5,29.3,22.5
2010-02-16,19.7,29.6,24.0
2010-02-17,19.0,33.3,25.7
2010-02-18,24.8,35.8,28.7
2010-02-19,20.5,36.0,26.6
2010-02-20,15.9,37.8,26.2
2010-02-21,27.8,39.7,32.9
2010-02-22,25.0,31.2,29.0
2010-02-23,20.8,34.7,26.1
2010-02-24,10.5,31.5,22.4
2010-02-25,15.5,26.1,22.0
2010-02-26,14.0,23.5,19.2
2010-02-27,24.0,34.2,29.4
2010-02-28,26.6,38.6,31.8
2010-03-01,20.4,37.0,29.7
2010-03-02,14.6,35.3,24.7
2010-03-03,19.2,37.6,26.1
2010-03-04,15.9,37.1,25.6
2010-03-05,11.0,38.3,25.2
2010-03-06,15.3,42.3,28.8
2010-03-07,19.3,44.2,31.0
2010-03-08,21.2,51.8,34.1
2010-03-09,27.4,54.0,39.9
2010-03-10,37.3,54.3,44.2
2010-03-11,36.6,59.1,46.6
2010-03-12,43.9,56.4,49.5
2010-03-13,37.6,45.4,43.0
2010-03-14,35.9,42.5,39.0
2010-03-15,36.6,53.5,42.8
2010-03-16,31.2,59.4,44.6
2010-03-17,28.1,60.8,44.4
2010-03-18,32.4,61.7,46.9
2010-03-19,40.5,62.2,50.7
2010-03-20,31.2,45.8,37.4
2010-03-21,29.0,49.1,37.8
2010-03-22,34.9,44.6,38.3
2010-03-23,35.5,52.2,42.4
2010-03-24,29.0,55.4,42.5
2010-03-25,27.6,44.8,38.3
2010-03-26,22.9,38.0,29.7
2010-03-27,23.1,44.3,33.5
2010-03-28,33.8,45.0,39.5
2010-03-29,31.5,49.2,39.8
2010-03-30,28.9,54.9,40.9
2010-03-31,33.0,67.2,50.3
2010-04-01,49.9,74.8,61.7
2010-04-02,55.3,76.4,65.5
2010-04-03,47.9,72.1,58.4
2010-04-04,39.7,66.7,55.3
2010-04-05,51.8,70.3,60.5
2010-04-06,53.2,74.2,63.6
2010-04-07,59.5,68.5,64.1
2010-04-08,35.2,59.0,46.9
2010-04-09,32.1,46.5,38.0
2010-04-10,27.8,65.9,47.9
2010-04-11,46.0,63.2,53.1
2010-04-12,35.6,59.6,48.8
2010-04-13,41.9,53.9,47.3
2010-04-14,41.9,62.7,51.9
2010-04-15,47.2,78.8,63.1
2010-04-16,44.6,64.8,59.2
2010-04-17,37.7,46.4,41.5
2010-04-18,34.2,49.0,42.6
2010-04-19,33.4,60.1,47.2
2010-04-20,36.0,61.2,48.7
2010-04-21,37.2,66.1,52.0
2010-04-22,36.8,57.9,47.0
2010-04-23,33.3,60.3,47.9
2010-04-24,47.7,60.1,52.7
2010-04-25,49.0,59.1,53.0
2010-04-26,46.0,61.5,52.3
2010-04-27,36.6,52.2,44.4
2010-04-28,31.5,55.5,44.6
2010-04-29,34.2,61.8,50.5
2010-04-30,51.3,77.8,64.8
2010-05-01,63.3,72.2,66.7
2010-05-02,62.2,75.0,66.6
2010-05-03,53.2,71.1,62.0
2010-05-04,52.2,69.6,61.5
2010-05-05,54.3,74.4,62.9
2010-05-06,49.7,62.7,56.0
2010-05-07,48.2,62.7,53.0
2010-05-08,40.8,53.2,46.9
2010-05-09,34.3,54.1,44.1
2010-05-10,34.7,55.0,45.8
2010-05-11,45.4,48.8,47.0
2010-05-12,43.9,54.1,49.0
2010-05-13,46.5,72.9,56.1
2010-05-14,52.0,66.2,60.0
2010-05-15,47.5,64.0,55.7
2010-05-16,45.0,63.1,54.9
2010-05-17,49.4,63.3,55.7
2010-05-18,49.3,58.3,52.8
2010-05-19,46.8,70.0,58.5
2010-05-20,52.3,78.3,65.5
2010-05-21,58.5,69.9,62.9
2010-05-22,60.3,73.7,66.0
2010-05-23,54.9,78.5,68.2
2010-05-24,61.1,80.5,70.8
2010-05-25,62.5,79.6,71.2
2010-05-26,62.2,83.6,73.8
2010-05-27,65.1,82.2,73.3
2010-05-28,64.4,81.0,72.3
2010-05-29,59.5,82.1,71.1
2010-05-30,60.3,83.2,72.4
2010-05-31,65.9,83.8,72.3
2010-06-01,64.5,79.1,70.7
2010-06-02,63.0,73.8,67.1
2010-06-03,60.3,74.9,67.4
2010-06-04,59.2,77.9,68.8
2010-06-05,64.3,79.4,70.6
2010-06-06,57.2,68.7,63.5
2010-06-07,50.7,67.7,59.8
2010-06-08,47.6,68.2,59.0
2010-06-09,57.8,77.4,67.0
2010-06-10,59.5,75.6,67.8
2010-06-11,61.2,79.1,70.8
2010-06-12,71.3,83.7,77.2
2010-06-13,66.1,76.5,71.1
2010-06-14,64.5,76.8,70.1
2010-06-15,64.0,75.4,70.2
2010-06-16,67.2,76.0,71.4
2010-06-17,59.2,75.0,67.4
2010-06-18,59.9,84.7,73.0
2010-06-19,69.1,80.3,74.5
2010-06-20,64.0,79.0,71.7
2010-06-21,60.3,81.6,71.7
2010-06-22,69.3,84.8,76.9
2010-06-23,67.5,85.6,75.7
2010-06-24,69.2,78.1,72.6
2010-06-25,58.9,79.2,70.3
2010-06-26,62.4,81.9,71.6
2010-06-27,65.1,86.0,74.8
2010-06-28,68.1,81.3,74.5
2010-06-29,58.0,67.2,63.5
2010-06-30,51.6,69.3,61.2
2010-07-01,53.1,72.3,63.1
2010-07-02,51.9,77.2,66.0
2010-07-03,56.2,82.3,70.4
2010-07-04,59.6,88.7,75.9
2010-07-05,73.3,89.2,81.1
2010-07-06,71.8,90.0,81.1
2010-07-07,70.8,88.9,80.8
2010-07-08,70.2,87.7,78.6
2010-07-09,70.2,81.8,75.4
2010-07-10,62.1,83.4,73.8
2010-07-11,63.0,85.0,75.0
2010-07-12,66.6,79.2,73.4
2010-07-13,66.0,80.3,73.1
2010-07-14,64.8,85.9,75.9
2010-07-15,70.6,92.1,78.8
2010-07-16,67.3,84.7,77.5
2010-07-17,71.8,86.5,79.0
2010-07-18,64.2,87.6,77.3
2010-07-19,70.8,82.2,76.2
2010-07-20,66.7,80.2,73.1
2010-07-21,69.5,83.7,76.7
2010-07-22,63.6,81.8,74.1
2010-07-23,74.1,89.7,80.9
2010-07-24,73.7,87.5,79.5
2010-07-25,67.4,79.2,74.4
2010-07-26,61.2,81.9,73.1
2010-07-27,61.8,82.8,73.7
2010-07-28,69.5,86.3,77.4
2010-07-29,63.5,77.2,70.9
2010-07-30,61.3,79.0,71.3
2010-07-31,64.1,77.3,71.2
2010-08-01,63.2,80.0,72.8
2010-08-02,64.5,85.7,76.3
2010-08-03,70.7,82.8,77.0
2010-08-04,69.1,86.2,78.6
2010-08-05,69.6,82.8,76.0
2010-08-06,64.5,77.0,71.2
2010-08-07,58.4,77.6,69.6
2010-08-08,66.7,85.1,75.9
2010-08-09,71.3,84.1,76.0
2010-08-10,67.7,86.1,77.4
2010-08-11,68.6,86.3,76.5
2010-08-12,70.6,83.6,77.0
2010-08-13,70.9,84.5,77.5
2010-08-14,71.9,82.0,76.3
2010-08-15,70.8,86.4,77.0
2010-08-16,65.7,77.8,71.7
2010-08-17,62.2,80.1,71.3
2010-08-18,64.0,78.6,70.0
2010-08-19,62.0,83.4,73.2
2010-08-20,65.5,84.7,74.5
2010-08-21,67.6,73.2,71.5
2010-08-22,67.6,79.8,72.4
2010-08-23,64.8,75.0,70.1
2010-08-24,63.4,75.7,70.1
2010-08-25,64.8,77.2,70.7
2010-08-26,57.1,72.2,64.9
2010-08-27,54.9,77.0,66.6
2010-08-28,57.4,81.4,70.0
2010-08-29,59.9,88.8,75.3
2010-08-30,69.2,88.8,79.6
2010-08-31,71.1,88.2,79.7
2010-09-01,71.8,89.1,79.4
2010-09-02,70.2,76.5,74.1
2010-09-03,60.4,74.2,69.3
2010-09-04,55.0,63.5,59.0
2010-09-05,50.4,70.1,60.5
2010-09-06,57.5,78.5,67.7
2010-09-07,66.7,83.0,74.7
2010-09-08,58.5,65.2,61.9
2010-09-09,52.0,66.7,60.0
2010-09-10,50.2,65.7,59.2
2010-09-11,53.5,66.1,59.1
2010-09-12,54.2,72.4,63.3
2010-09-13,59.8,76.7,67.2
2010-09-14,53.0,70.0,61.9
2010-09-15,49.2,70.3,60.5
2010-09-16,57.7,74.2,64.3
2010-09-17,50.3,64.0,57.3
2010-09-18,51.6,76.6,63.2
2010-09-19,57.1,67.2,61.9
2010-09-20,55.4,65.9,59.9
2010-09-21,58.9,85.4,71.4
2010-09-22,63.3,74.4,68.8
2010-09-23,61.6,86.4,72.7
2010-09-24,60.8,81.1,73.6
2010-09-25,54.2,60.5,56.9
2010-09-26,48.7,57.5,53.7
2010-09-27,51.3,62.2,55.3
2010-09-28,51.0,56.6,53.1
2010-09-29,44.7,68.5,56.9
2010-09-30,48.1,69.3,58.8
2010-10-01,48.0,63.5,55.8
2010-10-02,46.9,54.2,50.6
2010-10-03,44.3,53.5,48.6
2010-10-04,41.9,56.7,49.2
2010-10-05,44.2,61.4,51.8
2010-10-06,45.9,67.2,56.1
2010-10-07,49.1,67.3,58.1
2010-10-08,46.4,73.7,60.0
2010-10-09,53.5,71.6,61.2
2010-10-10,50.9,78.8,64.4
2010-10-11,54.7,74.7,63.2
2010-10-12,49.5,63.5,55.8
2010-10-13,45.6,63.6,53.6
2010-10-14,44.9,60.1,52.8
2010-10-15,45.0,57.8,50.9
2010-10-16,40.8,61.2,51.3
2010-10-17,47.3,61.2,53.9
2010-10-18,45.4,55.2,49.9
2010-10-19,40.5,56.0,48.2
2010-10-20,40.9,63.0,51.4
2010-10-21,40.3,50.6,45.1
2010-10-22,35.2,55.5,45.4
2010-10-23,44.9,64.1,55.4
2010-10-24,56.4,70.3,62.5
2010-10-25,59.4,68.2,62.8
2010-10-26,56.1,68.8,61.2
2010-10-27,51.8,65.2,58.1
2010-10-28,43.6,54.6,46.3
2010-10-29,41.2,49.2,44.0
2010-10-30,39.2,57.1,46.6
2010-10-31,37.0,47.6,42.2
2010-11-01,29.7,46.7,38.0
2010-11-02,29.3,47.6,38.2
2010-11-03,29.4,46.4,38.0
2010-11-04,30.7,47.6,38.5
2010-11-05,30.0,39.1,35.6
2010-11-06,27.0,40.0,32.3
2010-11-07,27.5,50.8,38.0
2010-11-08,30.7,57.5,42.3
2010-11-09,33.2,56.2,43.2
2010-11-10,38.2,51.8,43.9
2010-11-11,36.0,58.1,44.5
2010-11-12,37.1,60.4,45.9
2010-11-13,36.5,58.3,47.2
2010-11-14,37.0,52.7,42.4
2010-11-15,34.8,49.5,40.8
2010-11-16,29.6,50.1,40.5
2010-11-17,39.9,51.6,44.3
2010-11-18,31.7,42.8,38.0
2010-11-19,26.4,44.2,36.4
2010-11-20,34.2,45.5,40.1
2010-11-21,34.2,57.4,46.0
2010-11-22,57.6,63.0,59.5
2010-11-23,30.0,59.6,41.0
2010-11-24,24.5,36.8,31.8
2010-11-25,33.3,46.0,40.5
2010-11-26,25.7,31.1,28.0
2010-11-27,27.9,36.4,30.8
2010-11-28,27.0,37.9,31.3
2010-11-29,29.8,46.0,37.0
2010-11-30,33.3,54.6,45.8
2010-12-01,24.4,32.5,28.3
2010-12-02,24.2,30.4,27.0
2010-12-03,25.3,31.9,27.9
2010-12-04,24.9,32.5,28.4
2010-12-05,24.1,31.1,27.0
2010-12-06,22.9,29.4,25.7
2010-12-07,20.8,27.7,23.7
2010-12-08,20.3,28.7,23.7
2010-12-09,16.0,28.2,22.5
2010-12-10,25.9,40.1,30.7
2010-12-11,23.7,38.8,31.9
2010-12-12,13.9,34.1,28.6
2010-12-13,4.6,12.3,8.3
2010-12-14,6.0,19.4,11.6
2010-12-15,8.7,23.7,15.7
2010-12-16,3.0,23.8,13.4
2010-12-17,13.5,27.0,19.7
2010-12-18,11.0,20.5,15.8
2010-12-19,14.9,26.5,20.0
2010-12-20,18.0,28.4,22.0
2010-12-21,16.8,28.8,23.0
2010-12-22,24.0,31.4,26.5
2010-12-23,20.2,30.6,26.0
2010-12-24,12.8,27.4,20.8
2010-12-25,22.0,28.0,24.2
2010-12-26,17.6,26.1,23.1
2010-12-27,12.3,23.6,18.2
2010-12-28,16.5,29.9,22.0
2010-12-29,11.8,33.7,22.9
2010-12-30,31.5,40.8,36.8
2010-12-31,39.9,54.0,46.3
2011-01-01,22.5,51.1,40.8
2011-01-02,16.8,25.9,21.6
2011-01-03,16.0,34.6,25.0
2011-01-04,23.6,34.2,29.3
2011-01-05,21.4,26.2,23.6
2011-01-06,19.5,29.9,24.1
2011-01-07,14.6,23.7,18.7
2011-01-08,8.2,23.4,16.3
2011-01-09,8.4,27.5,17.5
2011-01-10,15.7,27.2,21.0
2011-01-11,21.1,25.6,22.9
2011-01-12,12.6,23.6,20.4
2011-01-13,7.7,25.9,16.8
2011-01-14,11.3,22.4,16.2
2011-01-15,14.2,27.0,22.3
2011-01-16,0.9,18.3,9.5
2011-01-17,0.2,29.7,12.4
2011-01-18,25.3,36.6,33.0
2011-01-19,9.1,24.1,19.3
2011-01-20,7.2,24.0,17.4
2011-01-21,3.6,19.0,9.8
2011-01-22,-0.8,19.0,9.6
2011-01-23,-2.4,14.6,5.9
2011-01-24,-6.2,28.4,14.4
2011-01-25,22.9,30.6,27.2
2011-01-26,21.9,30.2,26.1
2011-01-27,23.0,26.0,24.9
2011-01-28,20.5,29.2,23.7
2011-01-29,19.6,29.5,24.9
2011-01-30,9.0,25.7,18.2
2011-01-31,0.8,16.7,9.3
2011-02-01,11.9,19.4,15.0
2011-02-02,10.0,16.7,14.7
2011-02-03,-0.8,20.9,9.3
2011-02-04,4.9,21.2,12.2
2011-02-05,9.1,25.2,18.3
2011-02-06,15.7,31.3,23.8
2011-02-07,16.3,29.9,26.8
2011-02-08,4.6,17.5,10.6
2011-02-09,3.9,16.5,8.5
2011-02-10,-6.0,13.5,3.2
2011-02-11,-1.8,23.9,12.5
2011-02-12,23.8,31.1,27.1
2011-02-13,29.5,40.5,35.5
2011-02-14,17.9,41.1,34.0
2011-02-15,1.8,29.5,17.7
2011-02-16,26.7,45.6,36.2
2011-02-17,41.5,55.7,49.5
2011-02-18,32.8,54.7,44.2
2011-02-19,18.0,34.7,27.2
2011-02-20,14.8,33.0,24.3
2011-02-21,15.0,25.9,21.8
2011-02-22,8.1,21.9,13.4
2011-02-23,-3.4,24.4,11.4
2011-02-24,20.1,36.8,30.1
2011-02-25,14.0,31.5,24.8
2011-02-26,10.6,31.9,22.6
2011-02-27,24.8,39.7,32.4
2011-02-28,18.7,35.3,30.4
2011-03-01,9.4,38.5,25.2
2011-03-02,14.6,32.8,26.1
2011-03-03,8.0,26.6,18.7
2011-03-04,25.2,48.9,37.3
2011-03-05,26.1,47.4,35.7
2011-03-06,14.5,31.5,23.8
2011-03-07,5.7,34.2,20.2
2011-03-08,21.2,40.6,30.2
2011-03-09,32.9,43.5,38.2
2011-03-10,30.9,43.9,37.7
2011-03-11,28.8,43.0,33.6
2011-03-12,26.3,46.5,35.4
2011-03-13,30.6,38.8,33.9
2011-03-14,24.4,38.9,30.9
2011-03-15,24.3,41.5,32.8
2011-03-16,35.2,54.0,42.6
2011-03-17,38.6,63.8,52.3
2011-03-18,39.7,60.9,51.1
2011-03-19,28.9,46.0,36.7
2011-03-20,26.7,44.0,34.3
2011-03-21,39.7,54.4,48.0
2011-03-22,32.6,45.1,37.9
2011-03-23,27.0,32.5,30.6
2011-03-24,20.9,32.6,26.3
2011-03-25,19.1,32.0,25.2
2011-03-26,18.0,33.3,24.5
2011-03-27,17.8,36.0,25.9
2011-03-28,19.6,36.7,28.0
2011-03-29,21.3,41.4,30.9
2011-03-30,21.4,39.6,30.8
2011-03-31,22.5,43.9,33.7
2011-04-01,29.0,46.5,37.8
2011-04-02,29.6,47.5,37.9
2011-04-03,28.9,42.2,35.6
2011-04-04,38.8,63.5,51.6
2011-04-05,31.8,43.8,37.4
2011-04-06,31.2,42.3,36.8
2011-04-07,34.1,51.4,41.1
2011-04-08,36.9,54.1,42.8
2011-04-09,35.7,52.5,44.2
2011-04-10,41.5,79.7,62.6
2011-04-11,46.6,71.5,60.9
2011-04-12,36.1,54.9,44.8
2011-04-13,31.8,60.6,46.7
2011-04-14,34.8,55.9,45.5
2011-04-15,34.3,50.7,43.5
2011-04-16,35.8,55.6,49.2
2011-04-17,35.6,44.1,39.7
2011-04-18,29.5,39.8,34.1
2011-04-19,28.3,38.4,34.1
2011-04-20,34.6,43.1,38.6
2011-04-21,32.2,49.3,40.4
2011-04-22,33.3,45.2,39.7
2011-04-23,46.8,69.7,58.1
2011-04-24,43.8,59.2,51.3
2011-04-25,45.1,51.7,48.2
2011-04-26,45.3,70.2,57.9
2011-04-27,54.5,64.9,59.5
2011-04-28,40.8,56.5,48.2
2011-04-29,37.8,59.1,47.2
2011-04-30,36.0,55.5,47.2
2011-05-01,52.1,69.5,59.8
2011-05-02,47.4,57.4,51.0
2011-05-03,38.2,48.0,44.5
2011-05-04,35.8,56.3,45.2
2011-05-05,37.8,62.3,50.7
2011-05-06,46.1,62.0,52.9
2011-05-07,40.2,65.8,54.2
2011-05-08,44.0,64.6,54.6
2011-05-09,41.6,63.8,53.7
2011-05-10,50.1,65.8,57.3
2011-05-11,52.4,74.5,62.8
2011-05-12,55.2,81.2,67.3
2011-05-13,59.8,79.9,68.6
2011-05-14,51.4,64.8,60.1
2011-05-15,41.4,52.4,46.8
2011-05-16,41.0,53.6,45.8
2011-05-17,44.6,54.1,49.5
2011-05-18,50.3,65.1,57.2
2011-05-19,54.0,66.4,59.8
2011-05-20,50.2,70.0,60.7
2011-05-21,52.8,74.1,64.3
2011-05-22,61.0,81.6,70.6
2011-05-23,64.5,78.3,69.8
2011-05-24,55.9,73.0,65.1
2011-05-25,50.6,68.6,60.5
2011-05-26,46.0,65.4,58.2
2011-05-27,45.5,56.3,51.2
2011-05-28,52.7,69.3,59.7
2011-05-29,58.2,78.1,67.3
2011-05-30,60.7,86.9,74.9
2011-05-31,70.2,87.6,78.0
2011-06-01,64.0,75.3,70.4
2011-06-02,53.3,69.3,61.5
2011-06-03,52.4,71.2,62.6
2011-06-04,60.5,87.5,73.4
2011-06-05,64.5,82.8,72.9
2011-06-06,60.3,82.6,72.4
2011-06-07,70.4,90.1,79.3
2011-06-08,73.1,88.5,80.4
2011-06-09,61.4,76.2,70.9
2011-06-10,53.7,69.8,60.3
2011-06-11,60.4,75.8,68.5
2011-06-12,54.0,65.9,59.9
2011-06-13,52.8,72.4,62.1
2011-06-14,52.6,72.1,62.8
2011-06-15,55.3,70.5,63.5
2011-06-16,59.2,71.7,65.2
2011-06-17,56.7,77.5,67.8
2011-06-18,61.2,79.2,70.4
2011-06-19,62.1,78.7,70.4
2011-06-20,59.9,79.2,68.8
2011-06-21,65.1,83.5,72.9
2011-06-22,66.2,80.6,72.0
2011-06-23,63.3,71.4,66.8
2011-06-24,60.3,68.1,63.9
2011-06-25,57.2,74.9,66.1
2011-06-26,57.4,76.9,68.2
2011-06-27,57.7,77.0,68.1
2011-06-28,63.0,73.8,69.1
2011-06-29,56.8,75.6,66.4
2011-06-30,54.0,81.3,69.4
2011-07-01,61.7,84.8,74.2
2011-07-02,69.6,91.1,77.5
2011-07-03,68.4,83.0,75.8
2011-07-04,66.9,82.0,73.8
2011-07-05,63.6,85.3,75.4
2011-07-06,68.8,83.3,75.3
2011-07-07,63.0,79.3,71.6
2011-07-08,63.3,83.0,73.2
2011-07-09,62.0,84.6,75.1
2011-07-10,67.9,87.3,78.6
2011-07-11,72.0,87.4,79.7
2011-07-12,69.3,86.7,78.8
2011-07-13,64.0,76.5,70.8
2011-07-14,58.5,77.4,68.9
2011-07-15,62.6,82.6,72.6
2011-07-16,64.4,85.6,76.3
2011-07-17,70.2,90.0,81.1
2011-07-18,74.9,84.7,78.4
2011-07-19,73.8,89.2,81.2
2011-07-20,71.9,91.0,82.3
2011-07-21,78.7,93.7,85.5
2011-07-22,70.3,87.8,77.7
2011-07-23,72.3,88.2,78.1
2011-07-24,70.5,85.9,78.2
2011-07-25,72.1,82.3,76.5
2011-07-26,67.6,80.8,74.1
2011-07-27,60.3,79.2,71.0
2011-07-28,70.6,85.5,77.6
2011-07-29,73.8,85.4,78.7
2011-07-30,66.3,86.3,77.2
2011-07-31,66.7,87.9,77.9
2011-08-01,69.3,87.5,78.0
2011-08-02,70.7,83.1,75.8
2011-08-03,72.0,81.4,76.4
2011-08-04,66.6,77.9,72.8
2011-08-05,67.7,82.2,74.9
2011-08-06,69.1,82.6,75.1
2011-08-07,69.9,84.0,75.3
2011-08-08,67.8,78.5,73.0
2011-08-09,64.8,79.2,71.5
2011-08-10,63.0,72.7,68.0
2011-08-11,58.0,76.0,67.2
2011-08-12,56.7,78.7,69.0
2011-08-13,64.0,80.7,72.2
2011-08-14,63.6,74.8,67.2
2011-08-15,60.3,76.6,68.2
2011-08-16,55.7,79.8,68.8
2011-08-17,61.2,80.6,71.2
2011-08-18,61.7,81.8,72.0
2011-08-19,59.1,82.3,71.6
2011-08-20,60.7,83.3,70.4
2011-08-21,63.0,75.7,69.0
2011-08-22,56.3,72.5,65.1
2011-08-23,54.0,79.1,68.2
2011-08-24,66.4,88.9,74.5
2011-08-25,64.4,74.1,70.0
2011-08-26,56.6,77.0,67.7
2011-08-27,59.8,80.7,69.4
2011-08-28,59.6,74.1,66.5
2011-08-29,53.6,75.3,65.4
2011-08-30,56.1,76.0,67.0
2011-08-31,62.3,78.3,70.3
2011-09-01,67.0,88.2,76.9
2011-09-02,71.3,93.6,81.7
2011-09-03,71.1,91.2,81.1
2011-09-04,64.7,76.2,71.2
2011-09-05,54.4,63.6,59.2
2011-09-06,52.3,63.7,58.3
2011-09-07,54.9,63.9,58.6
2011-09-08,58.8,64.5,61.3
2011-09-09,61.6,70.6,65.4
2011-09-10,62.4,71.7,66.3
2011-09-11,59.3,75.2,66.2
2011-09-12,60.3,80.2,69.7
2011-09-13,62.2,76.9,70.4
2011-09-14,52.2,68.4,59.1
2011-09-15,45.1,58.4,51.7
2011-09-16,43.0,58.8,51.4
2011-09-17,50.5,63.7,55.8
2011-09-18,50.4,65.9,58.6
2011-09-19,58.7,66.6,62.4
2011-09-20,51.7,68.6,60.6
2011-09-21,60.5,74.3,66.1
2011-09-22,51.3,68.2,60.6
2011-09-23,51.6,60.1,56.0
2011-09-24,46.7,63.1,55.4
2011-09-25,55.2,71.4,62.6
2011-09-26,57.6,69.4,64.3
2011-09-27,48.6,66.6,57.3
2011-09-28,51.5,62.0,56.2
2011-09-29,48.7,63.2,55.0
2011-09-30,42.3,53.3,48.6
2011-10-01,41.6,51.7,46.5
2011-10-02,40.9,58.0,49.4
2011-10-03,48.7,63.2,55.0
2011-10-04,48.8,69.1,58.1
2011-10-05,46.8,72.1,59.1
2011-10-06,52.0,72.9,60.3
2011-10-07,51.2,74.8,61.4
2011-10-08,54.8,75.4,63.9
2011-10-09,53.9,76.4,64.1
2011-10-10,52.4,72.4,61.6
2011-10-11,52.2,73.7,62.1
2011-10-12,54.8,65.5,58.7
2011-10-13,52.5,64.5,57.9
2011-10-14,49.4,58.3,54.8
2011-10-15,45.7,54.5,50.5
2011-10-16,49.5,57.3,52.4
2011-10-17,46.5,56.7,50.8
2011-10-18,42.0,55.1,48.1
2011-10-19,46.4,49.8,48.0
2011-10-20,40.9,50.0,45.4
2011-10-21,43.2,49.6,46.3
2011-10-22,35.8,56.8,46.3
2011-10-23,39.4,61.4,49.5
2011-10-24,47.2,59.7,52.9
2011-10-25,41.4,61.9,51.6
2011-10-26,45.0,56.4,51.2
2011-10-27,35.4,45.7,42.7
2011-10-28,31.7,49.0,40.2
2011-10-29,31.7,48.7,40.0
2011-10-30,29.1,49.5,39.3
2011-10-31,41.8,47.9,44.9
2011-11-01,33.1,55.4,44.7
2011-11-02,44.9,61.9,52.7
2011-11-03,42.8,52.9,47.5
2011-11-04,36.2,49.0,42.2
2011-11-05,33.9,49.3,40.4
2011-11-06,37.4,58.6,47.6
2011-11-07,51.5,58.0,54.2
2011-11-08,51.3,64.1,56.9
2011-11-09,42.2,60.5,53.6
2011-11-10,33.3,42.6,38.8
2011-11-11,31.7,40.8,36.0
2011-11-12,34.7,56.7,45.0
2011-11-13,50.5,60.3,55.8
2011-11-14,43.6,57.1,50.0
2011-11-15,42.0,56.9,48.6
2011-11-16,35.5,47.4,42.6
2011-11-17,28.3,35.6,32.5
2011-11-18,26.7,43.9,34.8
2011-11-19,39.3,52.8,45.1
2011-11-20,37.0,55.7,47.3
2011-11-21,33.8,42.6,37.5
2011-11-22,32.2,41.3,35.9
2011-11-23,33.2,48.2,39.2
2011-11-24,35.0,45.7,39.8
2011-11-25,40.5,55.9,47.5
2011-11-26,47.0,58.6,53.0
2011-11-27,36.4,55.7,48.7
2011-11-28,34.2,42.0,37.2
2011-11-29,33.8,38.5,36.7
2011-11-30,23.7,35.1,30.0
2011-12-01,16.6,37.9,26.7
2011-12-02,24.0,34.6,30.6
2011-12-03,29.4,43.1,36.5
2011-12-04,41.8,50.9,46.6
2011-12-05,32.5,42.9,37.1
2011-12-06,30.5,36.1,32.3
2011-12-07,25.7,35.3,30.2
2011-12-08,26.6,36.5,30.7
2011-12-09,22.4,33.5,29.2
2011-12-10,19.0,27.9,22.5
2011-12-11,18.6,35.2,25.4
2011-12-12,22.7,40.5,29.7
2011-12-13,26.0,39.9,32.8
2011-12-14,34.7,51.9,41.6
2011-12-15,34.5,54.9,48.5
2011-12-16,29.0,35.6,31.6
2011-12-17,27.9,30.4,28.7
2011-12-18,26.6,35.8,31.1
2011-12-19,33.1,48.4,41.8
2011-12-20,29.9,36.2,33.4
2011-12-21,35.3,44.9,40.4
2011-12-22,33.6,40.7,38.9
2011-12-23,25.7,33.5,28.8
2011-12-24,27.0,34.9,30.2
2011-12-25,30.4,42.5,35.1
2011-12-26,26.9,41.7,33.5
2011-12-27,28.3,34.2,33.2
2011-12-28,18.8,27.4,24.0
2011-12-29,17.1,37.4,29.2
2011-12-30,30.3,42.3,36.5
2011-12-31,34.9,41.2,37.0
2012-01-01,29.1,46.0,36.6
2012-01-02,19.4,29.1,25.8
2012-01-03,17.4,22.9,20.2
2012-01-04,20.1,35.4,27.0
2012-01-05,26.8,40.6,32.7
2012-01-06,36.7,51.6,42.7
2012-01-07,31.9,43.0,36.8
2012-01-08,26.8,37.3,31.3
2012-01-09,27.4,39.7,33.1
2012-01-10,30.5,44.8,36.2
2012-01-11,28.2,44.0,35.8
2012-01-12,24.1,38.6,35.6
2012-01-13,19.2,30.0,24.4
2012-01-14,18.3,24.2,21.2
2012-01-15,11.0,23.9,18.0
2012-01-16,18.7,43.9,31.9
2012-01-17,24.3,50.4,39.6
2012-01-18,17.7,25.7,22.1
2012-01-19,9.5,27.9,20.8
2012-01-20,8.1,18.8,13.6
2012-01-21,7.8,23.4,15.7
2012-01-22,9.9,37.9,24.6
2012-01-23,30.0,49.6,41.7
2012-01-24,29.0,34.0,31.1
2012-01-25,27.7,32.5,29.5
2012-01-26,27.0,34.3,30.7
2012-01-27,27.3,38.0,32.9
2012-01-28,25.9,33.9,29.9
2012-01-29,21.7,31.8,27.1
2012-01-30,12.1,39.6,26.3
2012-01-31,39.1,55.7,46.7
2012-02-01,34.2,49.9,40.7
2012-02-02,26.8,42.5,35.1
2012-02-03,25.6,42.0,33.0
2012-02-04,27.0,40.4,33.2
2012-02-05,23.6,41.7,31.4
2012-02-06,28.0,44.7,34.4
2012-02-07,26.6,35.2,30.7
2012-02-08,23.8,35.4,28.3
2012-02-09,24.7,37.7,29.6
2012-02-10,20.2,34.9,29.2
2012-02-11,4.8,18.5,12.8
2012-02-12,11.9,30.0,20.9
2012-02-13,20.0,36.0,27.2
2012-02-14,25.3,33.3,29.1
2012-02-15,27.4,42.0,33.6
2012-02-16,30.8,42.2,37.3
2012-02-17,29.0,41.3,33.9
2012-02-18,25.2,35.2,31.9
2012-02-19,21.9,34.8,27.0
2012-02-20,23.1,37.0,28.3
2012-02-21,26.2,43.8,35.1
2012-02-22,31.1,42.1,35.1
2012-02-23,29.2,41.6,34.3
2012-02-24,24.4,33.9,31.0
2012-02-25,21.8,32.0,26.1
2012-02-26,16.6,35.6,27.3
2012-02-27,29.7,37.2,33.7
2012-02-28,21.6,38.8,30.7
2012-02-29,30.8,49.7,38.7
2012-03-01,32.7,42.7,37.0
2012-03-02,29.8,52.3,39.0
2012-03-03,27.9,38.7,33.6
2012-03-04,24.1,34.2,28.4
2012-03-05,22.5,30.6,26.1
2012-03-06,25.8,54.9,40.3
2012-03-07,48.5,63.3,55.5
2012-03-08,31.9,60.1,47.3
2012-03-09,24.3,36.0,31.2
2012-03-10,22.0,45.5,33.2
2012-03-11,35.4,61.4,47.5
2012-03-12,43.1,62.4,52.2
2012-03-13,45.2,62.2,53.4
2012-03-14,36.2,72.9,54.7
2012-03-15,55.4,73.4,62.7
2012-03-16,52.4,72.1,60.7
2012-03-17,52.8,73.0,60.2
2012-03-18,51.7,72.4,59.7
2012-03-19,52.4,73.2,59.3
2012-03-20,55.1,77.9,64.3
2012-03-21,52.9,80.0,64.9
2012-03-22,54.2,80.7,65.3
2012-03-23,53.2,68.4,60.0
2012-03-24,51.3,62.4,56.6
2012-03-25,49.3,67.1,58.6
2012-03-26,31.8,45.7,38.3
2012-03-27,28.0,51.3,40.4
2012-03-28,43.0,61.3,55.1
2012-03-29,34.6,47.8,41.2
2012-03-30,30.5,43.8,36.5
2012-03-31,33.0,49.0,40.4
2012-04-01,35.9,52.9,44.1
2012-04-02,33.5,52.6,42.8
2012-04-03,37.8,61.8,49.7
2012-04-04,40.4,58.0,49.3
2012-04-05,33.2,45.7,39.7
2012-04-06,31.3,55.0,42.3
2012-04-07,33.6,60.8,47.7
2012-04-08,45.6,57.5,50.4
2012-04-09,39.7,56.0,47.6
2012-04-10,34.8,43.0,39.1
2012-04-11,33.3,49.5,41.2
2012-04-12,33.6,55.6,44.3
2012-04-13,35.1,59.9,48.2
2012-04-14,45.5,62.9,53.6
2012-04-15,55.1,75.3,64.5
2012-04-16,45.9,68.9,61.2
2012-04-17,39.1,55.2,47.0
2012-04-18,37.6,60.2,49.3
2012-04-19,51.7,70.8,60.5
2012-04-20,38.9,70.4,56.6
2012-04-21,37.8,50.4,42.9
2012-04-22,35.4,49.3,41.5
2012-04-23,37.2,53.0,44.6
2012-04-24,38.8,57.6,47.6
2012-04-25,37.2,61.8,50.9
2012-04-26,39.2,57.0,50.3
2012-04-27,32.7,51.8,42.4
2012-04-28,37.4,43.6,40.1
2012-04-29,28.3,59.1,45.4
2012-04-30,43.2,57.9,51.3
2012-05-01,51.4,65.0,57.0
2012-05-02,52.6,80.1,65.3
2012-05-03,60.3,83.4,71.8
2012-05-04,57.3,75.8,66.8
2012-05-05,54.5,67.5,59.4
2012-05-06,49.5,69.3,58.6
2012-05-07,51.9,69.5,59.7
2012-05-08,54.6,69.3,61.2
2012-05-09,48.7,61.2,54.4
2012-05-10,42.6,60.9,52.0
2012-05-11,43.1,70.4,57.4
2012-05-12,53.1,70.8,61.1
2012-05-13,52.5,67.0,59.0
2012-05-14,47.4,72.9,61.9
2012-05-15,48.7,78.1,65.0
2012-05-16,48.7,62.8,57.2
2012-05-17,43.1,65.1,55.1
2012-05-18,46.3,72.8,60.3
2012-05-19,53.5,81.4,68.0
2012-05-20,57.1,84.7,72.3
2012-05-21,62.5,76.4,68.0
2012-05-22,53.6,68.0,60.6
2012-05-23,48.7,75.5,62.5
2012-05-24,59.4,82.8,72.1
2012-05-25,68.4,83.7,75.5
2012-05-26,63.0,76.7,69.5
2012-05-27,63.4,89.1,74.7
2012-05-28,70.5,91.0,80.5
2012-05-29,69.6,79.6,75.4
2012-05-30,56.5,68.8,64.3
2012-05-31,50.5,61.5,56.5
2012-06-01,50.5,60.4,54.5
2012-06-02,49.5,70.2,59.8
2012-06-03,57.2,74.8,65.8
2012-06-04,51.5,67.0,60.5
2012-06-05,51.9,65.3,58.8
2012-06-06,47.6,73.0,61.9
2012-06-07,54.0,76.6,66.1
2012-06-08,55.4,80.6,69.2
2012-06-09,65.3,86.3,75.7
2012-06-10,62.2,88.7,77.3
2012-06-11,68.9,77.1,73.1
2012-06-12,62.7,77.4,71.1
2012-06-13,52.0,71.4,62.0
2012-06-14,51.2,77.3,65.2
2012-06-15,58.2,84.3,72.5
2012-06-16,65.8,86.0,76.6
2012-06-17,66.8,76.6,72.1
2012-06-18,59.1,87.0,74.6
2012-06-19,74.6,91.7,83.1
2012-06-20,73.0,90.6,82.4
2012-06-21,70.5,87.7,78.7
2012-06-22,62.3,79.2,71.1
2012-06-23,58.1,80.7,70.8
2012-06-24,64.4,84.8,74.5
2012-06-25,61.3,72.1,67.2
2012-06-26,53.1,78.3,67.3
2012-06-27,57.3,86.8,74.1
2012-06-28,68.9,98.4,83.4
2012-06-29,72.7,92.7,83.0
2012-06-30,69.5,90.9,79.9
2012-07-01,66.2,89.9,79.0
2012-07-02,67.4,91.1,80.5
2012-07-03,74.0,94.9,82.0
2012-07-04,75.7,95.8,84.8
2012-07-05,73.5,96.8,85.6
2012-07-06,77.1,99.4,88.6
2012-07-07,76.6,96.2,86.2
2012-07-08,71.1,84.7,77.2
2012-07-09,63.7,83.7,74.7
2012-07-10,66.2,82.2,74.7
2012-07-11,61.0,83.5,73.9
2012-07-12,60.7,86.4,75.9
2012-07-13,66.8,89.0,79.3
2012-07-14,67.0,86.2,78.4
2012-07-15,72.9,88.1,80.3
2012-07-16,69.8,93.7,83.1
2012-07-17,77.5,97.2,87.2
2012-07-18,75.0,84.7,79.4
2012-07-19,69.0,75.5,70.9
2012-07-20,63.7,78.3,70.8
2012-07-21,59.2,85.4,72.5
2012-07-22,68.7,89.1,78.7
2012-07-23,74.4,94.5,83.8
2012-07-24,68.5,83.6,78.5
2012-07-25,61.7,87.8,76.2
2012-07-26,73.7,83.9,79.3
2012-07-27,67.2,81.1,72.8
2012-07-28,64.9,78.3,71.8
2012-07-29,60.7,81.4,72.3
2012-07-30,62.6,84.9,74.9
2012-07-31,70.5,83.5,74.5
2012-08-01,62.7,81.4,72.6
2012-08-02,61.6,87.4,75.9
2012-08-03,65.4,89.2,78.9
2012-08-04,70.5,86.4,78.8
2012-08-05,68.4,82.7,75.8
2012-08-06,57.9,78.9,69.8
2012-08-07,57.4,86.0,73.5
2012-08-08,67.3,82.9,75.1
2012-08-09,63.6,70.8,67.4
2012-08-10,60.0,67.6,63.3
2012-08-11,59.5,67.5,62.9
2012-08-12,58.9,75.8,67.4
2012-08-13,62.2,75.3,67.7
2012-08-14,61.6,74.9,67.3
2012-08-15,58.1,78.3,68.7
2012-08-16,63.5,82.9,71.4
2012-08-17,61.2,72.8,67.0
2012-08-18,51.7,72.4,63.5
2012-08-19,54.8,74.7,65.2
2012-08-20,55.6,72.3,64.8
2012-08-21,55.5,74.6,65.3
2012-08-22,54.9,78.4,67.7
2012-08-23,56.5,82.2,70.7
2012-08-24,59.9,85.2,73.7
2012-08-25,63.0,87.3,75.8
2012-08-26,67.3,86.1,76.5
2012-08-27,67.5,80.3,74.0
2012-08-28,63.3,77.9,70.0
2012-08-29,57.2,77.4,67.6
2012-08-30,58.5,84.0,71.2
2012-08-31,67.5,91.4,78.8
2012-09-01,68.6,82.0,75.0
2012-09-02,68.7,80.1,73.7
2012-09-03,66.9,85.9,76.0
2012-09-04,68.7,81.5,74.1
2012-09-05,64.6,83.8,74.3
2012-09-06,65.1,81.4,73.2
2012-09-07,59.9,82.1,70.9
2012-09-08,55.8,68.9,62.6
2012-09-09,53.9,68.3,61.1
2012-09-10,48.7,71.0,60.8
2012-09-11,54.2,77.4,65.6
2012-09-12,57.7,81.1,69.2
2012-09-13,64.1,80.2,71.4
2012-09-14,54.1,69.9,61.3
2012-09-15,50.4,70.1,60.8
2012-09-16,53.2,75.7,63.9
2012-09-17,55.0,75.6,65.7
2012-09-18,50.7,64.9,58.8
2012-09-19,44.1,64.8,55.1
2012-09-20,53.2,69.6,60.6
2012-09-21,49.6,69.4,57.9
2012-09-22,48.8,58.8,53.3
2012-09-23,44.2,55.8,49.7
2012-09-24,40.9,61.6,51.7
2012-09-25,50.8,69.3,59.5
2012-09-26,54.7,67.4,60.5
2012-09-27,53.2,63.8,57.4
2012-09-28,51.3,65.8,57.5
2012-09-29,46.0,68.9,57.6
2012-09-30,49.6,62.3,55.9
2012-10-01,44.5,63.5,54.7
2012-10-02,52.8,67.2,59.2
2012-10-03,58.8,65.1,61.7
2012-10-04,57.7,74.8,65.7
2012-10-05,46.0,62.2,54.0
2012-10-06,42.4,50.4,46.2
2012-10-07,37.6,49.5,43.7
2012-10-08,35.1,52.3,43.6
2012-10-09,38.8,60.2,49.0
2012-10-10,38.4,51.2,45.0
2012-10-11,35.9,58.5,46.9
2012-10-12,37.6,50.5,44.0
2012-10-13,36.9,61.6,46.6
2012-10-14,57.6,67.2,62.9
2012-10-15,47.4,54.4,50.4
2012-10-16,37.4,56.8,48.3
2012-10-17,50.2,71.1,60.1
2012-10-18,49.6,60.1,55.6
2012-10-19,44.9,54.0,48.4
2012-10-20,43.2,55.2,48.2
2012-10-21,40.5,59.4,49.2
2012-10-22,42.7,68.4,55.2
2012-10-23,59.5,67.9,62.5
2012-10-24,58.5,74.5,64.7
2012-10-25,57.0,74.2,65.5
2012-10-26,41.1,67.1,48.9
2012-10-27,34.9,50.4,41.5
2012-10-28,34.2,47.8,40.2
2012-10-29,36.2,41.5,39.2
2012-10-30,34.7,38.4,36.3
2012-10-31,35.6,41.1,38.5
2012-11-01,38.8,45.1,41.5
2012-11-02,34.8,41.1,38.0
2012-11-03,31.3,43.0,36.7
2012-11-04,30.1,39.3,35.0
2012-11-05,30.8,39.4,34.6
2012-11-06,29.3,40.5,34.7
2012-11-07,29.9,46.4,36.1
2012-11-08,27.0,45.7,35.4
2012-11-09,29.5,52.0,40.2
2012-11-10,44.3,62.2,52.5
2012-11-11,52.5,64.8,58.4
2012-11-12,33.9,60.0,45.3
2012-11-13,30.6,35.4,33.3
2012-11-14,25.4,38.2,31.8
2012-11-15,26.9,43.0,34.2
2012-11-16,26.5,48.5,36.0
2012-11-17,27.9,48.1,37.4
2012-11-18,33.3,50.2,38.8
2012-11-19,30.8,50.2,39.0
2012-11-20,35.2,55.7,44.3
2012-11-21,34.4,56.2,43.9
2012-11-22,40.8,59.1,48.8
2012-11-23,31.6,53.0,40.4
2012-11-24,26.8,33.7,30.3
2012-11-25,27.3,37.2,31.3
2012-11-26,28.0,35.6,31.5
2012-11-27,23.3,33.6,28.5
2012-11-28,27.6,38.8,31.5
2012-11-29,28.0,44.7,34.9
2012-11-30,30.5,42.4,36.3
2012-12-01,31.5,53.5,41.5
2012-12-02,51.3,56.3,53.8
2012-12-03,46.7,60.4,53.2
2012-12-04,42.5,61.5,51.9
2012-12-05,25.6,41.2,32.8
2012-12-06,25.0,37.4,31.6
2012-12-07,34.2,41.4,37.7
2012-12-08,30.4,37.9,36.1
2012-12-09,30.1,42.1,35.0
2012-12-10,30.6,44.2,37.6
2012-12-11,26.0,35.0,30.0
2012-12-12,26.4,40.5,31.5
2012-12-13,27.1,42.1,33.3
2012-12-14,28.8,45.1,35.5
2012-12-15,30.6,44.4,36.6
2012-12-16,42.5,52.3,48.2
2012-12-17,37.2,42.1,39.8
2012-12-18,30.8,40.0,35.0
2012-12-19,32.7,41.4,35.7
2012-12-20,34.7,46.0,39.4
2012-12-21,29.3,34.2,31.2
2012-12-22,26.4,32.4,28.9
2012-12-23,23.8,34.6,27.7
2012-12-24,23.1,33.5,27.5
2012-12-25,24.0,33.0,27.8
2012-12-26,25.7,29.7,27.6
2012-12-27,18.2,27.0,24.9
2012-12-28,9.8,28.0,19.7
2012-12-29,18.3,28.3,24.5
2012-12-30,16.6,27.2,22.1
2012-12-31,18.9,33.9,27.5
2013-01-01,14.1,25.6,19.7
2013-01-02,11.6,24.5,17.9
2013-01-03,11.1,30.2,20.7
2013-01-04,20.6,28.5,25.1
2013-01-05,14.5,32.5,25.5
2013-01-06,27.0,35.1,31.8
2013-01-07,17.9,33.2,26.5
2013-01-08,25.4,36.4,30.1
2013-01-09,30.6,43.2,36.6
2013-01-10,24.3,37.6,31.9
2013-01-11,35.4,55.8,46.0
2013-01-12,46.0,57.9,49.8
2013-01-13,29.6,44.9,37.6
2013-01-14,21.5,28.3,25.3
2013-01-15,17.7,30.0,23.5
2013-01-16,21.2,36.1,28.2
2013-01-17,18.9,34.2,28.9
2013-01-18,18.5,34.3,26.4
2013-01-19,34.7,45.7,40.0
2013-01-20,16.2,41.2,23.8
2013-01-21,4.9,17.6,14.5
2013-01-22,0.3,12.3,5.8
2013-01-23,5.7,19.7,12.3
2013-01-24,6.8,18.9,12.9
2013-01-25,13.4,21.7,17.5
2013-01-26,13.1,26.1,19.4
2013-01-27,13.2,27.7,21.4
2013-01-28,28.3,47.2,38.7
2013-01-29,29.9,55.9,46.6
2013-01-30,29.8,60.3,49.8
2013-01-31,16.2,26.2,22.8
2013-02-01,9.7,19.9,14.3
2013-02-02,9.6,25.5,16.3
2013-02-03,8.1,23.2,14.5
2013-02-04,8.8,22.3,15.1
2013-02-05,-1.5,24.7,15.6
2013-02-06,8.7,28.1,18.1
2013-02-07,14.8,34.7,26.0
2013-02-08,13.4,30.6,23.9
2013-02-09,7.2,29.5,18.6
2013-02-10,17.3,41.8,29.3
2013-02-11,29.0,45.0,37.4
2013-02-12,26.4,34.5,29.6
2013-02-13,23.6,38.4,29.2
2013-02-14,25.3,42.6,32.8
2013-02-15,22.2,31.5,27.3
2013-02-16,18.1,26.9,21.9
2013-02-17,13.3,23.5,18.2
2013-02-18,16.1,45.0,31.1
2013-02-19,17.4,42.5,28.7
2013-02-20,9.0,25.3,15.9
2013-02-21,9.5,28.5,18.4
2013-02-22,19.3,32.9,26.5
2013-02-23,24.4,32.1,28.3
2013-02-24,22.2,33.9,27.2
2013-02-25,20.6,39.4,29.7
2013-02-26,25.8,34.9,30.6
2013-02-27,31.4,36.2,33.3
2013-02-28,27.6,36.0,32.0
2013-03-01,16.1,26.7,22.4
2013-03-02,14.7,25.7,19.2
2013-03-03,5.5,26.9,17.6
2013-03-04,5.4,33.3,18.4
2013-03-05,10.9,33.5,23.2
2013-03-06,24.4,38.5,31.3
2013-03-07,23.7,36.0,31.3
2013-03-08,20.4,42.3,30.0
2013-03-09,23.0,41.5,33.1
2013-03-10,37.3,63.0,49.2
2013-03-11,36.0,52.3,47.8
2013-03-12,28.8,36.5,33.9
2013-03-13,23.9,31.5,27.7
2013-03-14,23.8,39.4,30.7
2013-03-15,29.3,41.5,34.7
2013-03-16,25.6,34.2,29.2
2013-03-17,21.3,31.5,25.8
2013-03-18,20.9,35.0,29.3
2013-03-19,21.9,33.2,25.1
2013-03-20,17.5,27.0,22.2
2013-03-21,15.3,32.8,23.1
2013-03-22,22.3,40.3,30.0
2013-03-23,22.4,39.5,31.0
2013-03-24,24.9,35.8,30.0
2013-03-25,29.6,37.8,32.9
2013-03-26,29.1,42.9,35.2
2013-03-27,28.1,44.4,35.7
2013-03-28,29.8,48.6,38.6
2013-03-29,28.6,49.7,38.6
2013-03-30,26.2,53.5,40.2
2013-03-31,37.0,54.9,44.4
2013-04-01,26.5,38.3,31.9
2013-04-02,25.3,38.6,31.1
2013-04-03,22.5,39.7,30.8
2013-04-04,25.2,51.7,37.8
2013-04-05,30.3,45.8,38.6
2013-04-06,28.3,51.5,39.3
2013-04-07,39.8,54.5,50.3
2013-04-08,34.1,65.8,45.8
2013-04-09,39.6,55.8,47.5
2013-04-10,37.1,46.2,40.8
2013-04-11,35.4,38.7,37.6
2013-04-12,35.0,43.2,39.2
2013-04-13,35.9,41.8,38.7
2013-04-14,29.4,45.5,38.2
2013-04-15,39.3,65.9,54.0
2013-04-16,45.7,60.6,53.1
2013-04-17,40.1,54.5,46.2
2013-04-18,45.2,75.2,61.4
2013-04-19,36.3,63.5,46.1
2013-04-20,28.8,40.8,34.6
2013-04-21,24.8,44.2,35.3
2013-04-22,31.3,57.6,44.8
2013-04-23,41.5,68.0,53.5
2013-04-24,35.9,55.0,40.8
2013-04-25,33.1,49.8,41.5
2013-04-26,32.2,56.7,44.9
2013-04-27,35.8,64.5,51.4
2013-04-28,46.7,57.3,51.8
2013-04-29,49.2,65.6,56.7
2013-04-30,50.8,71.4,61.2
2013-05-01,52.2,75.9,64.2
2013-05-02,54.0,73.2,62.9
2013-05-03,56.6,71.2,63.2
2013-05-04,55.0,65.1,60.1
2013-05-05,51.6,67.4,59.5
2013-05-06,48.8,69.4,59.4
2013-05-07,49.5,70.9,61.2
2013-05-08,51.5,74.9,63.8
2013-05-09,49.7,75.7,64.9
2013-05-10,45.6,68.6,58.2
2013-05-11,41.5,61.2,48.6
2013-05-12,37.7,48.3,42.3
2013-05-13,33.3,52.3,42.8
2013-05-14,41.6,72.4,55.4
2013-05-15,56.8,78.1,69.4
2013-05-16,50.5,78.3,65.1
2013-05-17,49.5,69.7,59.4
2013-05-18,55.3,74.7,63.8
2013-05-19,54.2,79.4,68.4
2013-05-20,62.7,86.1,73.8
2013-05-21,67.4,79.8,73.0
2013-05-22,65.1,75.3,68.7
2013-05-23,43.9,64.0,53.7
2013-05-24,42.6,54.6,47.6
2013-05-25,39.0,62.3,51.1
2013-05-26,39.1,65.9,54.3
2013-05-27,45.7,63.9,53.2
2013-05-28,54.1,77.7,65.6
2013-05-29,66.7,80.2,70.9
2013-05-30,64.8,84.0,74.6
2013-05-31,68.5,76.6,71.9
2013-06-01,66.4,76.3,70.8
2013-06-02,55.1,68.5,63.9
2013-06-03,46.1,64.0,55.9
2013-06-04,48.5,68.5,59.5
2013-06-05,50.9,70.0,61.0
2013-06-06,55.2,68.9,61.2
2013-06-07,51.3,62.6,57.2
2013-06-08,51.6,68.4,59.9
2013-06-09,55.8,72.9,65.7
2013-06-10,63.0,70.1,65.5
2013-06-11,61.7,77.8,69.8
2013-06-12,61.4,78.6,71.0
2013-06-13,61.5,73.8,67.9
2013-06-14,58.3,73.3,65.1
2013-06-15,54.2,76.1,65.4
2013-06-16,63.5,79.2,70.3
2013-06-17,60.8,82.5,72.0
2013-06-18,55.5,70.7,63.3
2013-06-19,50.0,71.6,61.6
2013-06-20,53.9,77.9,67.0
2013-06-21,62.3,83.6,73.0
2013-06-22,69.2,85.9,76.6
2013-06-23,70.2,86.1,76.6
2013-06-24,68.9,83.7,76.5
2013-06-25,69.1,82.5,74.3
2013-06-26,67.8,81.5,73.9
2013-06-27,68.4,81.7,73.6
2013-06-28,64.9,76.8,69.5
2013-06-29,61.3,73.2,66.9
2013-06-30,61.9,74.5,67.7
2013-07-01,60.3,72.0,65.0
2013-07-02,61.3,70.6,66.0
2013-07-03,62.8,79.1,71.4
2013-07-04,65.5,78.2,71.8
2013-07-05,66.2,80.0,73.0
2013-07-06,66.9,80.5,72.5
2013-07-07,68.2,78.3,72.1
2013-07-08,66.8,82.8,72.6
2013-07-09,70.0,86.1,76.1
2013-07-10,69.3,81.7,75.5
2013-07-11,61.8,73.8,68.3
2013-07-12,56.1,77.4,67.5
2013-07-13,63.2,79.5,71.6
2013-07-14,67.5,83.8,76.1
2013-07-15,72.3,87.6,79.6
2013-07-16,73.2,88.1,79.9
2013-07-17,73.8,89.7,81.5
2013-07-18,72.9,89.5,81.6
2013-07-19,75.7,90.3,82.4
2013-07-20,70.5,84.1,76.9
2013-07-21,64.8,80.2,72.8
2013-07-22,68.3,78.7,73.5
2013-07-23,64.1,77.8,70.2
2013-07-24,58.8,70.2,63.9
2013-07-25,52.4,74.0,64.2
2013-07-26,57.4,76.5,68.0
2013-07-27,59.7,73.8,66.4
2013-07-28,53.4,64.8,59.5
2013-07-29,55.8,69.7,63.2
2013-07-30,54.1,76.6,66.5
2013-07-31,62.8,73.5,67.8
2013-08-01,62.0,74.6,67.9
2013-08-02,57.7,74.0,66.4
2013-08-03,60.3,75.6,68.3
2013-08-04,58.0,71.4,65.0
2013-08-05,58.7,72.8,65.4
2013-08-06,62.1,77.8,69.7
2013-08-07,67.6,82.0,73.6
2013-08-08,65.5,76.5,70.8
2013-08-09,61.4,79.6,70.8
2013-08-10,62.5,75.5,68.6
2013-08-11,60.7,77.4,69.0
2013-08-12,62.1,75.7,68.0
2013-08-13,58.1,68.4,62.7
2013-08-14,51.7,68.4,60.0
2013-08-15,48.8,71.1,61.6
2013-08-16,55.7,76.0,66.2
2013-08-17,55.8,76.6,66.9
2013-08-18,56.8,77.8,68.1
2013-08-19,57.5,81.1,70.1
2013-08-20,59.8,82.6,72.0
2013-08-21,64.9,83.4,74.6
2013-08-22,68.4,78.6,72.4
2013-08-23,62.9,79.2,71.1
2013-08-24,57.7,78.9,68.7
2013-08-25,58.7,85.6,73.1
2013-08-26,70.4,87.0,77.6
2013-08-27,72.4,86.4,78.3
2013-08-28,71.9,83.5,77.0
2013-08-29,66.0,83.1,74.5
2013-08-30,66.3,86.4,76.7
2013-08-31,70.2,81.1,74.9
2013-09-01,67.5,78.7,72.0
2013-09-02,64.9,75.4,69.9
2013-09-03,58.5,72.1,65.1
2013-09-04,56.8,79.6,68.6
2013-09-05,57.4,69.6,64.3
2013-09-06,50.0,73.9,62.3
2013-09-07,59.5,81.1,70.5
2013-09-08,59.9,73.4,68.4
2013-09-09,57.3,82.8,69.1
2013-09-10,75.5,92.9,82.8
2013-09-11,74.1,90.1,80.9
2013-09-12,60.1,77.9,70.2
2013-09-13,49.3,59.0,55.5
2013-09-14,42.8,66.7,55.3
2013-09-15,50.6,64.7,56.8
2013-09-16,50.2,61.4,56.1
2013-09-17,41.6,64.6,53.5
2013-09-18,49.4,73.3,61.2
2013-09-19,59.5,78.5,69.0
2013-09-20,66.2,78.1,70.7
2013-09-21,57.6,67.0,63.0
2013-09-22,51.9,58.1,54.7
2013-09-23,47.0,59.2,52.9
2013-09-24,44.1,64.4,53.9
2013-09-25,48.6,68.8,58.1
2013-09-26,47.8,72.8,59.7
2013-09-27,48.8,71.7,59.6
2013-09-28,54.1,74.2,63.2
2013-09-29,59.8,63.3,61.7
2013-09-30,54.1,68.7,61.4
2013-10-01,53.1,74.8,64.0
2013-10-02,59.1,76.8,67.5
2013-10-03,59.1,76.4,68.4
2013-10-04,65.9,78.9,70.9
2013-10-05,61.4,79.2,69.2
2013-10-06,55.5,68.6,64.7
2013-10-07,46.9,58.1,52.6
2013-10-08,42.9,64.1,53.7
2013-10-09,46.8,66.5,55.7
2013-10-10,47.4,67.2,55.7
2013-10-11,45.9,69.3,56.5
2013-10-12,53.6,72.8,61.8
2013-10-13,51.8,65.8,59.7
2013-10-14,47.5,60.8,53.4
2013-10-15,44.8,63.7,55.7
2013-10-16,53.4,61.7,57.0
2013-10-17,47.9,53.9,50.5
2013-10-18,43.3,61.2,51.3
2013-10-19,41.9,48.6,45.2
2013-10-20,41.5,56.9,48.9
2013-10-21,43.6,53.9,50.5
2013-10-22,38.3,48.5,43.1
2013-10-23,34.3,45.4,39.9
2013-10-24,31.6,44.9,37.8
2013-10-25,32.1,46.2,38.9
2013-10-26,39.3,49.0,42.5
2013-10-27,34.4,49.7,41.6
2013-10-28,35.8,49.7,42.0
2013-10-29,37.2,50.0,42.5
2013-10-30,37.4,59.7,48.1
2013-10-31,55.4,62.2,59.7
2013-11-01,45.6,57.2,48.7
2013-11-02,37.8,47.4,43.6
2013-11-03,35.4,43.5,39.1
2013-11-04,36.1,46.5,41.2
2013-11-05,43.2,54.3,48.3
2013-11-06,44.6,56.5,52.4
2013-11-07,36.3,44.2,40.9
2013-11-08,31.0,41.9,36.3
2013-11-09,36.1,54.5,45.6
2013-11-10,36.1,46.6,42.1
2013-11-11,29.9,45.1,37.5
2013-11-12,24.8,34.2,28.4
2013-11-13,23.6,37.2,29.6
2013-11-14,30.2,46.9,38.2
2013-11-15,39.5,48.7,42.8
2013-11-16,36.2,54.8,46.1
2013-11-17,46.3,60.6,56.4
2013-11-18,34.1,45.0,40.2
2013-11-19,28.3,38.9,33.5
2013-11-20,26.6,40.4,33.6
2013-11-21,37.2,46.7,41.8
2013-11-22,29.4,44.5,39.6
2013-11-23,20.0,30.0,26.6
2013-11-24,15.1,24.6,20.0
2013-11-25,19.0,31.9,25.0
2013-11-26,27.8,36.0,30.5
2013-11-27,22.1,28.3,25.2
2013-11-28,19.7,28.3,24.4
2013-11-29,17.8,32.4,24.5
2013-11-30,25.8,42.2,32.5
2013-12-01,32.1,43.2,35.9
2013-12-02,27.9,38.1,32.3
2013-12-03,27.3,37.6,32.9
2013-12-04,36.0,56.1,44.0
2013-12-05,30.4,58.0,42.2
2013-12-06,24.2,30.3,27.7
2013-12-07,17.8,25.5,21.8
2013-12-08,15.9,27.9,21.5
2013-12-09,20.4,29.2,26.1
2013-12-10,13.4,21.3,18.6
2013-12-11,10.1,23.4,18.1
2013-12-12,7.7,19.2,13.0
2013-12-13,19.5,28.0,23.5
2013-12-14,18.1,22.5,20.3
2013-12-15,12.5,24.4,18.8
2013-12-16,3.8,18.0,9.8
2013-12-17,10.8,25.1,18.9
2013-12-18,18.0,27.0,21.3
2013-12-19,26.9,38.4,33.9
2013-12-20,32.5,40.4,36.4
2013-12-21,31.3,36.3,33.6
2013-12-22,31.6,38.2,33.6
2013-12-23,18.9,31.9,27.1
2013-12-24,11.5,17.7,14.8
2013-12-25,2.8,23.5,17.2
2013-12-26,20.8,27.0,24.0
2013-12-27,25.2,36.3,31.1
2013-12-28,33.3,45.6,38.5
2013-12-29,19.3,41.6,34.4
2013-12-30,14.5,22.3,18.8
2013-12-31,14.5,21.5,17.9
2014-01-01,10.9,17.6,13.3
2014-01-02,1.8,14.5,10.9
2014-01-03,-10.0,10.1,-0.5
2014-01-04,4.2,28.0,19.6
2014-01-05,21.2,29.2,26.5
2014-01-06,-14.2,19.6,3.8
2014-01-07,-14.6,-3.3,-9.0
2014-01-08,-9.4,12.8,1.1
2014-01-09,-4.2,19.6,6.7
2014-01-10,20.9,39.9,30.8
2014-01-11,31.1,40.8,36.9
2014-01-12,29.0,36.0,32.4
2014-01-13,33.9,44.4,39.5
2014-01-14,26.0,37.4,32.1
2014-01-15,16.9,26.8,23.7
2014-01-16,13.7,26.1,20.8
2014-01-17,14.9,30.1,24.5
2014-01-18,7.5,20.2,13.9
2014-01-19,5.7,27.3,18.4
2014-01-20,12.5,30.8,23.8
2014-01-21,-3.5,10.3,4.8
2014-01-22,-4.8,12.6,5.0
2014-01-23,-3.2,13.5,6.3
2014-01-24,-9.0,17.8,4.2
2014-01-25,3.6,25.8,17.7
2014-01-26,-1.9,25.0,11.0
2014-01-27,-5.1,25.1,7.1
2014-01-28,-10.8,3.9,-4.9
2014-01-29,-6.3,13.8,4.3
2014-01-30,7.0,27.8,16.3
2014-01-31,21.4,31.6,27.5
2014-02-01,20.9,33.1,28.3
2014-02-02,17.5,25.6,21.6
2014-02-03,0.1,22.4,11.1
2014-02-04,-2.4,23.2,11.3
2014-02-05,9.5,22.7,18.4
2014-02-06,-1.3,17.1,7.1
2014-02-07,-4.7,10.4,1.6
2014-02-08,-5.3,16.8,5.3
2014-02-09,6.8,22.2,13.8
2014-02-10,1.8,19.3,10.8
2014-02-11,-5.6,13.3,3.6
2014-02-12,-10.8,16.2,2.4
2014-02-13,-0.6,25.2,12.3
2014-02-14,16.7,27.4,23.5
2014-02-15,6.4,20.3,13.4
2014-02-16,8.2,25.5,15.0
2014-02-17,-0.4,24.5,11.7
2014-02-18,19.0,37.8,27.3
2014-02-19,26.5,42.3,35.1
2014-02-20,24.2,50.5,31.8
2014-02-21,28.9,50.4,33.3
2014-02-22,22.3,32.7,28.4
2014-02-23,16.0,28.1,21.7
2014-02-24,12.9,22.9,17.4
2014-02-25,9.5,24.2,16.3
2014-02-26,1.8,14.3,8.5
2014-02-27,-4.5,11.9,6.6
2014-02-28,-10.5,17.7,4.1
2014-03-01,13.2,30.4,22.3
2014-03-02,5.7,17.7,12.5
2014-03-03,-6.7,12.6,3.0
2014-03-04,-3.0,19.9,8.9
2014-03-05,10.0,23.2,16.3
2014-03-06,8.9,24.4,15.1
2014-03-07,4.3,39.4,24.4
2014-03-08,23.6,35.0,30.0
2014-03-09,14.2,33.2,25.3
2014-03-10,34.0,47.9,40.0
2014-03-11,34.9,47.3,38.9
2014-03-12,5.0,33.9,21.8
2014-03-13,-4.4,21.5,9.7
2014-03-14,20.3,47.1,36.6
2014-03-15,21.9,36.0,32.4
2014-03-16,13.0,22.8,18.2
2014-03-17,7.4,29.2,17.6
2014-03-18,16.5,42.0,29.7
2014-03-19,32.9,51.6,39.7
2014-03-20,27.7,39.8,34.1
2014-03-21,24.9,41.3,32.9
2014-03-22,26.9,42.5,35.0
2014-03-23,16.6,28.1,22.9
2014-03-24,17.4,30.8,23.7
2014-03-25,19.0,32.5,24.9
2014-03-26,14.5,32.4,23.3
2014-03-27,28.0,43.9,36.3
2014-03-28,31.8,49.7,44.0
2014-03-29,29.4,38.2,33.8
2014-03-30,26.3,48.2,35.8
2014-03-31,26.7,55.4,40.7
2014-04-01,37.8,57.7,45.7
2014-04-02,29.4,52.7,41.0
2014-04-03,31.0,36.7,34.2
2014-04-04,34.9,51.1,39.6
2014-04-05,29.5,46.8,36.9
2014-04-06,27.0,52.6,39.2
2014-04-07,28.5,52.2,39.5
2014-04-08,36.7,58.5,46.3
2014-04-09,33.4,55.7,44.4
2014-04-10,42.7,65.2,53.4
2014-04-11,34.9,63.2,50.2
2014-04-12,40.1,67.5,55.4
2014-04-13,54.1,71.8,63.0
2014-04-14,32.0,66.3,55.1
2014-04-15,19.9,31.5,27.2
2014-04-16,23.6,36.7,29.7
2014-04-17,29.9,62.0,45.6
2014-04-18,41.9,60.6,50.6
2014-04-19,31.9,53.7,42.4
2014-04-20,32.0,66.7,49.4
2014-04-21,41.7,73.3,58.5
2014-04-22,39.1,58.2,49.8
2014-04-23,34.1,52.2,41.9
2014-04-24,36.5,52.4,44.2
2014-04-25,43.5,56.3,47.5
2014-04-26,38.5,53.7,46.0
2014-04-27,33.8,51.1,42.5
2014-04-28,41.8,51.7,46.0
2014-04-29,46.1,72.0,57.0
2014-04-30,49.3,64.7,56.9
2014-05-01,43.2,52.2,48.0
2014-05-02,43.1,53.0,47.4
2014-05-03,42.8,59.2,50.3
2014-05-04,42.1,54.7,49.4
2014-05-05,35.9,54.2,45.7
2014-05-06,35.6,58.8,47.7
2014-05-07,43.2,59.1,50.6
2014-05-08,48.9,80.4,65.2
2014-05-09,61.4,72.3,67.5
2014-05-10,51.2,68.4,59.5
2014-05-11,45.0,74.2,60.9
2014-05-12,62.4,77.7,68.5
2014-05-13,60.3,81.4,70.5
2014-05-14,46.2,63.4,55.6
2014-05-15,43.6,58.9,50.6
2014-05-16,36.1,55.7,45.6
2014-05-17,39.4,54.6,47.0
2014-05-18,37.8,63.0,51.4
2014-05-19,44.9,66.8,56.9
2014-05-20,53.1,75.1,62.0
2014-05-21,63.2,80.2,68.9
2014-05-22,55.6,67.5,61.5
2014-05-23,48.7,65.6,57.7
2014-05-24,47.2,72.9,61.5
2014-05-25,48.8,78.0,66.0
2014-05-26,57.7,81.7,70.5
2014-05-27,66.7,79.0,71.0
2014-05-28,59.6,69.1,64.6
2014-05-29,52.8,72.9,62.9
2014-05-30,49.3,75.9,64.0
2014-05-31,54.6,76.3,65.1
2014-06-01,51.7,79.8,66.9
2014-06-02,64.8,80.5,72.0
2014-06-03,60.3,75.7,70.3
2014-06-04,56.0,63.8,60.4
2014-06-05,52.7,71.4,61.6
2014-06-06,49.4,76.6,64.2
2014-06-07,54.5,77.8,67.5
2014-06-08,60.1,74.6,65.2
2014-06-09,56.1,76.6,66.5
2014-06-10,56.8,74.0,66.5
2014-06-11,62.6,75.6,67.8
2014-06-12,63.0,75.0,69.2
2014-06-13,54.0,67.0,62.1
2014-06-14,47.3,71.8,59.8
2014-06-15,54.9,77.2,67.0
2014-06-16,68.1,84.3,76.0
2014-06-17,68.7,85.8,77.0
2014-06-18,67.2,78.3,71.6
2014-06-19,63.4,76.1,69.2
2014-06-20,58.5,70.2,63.4
2014-06-21,59.2,77.2,68.4
2014-06-22,61.2,79.2,70.2
2014-06-23,60.8,82.9,71.7
2014-06-24,67.9,75.2,71.1
2014-06-25,64.3,76.0,69.1
2014-06-26,59.5,76.2,68.0
2014-06-27,58.0,79.4,69.9
2014-06-28,62.8,84.0,74.6
2014-06-29,69.6,83.7,76.3
2014-06-30,70.2,83.8,77.1
2014-07-01,74.1,83.3,78.1
2014-07-02,66.8,74.6,71.4
2014-07-03,57.7,70.8,64.0
2014-07-04,52.5,72.6,63.8
2014-07-05,52.5,75.7,66.0
2014-07-06,59.5,80.1,70.9
2014-07-07,69.8,82.3,74.8
2014-07-08,66.6,75.8,70.4
2014-07-09,61.8,72.6,67.2
2014-07-10,56.6,73.2,65.8
2014-07-11,56.9,76.6,68.5
2014-07-12,59.8,83.0,73.1
2014-07-13,67.6,81.9,74.7
2014-07-14,63.0,79.2,70.5
2014-07-15,59.5,68.0,63.7
2014-07-16,53.4,65.3,59.8
2014-07-17,55.1,73.1,64.3
2014-07-18,54.0,74.7,65.6
2014-07-19,60.5,71.2,66.8
2014-07-20,59.4,79.3,70.3
2014-07-21,61.6,84.2,73.4
2014-07-22,62.3,88.1,76.7
2014-07-23,62.2,74.4,69.4
2014-07-24,57.5,72.0,64.9
2014-07-25,53.5,76.6,66.0
2014-07-26,58.8,80.0,69.6
2014-07-27,63.6,83.9,71.5
2014-07-28,59.5,66.9,63.7
2014-07-29,53.3,70.5,62.3
2014-07-30,55.7,73.2,64.2
2014-07-31,54.8,75.7,66.5
2014-08-01,60.0,79.8,69.0
2014-08-02,60.3,77.4,69.9
2014-08-03,59.5,81.1,71.9
2014-08-04,60.9,82.8,71.4
2014-08-05,63.2,77.2,68.3
2014-08-06,59.9,76.5,67.9
2014-08-07,54.5,79.2,68.5
2014-08-08,58.3,77.1,67.6
2014-08-09,57.8,78.0,68.3
2014-08-10,61.6,82.2,71.6
2014-08-11,66.1,72.6,68.5
2014-08-12,61.3,72.9,66.2
2014-08-13,57.1,72.5,65.0
2014-08-14,53.3,69.0,61.1
2014-08-15,49.8,72.3,61.5
2014-08-16,53.4,80.0,67.0
2014-08-17,64.1,74.2,68.3
2014-08-18,62.7,76.6,68.2
2014-08-19,64.9,84.0,71.6
2014-08-20,66.8,79.6,71.9
2014-08-21,62.2,79.8,71.9
2014-08-22,66.6,81.2,73.3
2014-08-23,64.2,79.1,71.3
2014-08-24,64.7,75.9,70.2
2014-08-25,66.7,83.3,74.4
2014-08-26,70.1,85.7,76.6
2014-08-27,65.2,76.6,71.2
2014-08-28,58.0,72.9,65.1
2014-08-29,58.5,75.9,67.2
2014-08-30,68.8,82.5,74.6
2014-08-31,69.7,81.4,74.2
2014-09-01,68.0,83.7,74.6
2014-09-02,64.8,77.0,71.9
2014-09-03,57.7,80.5,70.1
2014-09-04,64.0,85.2,74.8
2014-09-05,72.1,88.3,78.1
2014-09-06,61.0,71.3,67.2
2014-09-07,54.0,73.4,64.4
2014-09-08,53.8,74.2,64.7
2014-09-09,59.5,77.3,67.8
2014-09-10,62.8,72.5,68.4
2014-09-11,54.9,69.9,59.2
2014-09-12,52.7,59.0,55.2
2014-09-13,49.4,56.5,53.0
2014-09-14,44.5,60.3,53.7
2014-09-15,45.5,61.6,54.6
2014-09-16,46.2,64.6,55.8
2014-09-17,43.8,65.0,55.9
2014-09-18,48.6,64.4,56.2
2014-09-19,44.3,65.4,55.0
2014-09-20,55.0,78.3,65.2
2014-09-21,51.7,65.5,60.3
2014-09-22,46.6,60.6,52.2
2014-09-23,43.2,68.5,56.0
2014-09-24,48.4,70.7,59.6
2014-09-25,50.9,72.2,61.0
2014-09-26,49.7,72.1,60.4
2014-09-27,51.1,73.8,62.1
2014-09-28,52.2,72.8,62.4
2014-09-29,52.3,75.4,64.0
2014-09-30,52.3,61.1,55.4
2014-10-01,51.7,64.3,57.2
2014-10-02,54.3,72.2,62.5
2014-10-03,49.4,68.7,62.4
2014-10-04,40.5,47.9,44.4
2014-10-05,41.0,52.7,47.4
2014-10-06,45.2,60.3,51.1
2014-10-07,43.5,60.5,51.6
2014-10-08,47.1,57.3,51.9
2014-10-09,44.1,57.1,49.7
2014-10-10,40.3,55.2,47.4
2014-10-11,38.1,55.3,45.7
2014-10-12,35.5,56.6,47.0
2014-10-13,51.8,69.5,61.0
2014-10-14,59.7,67.4,64.1
2014-10-15,54.0,63.0,57.7
2014-10-16,50.5,61.8,55.7
2014-10-17,50.8,63.4,56.1
2014-10-18,43.1,49.6,46.1
2014-10-19,34.5,50.3,43.0
2014-10-20,43.6,57.4,50.1
2014-10-21,43.5,48.7,46.0
2014-10-22,40.7,52.2,45.7
2014-10-23,32.8,54.9,43.0
2014-10-24,36.3,58.7,47.8
2014-10-25,47.1,64.9,55.3
2014-10-26,41.5,57.3,49.6
2014-10-27,36.8,70.8,54.5
2014-10-28,48.5,66.7,59.0
2014-10-29,42.9,48.8,45.8
2014-10-30,39.7,48.7,44.3
2014-10-31,33.8,43.5,39.6
2014-11-01,29.7,37.0,34.0
2014-11-02,26.1,44.2,34.2
2014-11-03,34.1,55.5,46.0
2014-11-04,44.3,54.1,50.9
2014-11-05,40.3,54.0,45.5
2014-11-06,37.1,48.7,43.7
2014-11-07,31.7,40.5,36.4
2014-11-08,36.4,43.9,39.6
2014-11-09,33.7,43.7,39.4
2014-11-10,37.7,55.7,46.2
2014-11-11,38.9,58.9,49.1
2014-11-12,31.0,37.9,34.0
2014-11-13,25.5,33.2,29.7
2014-11-14,24.4,32.9,27.6
2014-11-15,24.3,32.1,27.7
2014-11-16,25.7,33.1,29.1
2014-11-17,17.4,29.4,25.7
2014-11-18,12.5,21.3,16.2
2014-11-19,12.0,28.4,19.9
2014-11-20,13.3,25.6,20.5
2014-11-21,8.9,25.5,17.1
2014-11-22,20.1,46.3,36.3
2014-11-23,44.1,50.0,46.2
2014-11-24,31.3,54.5,45.4
2014-11-25,26.5,32.1,29.9
2014-11-26,23.8,32.5,28.6
2014-11-27,23.8,33.8,28.7
2014-11-28,20.5,27.4,24.3
2014-11-29,27.5,46.0,36.3
2014-11-30,38.8,56.8,50.8
2014-12-01,22.5,36.1,28.6
2014-12-02,21.4,34.1,26.8
2014-12-03,28.5,36.4,31.1
2014-12-04,24.5,32.5,27.8
2014-12-05,27.8,35.2,32.5
2014-12-06,28.1,37.2,33.7
2014-12-07,25.9,34.5,29.7
2014-12-08,30.9,39.3,34.5
2014-12-09,31.2,37.2,34.4
2014-12-10,25.0,30.6,28.3
2014-12-11,23.7,37.0,28.6
2014-12-12,26.9,38.3,30.8
2014-12-13,29.7,41.0,36.3
2014-12-14,39.8,48.8,43.4
2014-12-15,40.4,45.9,43.2
2014-12-16,37.7,44.6,42.2
2014-12-17,27.6,35.8,30.8
2014-12-18,27.1,32.6,29.8
2014-12-19,23.6,31.2,27.8
2014-12-20,21.7,31.6,26.7
2014-12-21,24.7,34.7,28.6
2014-12-22,26.3,37.9,31.3
2014-12-23,34.4,47.4,41.1
2014-12-24,34.2,43.6,40.2
2014-12-25,32.5,38.0,35.3
2014-12-26,30.6,46.0,36.7
2014-12-27,35.5,48.0,42.6
2014-12-28,27.8,36.0,32.9
2014-12-29,22.7,30.1,26.6
2014-12-30,16.7,23.7,20.3
2014-12-31,15.3,20.8,17.0
2015-01-01,17.1,28.2,22.2
2015-01-02,25.1,34.3,28.2
2015-01-03,25.0,32.8,29.9
2015-01-04,18.9,34.8,30.3
2015-01-05,6.7,18.5,11.6
2015-01-06,6.7,18.3,11.8
2015-01-07,2.4,14.1,7.8
2015-01-08,-2.2,12.7,3.7
2015-01-09,3.2,15.0,10.2
2015-01-10,-1.8,10.9,3.8
2015-01-11,12.2,28.8,20.9
2015-01-12,9.0,26.8,23.0
2015-01-13,-2.2,11.7,3.7
2015-01-14,-12.9,16.2,1.9
2015-01-15,3.2,26.3,15.5
2015-01-16,13.8,28.9,23.9
2015-01-17,12.9,39.6,27.7
2015-01-18,27.8,39.0,33.9
2015-01-19,27.0,33.9,29.7
2015-01-20,21.1,30.6,26.0
2015-01-21,22.5,27.0,24.8
2015-01-22,20.1,29.1,24.0
2015-01-23,21.0,30.4,25.4
2015-01-24,22.2,36.0,28.8
2015-01-25,16.1,32.4,24.2
2015-01-26,4.4,23.0,15.4
2015-01-27,-0.4,24.4,12.7
2015-01-28,5.5,27.5,17.8
2015-01-29,23.2,34.5,29.1
2015-01-30,7.5,24.4,16.0
2015-01-31,6.0,33.3,21.1
2015-02-01,16.4,27.5,22.0
2015-02-02,5.0,15.5,10.9
2015-02-03,2.4,21.6,12.6
2015-02-04,12.6,27.0,23.5
2015-02-05,-3.3,14.4,6.3
2015-02-06,5.6,26.1,16.5
2015-02-07,19.1,36.7,28.1
2015-02-08,23.9,39.9,34.6
2015-02-09,14.4,22.9,18.6
2015-02-10,10.5,24.4,16.5
2015-02-11,15.4,33.3,23.5
2015-02-12,0.3,22.0,9.5
2015-02-13,-13.9,20.5,6.3
2015-02-14,-6.1,21.8,12.1
2015-02-15,-14.5,2.7,-6.9
2015-02-16,-17.7,5.6,-4.8
2015-02-17,-15.4,21.9,3.9
2015-02-18,2.0,15.2,8.1
2015-02-19,-11.2,3.2,-3.5
2015-02-20,-24.9,10.6,-4.4
2015-02-21,11.2,26.5,19.4
2015-02-22,4.5,25.6,17.5
2015-02-23,-14.6,10.1,-0.9
2015-02-24,-2.7,20.4,10.0
2015-02-25,3.4,21.4,13.1
2015-02-26,-0.1,14.3,8.0
2015-02-27,-14.6,17.1,2.3
2015-02-28,-10.9,18.3,5.6
2015-03-01,9.1,26.3,17.9
2015-03-02,10.5,29.5,21.5
2015-03-03,10.5,36.6,24.5
2015-03-04,12.0,31.3,26.0
2015-03-05,0.4,16.7,8.7
2015-03-06,-8.0,20.7,8.4
2015-03-07,15.9,40.9,27.8
2015-03-08,25.2,40.1,31.7
2015-03-09,21.2,44.2,33.3
2015-03-10,25.2,45.6,36.1
2015-03-11,31.4,48.0,39.2
2015-03-12,21.4,43.2,32.5
2015-03-13,29.2,55.9,40.9
2015-03-14,37.4,51.7,45.4
2015-03-15,29.7,52.1,40.4
2015-03-16,44.4,64.1,53.4
2015-03-17,29.5,54.5,38.6
2015-03-18,25.0,45.8,35.1
2015-03-19,25.1,39.5,32.2
2015-03-20,29.4,49.2,38.4
2015-03-21,30.1,46.1,40.3
2015-03-22,23.5,35.1,28.9
2015-03-23,22.8,30.9,26.9
2015-03-24,19.4,38.2,27.8
2015-03-25,27.1,50.5,39.6
2015-03-26,32.0,43.5,37.1
2015-03-27,20.4,30.6,25.6
2015-03-28,17.1,34.8,25.2
2015-03-29,20.7,43.2,32.6
2015-03-30,34.2,52.1,42.3
2015-03-31,32.1,44.2,36.8
2015-04-01,28.2,60.4,43.6
2015-04-02,43.5,64.2,51.7
2015-04-03,33.8,54.2,44.5
2015-04-04,26.1,48.6,36.9
2015-04-05,35.0,58.7,45.1
2015-04-06,30.8,59.5,46.5
2015-04-07,38.7,48.6,43.4
2015-04-08,37.7,48.3,42.3
2015-04-09,39.2,65.8,52.0
2015-04-10,41.7,63.4,50.6
2015-04-11,33.3,57.8,45.9
2015-04-12,32.8,62.3,49.1
2015-04-13,45.1,67.9,54.4
2015-04-14,39.3,61.3,50.5
2015-04-15,37.6,60.0,48.8
2015-04-16,42.4,62.8,52.4
2015-04-17,46.2,72.4,58.9
2015-04-18,45.9,69.2,56.6
2015-04-19,43.7,59.3,51.1
2015-04-20,43.6,59.3,53.2
2015-04-21,39.4,50.0,44.8
2015-04-22,34.0,42.3,38.1
2015-04-23,30.8,40.5,35.4
2015-04-24,26.2,53.9,40.5
2015-04-25,35.2,49.2,42.0
2015-04-26,33.9,54.9,44.2
2015-04-27,37.8,47.2,42.5
2015-04-28,31.2,62.4,47.7
2015-04-29,37.9,62.7,51.8
2015-04-30,42.1,54.5,48.3
2015-05-01,43.1,68.5,55.5
2015-05-02,45.3,70.8,58.4
2015-05-03,50.1,74.7,62.7
2015-05-04,58.6,71.6,64.1
2015-05-05,49.5,57.6,52.0
2015-05-06,48.4,69.2,58.3
2015-05-07,49.7,79.2,64.5
2015-05-08,56.8,82.2,69.8
2015-05-09,56.8,78.2,68.2
2015-05-10,57.8,76.4,65.9
2015-05-11,62.2,76.3,67.6
2015-05-12,48.5,62.2,53.9
2015-05-13,43.2,53.7,48.4
2015-05-14,38.3,60.1,50.2
2015-05-15,49.8,71.9,60.6
2015-05-16,58.1,72.9,65.2
2015-05-17,61.3,79.4,70.2
2015-05-18,65.2,80.0,73.0
2015-05-19,45.3,62.1,53.3
2015-05-20,38.6,57.7,48.4
2015-05-21,47.5,61.4,54.2
2015-05-22,47.0,63.4,54.8
2015-05-23,40.8,72.1,57.8
2015-05-24,51.4,76.6,65.2
2015-05-25,65.6,77.6,71.0
2015-05-26,62.7,81.4,70.7
2015-05-27,62.6,77.4,68.5
2015-05-28,53.8,76.2,66.4
2015-05-29,60.3,79.1,70.1
2015-05-30,51.6,78.3,68.0
2015-05-31,47.7,51.2,49.4
2015-06-01,44.0,62.4,53.1
2015-06-02,42.4,67.6,56.2
2015-06-03,46.5,69.7,59.3
2015-06-04,55.4,74.5,65.5
2015-06-05,58.3,75.5,66.1
2015-06-06,52.8,70.3,61.1
2015-06-07,50.4,78.3,65.6
2015-06-08,63.6,77.1,70.1
2015-06-09,60.6,73.7,66.5
2015-06-10,63.0,83.8,73.2
2015-06-11,60.1,74.6,67.1
2015-06-12,61.1,76.5,67.8
2015-06-13,57.4,69.5,63.2
2015-06-14,62.4,79.3,70.3
2015-06-15,68.1,79.2,72.3
2015-06-16,62.0,78.3,71.2
2015-06-17,58.6,71.8,65.2
2015-06-18,64.0,78.6,71.0
2015-06-19,59.5,72.6,65.8
2015-06-20,55.8,73.2,65.3
2015-06-21,66.5,80.2,72.2
2015-06-22,61.4,81.2,72.7
2015-06-23,64.0,75.6,70.5
2015-06-24,54.6,77.4,67.8
2015-06-25,59.5,71.5,66.5
2015-06-26,59.7,73.0,66.3
2015-06-27,56.8,64.2,58.9
2015-06-28,58.0,70.7,64.2
2015-06-29,57.1,73.3,65.7
2015-06-30,57.3,73.7,65.6
2015-07-01,60.7,68.1,64.3
2015-07-02,58.4,71.6,64.5
2015-07-03,49.0,72.1,62.1
2015-07-04,51.6,78.0,66.8
2015-07-05,57.6,79.3,69.6
2015-07-06,58.5,81.4,71.4
2015-07-07,59.6,75.3,68.3
2015-07-08,56.2,66.3,61.4
2015-07-09,58.0,71.2,64.9
2015-07-10,55.0,76.7,67.0
2015-07-11,59.6,79.4,70.2
2015-07-12,64.1,77.1,70.1
2015-07-13,60.0,78.4,70.7
2015-07-14,66.8,76.1,71.6
2015-07-15,57.0,72.9,64.8
2015-07-16,52.6,73.8,63.9
2015-07-17,64.7,83.6,73.1
2015-07-18,71.1,85.2,78.0
2015-07-19,69.1,86.0,78.0
2015-07-20,62.0,81.1,73.0
2015-07-21,66.2,76.6,71.3
2015-07-22,59.1,74.8,67.9
2015-07-23,58.2,79.8,70.4
2015-07-24,63.9,83.2,74.3
2015-07-25,67.1,82.6,75.3
2015-07-26,67.2,83.7,75.5
2015-07-27,62.9,84.8,75.5
2015-07-28,65.2,87.1,76.8
2015-07-29,64.8,86.7,75.6
2015-07-30,65.8,82.4,74.2
2015-07-31,66.0,81.7,74.0
2015-08-01,62.7,79.3,71.6
2015-08-02,61.7,87.8,74.8
2015-08-03,64.7,77.4,70.6
2015-08-04,59.1,77.2,69.1
2015-08-05,59.4,74.7,67.6
2015-08-06,60.1,74.9,67.5
2015-08-07,56.7,75.1,67.3
2015-08-08,64.3,76.8,69.5
2015-08-09,65.0,78.6,71.7
2015-08-10,65.2,78.3,71.0
2015-08-11,65.6,76.6,70.4
2015-08-12,59.5,72.3,66.0
2015-08-13,60.1,81.6,70.8
2015-08-14,66.3,82.8,73.7
2015-08-15,65.4,82.3,72.5
2015-08-16,65.7,85.6,75.8
2015-08-17,68.6,85.0,76.0
2015-08-18,68.9,81.4,74.7
2015-08-19,69.1,85.1,74.5
2015-08-20,61.2,70.6,66.6
2015-08-21,57.2,74.5,66.0
2015-08-22,56.2,77.2,67.2
2015-08-23,57.3,79.8,68.3
2015-08-24,57.6,71.4,64.3
2015-08-25,56.6,64.0,60.7
2015-08-26,56.8,66.0,61.8
2015-08-27,59.4,66.8,63.4
2015-08-28,59.1,74.3,66.5
2015-08-29,61.5,74.9,67.2
2015-08-30,64.5,79.9,70.7
2015-08-31,61.4,82.1,71.7
2015-09-01,62.5,84.7,74.2
2015-09-02,68.4,87.0,76.6
2015-09-03,65.9,85.6,74.4
2015-09-04,68.2,81.2,74.2
2015-09-05,65.2,83.5,73.4
2015-09-06,65.5,86.0,76.0
2015-09-07,71.2,88.2,79.1
2015-09-08,71.3,85.5,77.6
2015-09-09,65.8,75.8,71.1
2015-09-10,55.9,76.1,67.0
2015-09-11,57.5,63.5,60.2
2015-09-12,51.9,63.1,56.0
2015-09-13,48.3,65.0,55.9
2015-09-14,49.4,73.6,61.8
2015-09-15,58.6,79.9,68.1
2015-09-16,57.4,79.6,68.6
2015-09-17,58.2,80.0,69.4
2015-09-18,64.5,75.9,69.2
2015-09-19,58.7,69.4,66.8
2015-09-20,49.7,66.6,58.9
2015-09-21,52.3,69.4,59.9
2015-09-22,48.4,72.8,60.3
2015-09-23,51.0,74.3,63.4
2015-09-24,55.9,75.3,64.8
2015-09-25,58.1,74.8,65.8
2015-09-26,59.5,71.5,64.8
2015-09-27,60.3,75.3,67.0
2015-09-28,62.7,76.8,70.0
2015-09-29,57.2,69.5,64.5
2015-09-30,50.5,62.1,56.1
2015-10-01,46.7,57.6,51.4
2015-10-02,46.2,57.4,51.3
2015-10-03,45.7,50.5,47.3
2015-10-04,48.4,62.2,54.8
2015-10-05,52.2,71.1,60.7
2015-10-06,55.0,65.6,59.4
2015-10-07,53.9,69.9,60.6
2015-10-08,48.3,74.3,61.0
2015-10-09,54.8,65.7,58.9
2015-10-10,45.7,62.2,54.3
2015-10-11,50.6,72.4,60.7
2015-10-12,55.4,73.9,63.9
2015-10-13,52.7,61.3,54.9
2015-10-14,46.8,55.0,52.1
2015-10-15,44.2,62.3,52.0
2015-10-16,41.4,52.7,46.9
2015-10-17,33.9,44.8,39.7
2015-10-18,31.7,48.3,39.2
2015-10-19,35.2,64.6,50.3
2015-10-20,54.9,71.1,61.1
2015-10-21,54.0,72.1,61.1
2015-10-22,49.0,63.9,58.7
2015-10-23,43.2,56.4,49.4
2015-10-24,50.3,69.3,58.1
2015-10-25,46.8,57.9,51.8
2015-10-26,39.0,57.5,48.1
2015-10-27,45.6,56.0,50.2
2015-10-28,48.6,58.2,53.5
2015-10-29,38.1,48.4,43.1
2015-10-30,39.7,49.8,45.5
2015-10-31,42.8,50.0,46.2
2015-11-01,44.7,59.4,52.0
2015-11-02,39.7,67.0,52.5
2015-11-03,48.9,70.4,57.3
2015-11-04,46.8,71.2,57.9
2015-11-05,57.0,69.3,63.1
2015-11-06,47.8,64.0,56.9
2015-11-07,39.3,50.4,45.9
2015-11-08,32.7,49.2,40.5
2015-11-09,33.5,52.2,41.9
2015-11-10,40.6,46.3,44.2
2015-11-11,34.3,55.3,45.4
2015-11-12,45.1,51.8,47.4
2015-11-13,37.5,44.6,40.4
2015-11-14,34.4,47.6,41.0
2015-11-15,42.5,61.0,50.3
2015-11-16,38.8,59.7,49.2
2015-11-17,43.8,57.6,51.1
2015-11-18,56.1,58.8,57.3
2015-11-19,37.9,58.1,48.9
2015-11-20,34.3,42.3,37.7
2015-11-21,28.1,36.2,32.7
2015-11-22,16.8,28.9,23.6
2015-11-23,15.4,30.6,24.0
2015-11-24,20.8,38.0,28.2
2015-11-25,23.3,47.2,35.4
2015-11-26,44.2,58.2,51.4
2015-11-27,34.1,58.2,48.2
2015-11-28,28.3,38.0,33.9
2015-11-29,23.3,37.5,29.5
2015-11-30,28.1,42.6,33.9
2015-12-01,36.7,46.0,41.1
2015-12-02,27.9,41.6,34.3
2015-12-03,31.5,41.1,36.4
2015-12-04,33.1,45.5,37.4
2015-12-05,27.2,41.0,32.4
2015-12-06,28.1,43.4,33.6
2015-12-07,29.5,41.7,34.4
2015-12-08,32.8,43.1,37.5
2015-12-09,38.2,48.3,42.7
2015-12-10,37.4,54.3,45.7
2015-12-11,39.7,52.2,46.6
2015-12-12,39.5,61.8,51.1
2015-12-13,54.2,61.2,57.9
2015-12-14,44.7,58.3,54.0
2015-12-15,39.8,45.4,43.2
2015-12-16,38.9,51.5,44.3
2015-12-17,31.7,48.7,36.5
2015-12-18,26.2,31.9,29.6
2015-12-19,24.7,29.6,26.5
2015-12-20,23.8,42.7,32.9
2015-12-21,40.0,49.2,44.0
2015-12-22,36.7,49.1,45.8
2015-12-23,37.1,60.0,51.4
2015-12-24,40.5,60.5,45.8
2015-12-25,34.4,46.8,40.6
2015-12-26,33.0,42.3,37.8
2015-12-27,32.5,42.6,36.7
2015-12-28,26.6,36.6,30.2
2015-12-29,33.1,43.1,37.6
2015-12-30,30.6,33.1,31.9
2015-12-31,28.1,32.0,30.1
2016-01-01,25.1,28.0,27.1
2016-01-02,26.3,35.2,29.9
2016-01-03,25.5,31.1,29.6
2016-01-04,19.4,26.0,23.3
2016-01-05,16.2,28.2,21.3
2016-01-06,19.5,35.8,26.1
2016-01-07,24.6,40.2,31.1
2016-01-08,28.9,40.9,33.4
2016-01-09,39.8,46.2,42.8
2016-01-10,19.1,41.4,28.9
2016-01-11,14.6,19.0,16.5
2016-01-12,9.5,24.5,18.1
2016-01-13,4.4,15.4,10.4
2016-01-14,16.5,34.2,26.0
2016-01-15,32.1,43.6,37.3
2016-01-16,26.8,33.8,29.1
2016-01-17,10.3,26.3,18.5
2016-01-18,8.7,17.8,12.2
2016-01-19,10.7,22.9,15.6
2016-01-20,13.8,22.6,17.7
2016-01-21,12.7,27.7,20.4
2016-01-22,17.2,28.0,22.2
2016-01-23,19.3,30.5,23.6
2016-01-24,17.3,35.1,25.9
2016-01-25,25.4,42.6,33.3
2016-01-26,29.5,43.2,35.5
2016-01-27,25.9,32.7,29.0
2016-01-28,26.1,36.9,31.3
2016-01-29,21.6,29.6,25.1
2016-01-30,27.9,48.9,36.7
2016-01-31,34.5,52.4,43.7
2016-02-01,27.6,42.9,35.7
2016-02-02,26.0,41.4,33.5
2016-02-03,33.3,53.5,45.7
2016-02-04,24.9,33.3,30.3
2016-02-05,21.6,36.9,28.5
2016-02-06,24.0,38.3,30.4
2016-02-07,29.1,47.8,37.5
2016-02-08,30.7,41.1,35.2
2016-02-09,24.7,32.7,29.7
2016-02-10,14.3,24.2,20.9
2016-02-11,9.9,22.2,15.8
2016-02-12,9.2,25.1,16.8
2016-02-13,1.8,16.2,8.9
2016-02-14,1.3,16.9,10.0
2016-02-15,14.4,28.9,22.3
2016-02-16,24.1,31.1,27.3
2016-02-17,22.0,31.2,27.3
2016-02-18,12.4,31.6,23.1
2016-02-19,30.6,60.1,45.3
2016-02-20,34.5,56.2,46.2
2016-02-21,31.0,41.9,35.6
2016-02-22,25.4,34.5,29.9
2016-02-23,23.7,41.7,31.5
2016-02-24,29.6,32.5,30.9
2016-02-25,21.4,32.3,28.3
2016-02-26,12.5,30.1,22.3
2016-02-27,18.9,40.8,30.4
2016-02-28,37.5,58.5,47.2
2016-02-29,27.2,47.7,36.3
2016-03-01,21.5,32.3,25.6
2016-03-02,15.6,26.1,20.3
2016-03-03,18.3,29.7,24.3
2016-03-04,20.8,31.5,25.2
2016-03-05,23.0,34.2,28.9
2016-03-06,19.4,36.3,30.1
2016-03-07,36.0,61.2,45.8
2016-03-08,44.6,67.5,55.2
2016-03-09,54.0,66.1,59.8
2016-03-10,45.4,57.0,52.2
2016-03-11,34.0,51.3,42.2
2016-03-12,28.9,58.6,43.0
2016-03-13,41.8,43.6,42.5
2016-03-14,43.2,60.2,52.0
2016-03-15,44.5,55.6,48.5
2016-03-16,43.2,56.9,49.4
2016-03-17,38.6,50.3,45.8
2016-03-18,29.5,46.4,38.4
2016-03-19,26.8,38.8,32.3
2016-03-20,27.0,41.9,33.1
2016-03-21,27.3,44.0,34.5
2016-03-22,28.6,58.2,44.1
2016-03-23,37.8,52.4,42.5
2016-03-24,36.4,58.7,47.4
2016-03-25,26.1,44.2,34.4
2016-03-26,26.5,46.7,36.0
2016-03-27,29.1,64.1,45.9
2016-03-28,37.6,49.9,43.8
2016-03-29,30.5,49.8,39.5
2016-03-30,30.9,61.0,47.5
2016-03-31,50.4,64.7,57.3
2016-04-01,39.4,48.7,44.5
2016-04-02,26.9,39.2,34.2
2016-04-03,23.8,48.7,35.0
2016-04-04,24.5,50.4,32.2
2016-04-05,21.0,38.0,29.2
2016-04-06,29.7,52.0,41.6
2016-04-07,31.7,43.0,38.0
2016-04-08,27.5,41.3,33.7
2016-04-09,24.1,32.7,28.7
2016-04-10,23.5,43.6,32.5
2016-04-11,35.3,58.5,47.8
2016-04-12,30.3,45.2,37.5
2016-04-13,29.3,47.8,38.0
2016-04-14,29.1,54.8,41.9
2016-04-15,33.3,63.6,47.8
2016-04-16,39.3,69.0,53.1
2016-04-17,37.8,72.1,55.0
2016-04-18,43.7,77.4,62.3
2016-04-19,46.2,59.2,52.9
2016-04-20,43.9,62.2,52.0
2016-04-21,49.4,62.8,55.1
2016-04-22,43.8,59.0,53.0
2016-04-23,36.5,56.6,46.3
2016-04-24,33.8,63.5,49.3
2016-04-25,45.2,73.2,58.3
2016-04-26,42.2,59.6,52.9
2016-04-27,37.8,57.2,47.1
2016-04-28,40.4,45.0,42.7
2016-04-29,41.3,47.8,44.1
2016-04-30,35.8,53.7,45.5
2016-05-01,45.7,53.7,48.9
2016-05-02,43.2,51.6,47.1
2016-05-03,38.8,63.0,51.5
2016-05-04,47.6,55.7,50.2
2016-05-05,42.1,63.0,53.0
2016-05-06,41.7,68.7,56.1
2016-05-07,46.8,71.3,56.8
2016-05-08,42.1,64.4,53.8
2016-05-09,39.4,60.9,52.1
2016-05-10,47.3,55.5,50.7
2016-05-11,49.9,64.8,57.1
2016-05-12,54.5,75.2,63.3
2016-05-13,50.1,65.3,57.6
2016-05-14,39.8,52.4,46.8
2016-05-15,35.2,46.8,41.4
2016-05-16,38.3,63.6,51.7
2016-05-17,47.7,59.8,53.9
2016-05-18,41.8,62.8,52.7
2016-05-19,45.0,67.6,56.7
2016-05-20,43.2,65.8,56.8
2016-05-21,51.6,68.9,59.6
2016-05-22,50.5,68.6,58.9
2016-05-23,43.3,72.9,59.1
2016-05-24,49.3,80.6,66.8
2016-05-25,62.6,80.1,71.8
2016-05-26,65.6,81.6,71.9
2016-05-27,64.8,81.7,73.1
2016-05-28,67.6,82.4,74.5
2016-05-29,66.8,81.9,72.8
2016-05-30,61.4,79.2,70.6
2016-05-31,58.6,79.6,69.6
2016-06-01,57.0,79.0,68.3
2016-06-02,61.5,79.3,70.4
2016-06-03,57.1,77.8,67.9
2016-06-04,60.8,79.4,66.9
2016-06-05,61.9,71.5,66.4
2016-06-06,60.1,77.2,68.2
2016-06-07,55.1,63.1,59.6
2016-06-08,48.8,66.2,57.5
2016-06-09,47.3,70.9,61.1
2016-06-10,60.3,81.2,70.1
2016-06-11,71.2,88.8,79.7
2016-06-12,59.4,75.8,68.2
2016-06-13,51.6,73.3,62.6
2016-06-14,60.0,71.7,65.5
2016-06-15,61.3,81.8,70.5
2016-06-16,64.3,72.9,67.9
2016-06-17,60.2,82.4,71.5
2016-06-18,57.3,84.7,73.5
2016-06-19,63.3,87.2,76.4
2016-06-20,71.7,88.3,79.5
2016-06-21,61.2,79.5,71.6
2016-06-22,62.2,80.6,71.2
2016-06-23,64.0,77.2,69.8
2016-06-24,57.8,80.4,69.7
2016-06-25,60.0,84.0,72.7
2016-06-26,66.9,90.0,76.4
2016-06-27,67.5,87.3,77.0
2016-06-28,58.7,69.5,65.3
2016-06-29,50.8,76.5,65.3
2016-06-30,54.6,79.6,68.7
2016-07-01,62.1,72.9,67.4
2016-07-02,54.5,75.7,65.7
2016-07-03,55.8,77.0,68.0
2016-07-04,56.7,79.1,69.6
2016-07-05,63.9,82.2,73.9
2016-07-06,66.7,86.8,77.2
2016-07-07,69.3,88.9,78.5
2016-07-08,67.8,85.9,75.7
2016-07-09,65.4,74.8,70.5
2016-07-10,61.6,80.9,71.9
2016-07-11,64.7,86.1,76.0
2016-07-12,69.9,88.8,79.3
2016-07-13,72.1,89.0,78.6
2016-07-14,69.7,83.0,76.2
2016-07-15,67.0,76.1,71.6
2016-07-16,63.7,72.5,67.7
2016-07-17,58.7,84.1,72.9
2016-07-18,68.4,83.8,76.8
2016-07-19,63.8,82.6,73.7
2016-07-20,60.3,86.4,73.9
2016-07-21,68.6,89.2,79.8
2016-07-22,76.8,91.3,83.4
2016-07-23,71.3,92.8,82.7
2016-07-24,75.7,88.5,80.6
2016-07-25,74.8,88.0,80.8
2016-07-26,65.9,86.0,77.3
2016-07-27,67.6,87.9,79.0
2016-07-28,69.8,83.9,76.1
2016-07-29,66.8,81.9,72.2
2016-07-30,63.8,76.4,70.0
2016-07-31,65.4,79.2,70.8
2016-08-01,64.2,79.4,72.2
2016-08-02,65.9,81.1,74.1
2016-08-03,63.7,85.6,75.3
2016-08-04,63.8,87.7,76.8
2016-08-05,71.1,86.5,78.8
2016-08-06,65.8,80.0,73.9
2016-08-07,65.6,80.3,73.2
2016-08-08,60.3,81.6,71.2
2016-08-09,63.3,85.1,74.4
2016-08-10,68.3,90.5,80.6
2016-08-11,74.1,90.1,82.3
2016-08-12,75.0,90.6,80.7
2016-08-13,73.7,80.2,75.9
2016-08-14,67.2,80.5,74.2
2016-08-15,66.4,80.2,72.6
2016-08-16,71.2,80.8,74.8
2016-08-17,65.2,82.8,74.2
2016-08-18,65.2,81.1,73.7
2016-08-19,69.3,81.6,75.2
2016-08-20,68.7,82.3,74.1
2016-08-21,63.3,72.5,68.1
2016-08-22,57.1,73.6,65.9
2016-08-23,57.6,78.7,68.9
2016-08-24,63.2,81.8,71.8
2016-08-25,70.8,79.1,74.4
2016-08-26,62.2,82.4,73.0
2016-08-27,67.6,78.6,73.0
2016-08-28,69.6,83.3,75.3
2016-08-29,66.3,80.9,73.0
2016-08-30,63.4,80.8,72.5
2016-08-31,63.5,76.8,71.1
2016-09-01,59.7,70.6,64.5
2016-09-02,56.2,72.6,63.7
2016-09-03,53.4,74.4,63.9
2016-09-04,53.6,77.3,66.1
2016-09-05,58.4,83.0,71.3
2016-09-06,70.3,87.4,77.5
2016-09-07,73.9,87.7,79.1
2016-09-08,72.0,80.9,75.7
2016-09-09,66.5,79.3,73.2
2016-09-10,62.4,76.0,70.3
2016-09-11,57.2,70.6,63.3
2016-09-12,52.6,73.6,63.9
2016-09-13,57.1,79.9,69.0
2016-09-14,59.8,72.6,66.5
2016-09-15,53.9,69.9,62.0
2016-09-16,55.2,75.9,65.8
2016-09-17,65.8,72.1,68.9
2016-09-18,61.7,76.7,68.5
2016-09-19,56.3,80.3,68.5
2016-09-20,63.6,79.1,70.7
2016-09-21,60.1,79.5,69.8
2016-09-22,63.2,83.5,72.9
2016-09-23,62.0,75.8,68.9
2016-09-24,56.8,67.6,62.2
2016-09-25,52.4,69.6,60.4
2016-09-26,56.8,66.2,61.9
2016-09-27,52.2,65.2,58.3
2016-09-28,51.7,63.0,56.9
2016-09-29,57.8,65.4,60.1
2016-09-30,58.9,61.4,59.7
2016-10-01,53.6,66.4,60.5
2016-10-02,49.4,66.6,57.6
2016-10-03,52.4,66.2,59.3
2016-10-04,54.9,70.4,61.9
2016-10-05,58.9,75.7,66.9
2016-10-06,57.8,76.8,68.1
2016-10-07,56.5,76.6,67.4
2016-10-08,47.7,57.7,52.8
2016-10-09,41.1,58.0,49.4
2016-10-10,39.0,58.9,49.1
2016-10-11,47.6,65.8,55.1
2016-10-12,51.2,73.7,61.1
2016-10-13,44.2,54.0,50.9
2016-10-14,38.9,58.8,49.2
2016-10-15,45.1,69.8,58.4
2016-10-16,63.0,66.4,64.5
2016-10-17,61.7,77.7,69.8
2016-10-18,59.7,76.2,70.5
2016-10-19,50.0,68.6,60.0
2016-10-20,49.8,57.7,55.0
2016-10-21,43.8,52.8,47.9
2016-10-22,38.8,51.3,44.8
2016-10-23,43.9,63.8,53.4
2016-10-24,43.2,53.2,48.5
2016-10-25,36.9,50.3,44.0
2016-10-26,39.7,42.7,40.8
2016-10-27,42.4,45.0,43.8
2016-10-28,34.4,54.0,46.2
2016-10-29,55.1,68.2,62.3
2016-10-30,44.6,58.5,50.2
2016-10-31,42.3,50.9,46.1
2016-11-01,46.7,73.8,60.1
2016-11-02,56.6,68.4,61.5
2016-11-03,50.1,58.2,54.1
2016-11-04,44.2,53.0,48.2
2016-11-05,42.6,63.1,51.4
2016-11-06,42.3,61.8,50.3
2016-11-07,42.1,62.6,49.9
2016-11-08,46.4,58.8,51.2
2016-11-09,39.5,50.2,45.7
2016-11-10,39.9,57.9,48.7
2016-11-11,35.3,52.0,45.0
2016-11-12,27.8,46.8,37.2
2016-11-13,35.5,52.9,42.6
2016-11-14,36.2,54.5,44.3
2016-11-15,37.8,57.6,47.2
2016-11-16,44.1,52.4,47.5
2016-11-17,42.3,60.1,50.8
2016-11-18,53.2,68.1,60.7
2016-11-19,31.5,59.3,39.3
2016-11-20,28.0,33.3,31.0
2016-11-21,26.9,35.0,30.0
2016-11-22,25.2,36.4,30.0
2016-11-23,26.9,36.5,33.0
2016-11-24,36.5,44.4,40.7
2016-11-25,35.9,42.5,38.8
2016-11-26,35.0,40.9,37.7
2016-11-27,29.2,45.0,36.6
2016-11-28,35.5,48.1,41.4
2016-11-29,45.9,55.1,49.8
2016-11-30,38.7,53.9,45.5
2016-12-01,34.8,41.0,37.7
2016-12-02,34.7,39.3,36.9
2016-12-03,33.9,38.0,35.4
2016-12-04,31.0,38.2,33.9
2016-12-05,26.1,41.3,34.6
2016-12-06,26.1,37.5,33.1
2016-12-07,28.5,35.8,31.9
2016-12-08,26.0,28.9,27.8
2016-12-09,23.0,31.7,26.4
2016-12-10,21.4,28.0,23.7
2016-12-11,21.1,30.2,24.9
2016-12-12,22.1,32.8,29.6
2016-12-13,12.1,26.7,19.5
2016-12-14,6.3,16.1,11.2
2016-12-15,1.6,14.9,7.3
2016-12-16,0.6,19.1,10.1
2016-12-17,19.6,26.0,22.9
2016-12-18,3.3,21.2,15.7
2016-12-19,-9.4,10.3,0.4
2016-12-20,2.1,25.5,15.1
2016-12-21,19.9,31.6,24.8
2016-12-22,25.9,36.8,31.6
2016-12-23,23.3,33.4,28.6
2016-12-24,31.4,36.9,34.4
2016-12-25,30.6,34.5,32.5
2016-12-26,34.0,58.3,47.6
2016-12-27,27.4,37.0,29.9
2016-12-28,27.0,36.2,31.1
2016-12-29,28.9,38.8,33.5
2016-12-30,26.0,31.1,28.2
2016-12-31,27.4,42.7,34.8
2017-01-01,23.9,38.2,29.0
2017-01-02,26.9,39.7,32.9
2017-01-03,35.4,40.3,38.4
2017-01-04,17.8,34.2,22.3
2017-01-05,9.6,17.8,15.6
2017-01-06,7.2,15.3,11.2
2017-01-07,4.5,16.6,10.5
2017-01-08,6.8,20.0,12.2
2017-01-09,13.5,29.6,21.8
2017-01-10,25.9,47.0,35.5
2017-01-11,23.9,54.0,38.0
2017-01-12,26.4,55.1,33.8
2017-01-13,18.0,25.1,21.8
2017-01-14,21.0,33.3,25.4
2017-01-15,19.2,37.0,25.5
2017-01-16,21.6,34.9,28.7
2017-01-17,31.9,48.7,37.8
2017-01-18,33.3,39.9,35.6
2017-01-19,28.5,39.4,33.1
2017-01-20,30.4,43.5,36.0
2017-01-21,42.7,58.9,48.9
2017-01-22,37.3,52.6,44.6
2017-01-23,39.5,44.3,41.5
2017-01-24,35.6,40.5,38.4
2017-01-25,29.8,48.2,39.1
2017-01-26,29.8,38.3,34.7
2017-01-27,25.9,34.2,29.9
2017-01-28,24.2,31.6,27.7
2017-01-29,22.6,31.4,26.5
2017-01-30,16.5,28.2,22.5
2017-01-31,22.2,35.0,28.6
2017-02-01,23.5,35.3,29.3
2017-02-02,13.5,23.8,18.4
2017-02-03,12.6,20.3,16.5
2017-02-04,9.1,28.6,19.5
2017-02-05,20.8,37.5,29.5
2017-02-06,14.5,45.2,29.6
2017-02-07,34.2,54.6,42.2
2017-02-08,21.3,35.5,29.4
2017-02-09,15.4,22.9,19.0
2017-02-10,15.5,37.1,25.3
2017-02-11,32.0,45.5,37.7
2017-02-12,31.1,43.7,35.4
2017-02-13,27.0,42.0,32.4
2017-02-14,28.8,46.1,36.8
2017-02-15,24.4,32.6,27.8
2017-02-16,22.0,33.2,26.6
2017-02-17,25.6,50.9,36.2
2017-02-18,44.9,62.7,52.0
2017-02-19,38.1,60.3,46.6
2017-02-20,34.2,52.2,41.5
2017-02-21,37.9,59.7,48.9
2017-02-22,44.5,63.3,54.7
2017-02-23,41.0,62.1,55.5
2017-02-24,38.5,67.1,52.1
2017-02-25,23.3,46.8,32.8
2017-02-26,22.0,40.5,31.0
2017-02-27,31.4,49.1,40.1
2017-02-28,34.7,56.6,46.4
2017-03-01,27.0,58.5,47.1
2017-03-02,23.0,33.3,28.0
2017-03-03,18.7,29.1,23.0
2017-03-04,16.2,33.8,23.2
2017-03-05,21.8,42.4,32.1
2017-03-06,40.6,58.2,50.0
2017-03-07,38.8,60.6,52.4
2017-03-08,39.2,47.9,43.4
2017-03-09,29.8,41.9,36.6
2017-03-10,14.8,33.2,24.8
2017-03-11,14.5,30.8,20.8
2017-03-12,14.9,31.3,22.4
2017-03-13,18.9,27.0,23.0
2017-03-14,6.6,22.0,17.5
2017-03-15,12.0,30.9,20.4
2017-03-16,15.1,41.2,27.5
2017-03-17,22.2,34.5,29.4
2017-03-18,32.5,44.2,36.4
2017-03-19,31.4,44.1,36.5
2017-03-20,31.5,49.5,39.6
2017-03-21,25.4,53.3,40.6
2017-03-22,18.5,35.6,25.8
2017-03-23,20.8,40.2,31.3
2017-03-24,37.8,71.2,56.3
2017-03-25,38.6,45.7,42.2
2017-03-26,38.7,56.1,46.3
2017-03-27,47.3,60.0,52.4
2017-03-28,36.0,49.9,45.0
2017-03-29,31.4,55.2,43.4
2017-03-30,37.1,42.5,39.0
2017-03-31,35.1,40.5,38.3
2017-04-01,33.3,55.5,43.0
2017-04-02,32.9,58.3,46.7
2017-04-03,42.6,55.3,48.7
2017-04-04,45.1,55.0,49.1
2017-04-05,35.8,48.7,42.2
2017-04-06,34.2,40.3,35.7
2017-04-07,32.4,48.9,39.6
2017-04-08,28.9,58.1,44.7
2017-04-09,44.4,71.5,58.4
2017-04-10,58.4,74.5,65.2
2017-04-11,42.8,61.0,55.4
2017-04-12,36.6,58.2,47.4
2017-04-13,41.4,51.6,45.7
2017-04-14,43.8,60.3,51.1
2017-04-15,46.6,77.5,63.0
2017-04-16,55.4,69.1,64.6
2017-04-17,42.1,67.2,54.2
2017-04-18,38.5,63.1,50.3
2017-04-19,49.2,71.2,61.7
2017-04-20,46.0,72.3,57.5
2017-04-21,43.8,51.9,48.7
2017-04-22,37.6,59.3,47.7
2017-04-23,34.2,67.4,51.1
2017-04-24,38.5,66.5,53.7
2017-04-25,47.8,66.6,56.5
2017-04-26,52.6,77.6,65.5
2017-04-27,49.1,69.5,62.0
2017-04-28,43.1,61.9,53.9
2017-04-29,42.7,52.8,48.0
2017-04-30,41.6,65.5,51.3
2017-05-01,47.9,64.8,58.9
2017-05-02,41.4,50.0,45.9
2017-05-03,37.9,58.3,48.4
2017-05-04,42.3,46.4,44.3
2017-05-05,40.7,46.9,43.2
2017-05-06,39.9,56.6,48.4
2017-05-07,36.4,53.4,45.0
2017-05-08,31.1,54.8,43.3
2017-05-09,33.9,59.5,48.4
2017-05-10,45.5,62.9,53.8
2017-05-11,43.9,64.0,52.5
2017-05-12,40.4,65.4,53.0
2017-05-13,43.3,70.0,57.3
2017-05-14,47.5,66.5,57.5
2017-05-15,43.5,67.9,55.9
2017-05-16,53.9,80.9,68.2
2017-05-17,65.8,81.4,74.6
2017-05-18,62.3,80.7,73.5
2017-05-19,44.4,59.0,52.4
2017-05-20,48.2,61.4,54.7
2017-05-21,55.6,71.0,63.8
2017-05-22,49.0,67.6,58.3
2017-05-23,54.0,69.4,61.3
2017-05-24,54.0,65.9,59.4
2017-05-25,55.5,60.5,58.3
2017-05-26,53.9,67.5,60.1
2017-05-27,54.9,70.5,64.1
2017-05-28,55.7,75.4,64.6
2017-05-29,55.5,74.7,64.6
2017-05-30,52.8,66.8,60.7
2017-05-31,53.8,68.5,60.6
2017-06-01,53.4,71.3,62.2
2017-06-02,49.3,77.4,64.8
2017-06-03,53.5,74.1,64.7
2017-06-04,62.7,81.6,72.1
2017-06-05,56.0,71.3,63.7
2017-06-06,51.1,68.2,59.5
2017-06-07,51.3,71.3,60.9
2017-06-08,48.3,75.0,62.5
2017-06-09,53.5,73.3,64.1
2017-06-10,59.4,82.8,72.9
2017-06-11,67.1,85.7,76.8
2017-06-12,69.7,87.2,79.4
2017-06-13,70.8,87.1,79.2
2017-06-14,64.3,82.1,73.1
2017-06-15,66.6,85.7,74.6
2017-06-16,62.5,84.8,73.4
2017-06-17,66.1,84.4,76.0
2017-06-18,65.4,80.0,73.9
2017-06-19,60.9,72.2,66.7
2017-06-20,57.0,74.4,64.6
2017-06-21,55.0,76.0,65.2
2017-06-22,60.7,85.5,73.5
2017-06-23,64.0,76.9,71.9
2017-06-24,58.8,72.1,66.5
2017-06-25,55.0,67.8,62.1
2017-06-26,53.3,67.3,60.4
2017-06-27,50.4,69.7,60.3
2017-06-28,51.5,75.6,65.9
2017-06-29,66.9,83.1,74.9
2017-06-30,67.1,84.4,72.7
2017-07-01,65.2,78.0,71.3
2017-07-02,63.4,81.2,71.7
2017-07-03,63.3,79.2,70.2
2017-07-04,62.5,78.2,69.8
2017-07-05,58.1,81.7,70.8
2017-07-06,61.0,83.4,73.6
2017-07-07,68.0,79.4,71.9
2017-07-08,61.3,74.1,67.5
2017-07-09,56.8,78.3,68.7
2017-07-10,63.0,74.3,68.2
2017-07-11,66.9,82.7,74.6
2017-07-12,70.3,82.8,75.4
2017-07-13,69.3,80.7,74.8
2017-07-14,64.5,75.7,70.3
2017-07-15,59.1,78.6,69.2
2017-07-16,62.5,76.0,69.5
2017-07-17,57.9,77.8,67.6
2017-07-18,59.9,83.3,72.8
2017-07-19,66.9,84.7,75.9
2017-07-20,70.5,84.5,76.7
2017-07-21,67.7,87.6,77.8
2017-07-22,71.2,79.4,74.6
2017-07-23,66.4,81.2,72.8
2017-07-24,60.3,71.2,66.2
2017-07-25,54.5,78.3,67.1
2017-07-26,58.6,79.8,69.7
2017-07-27,65.5,82.9,74.1
2017-07-28,60.1,75.5,68.0
2017-07-29,57.6,80.1,68.5
2017-07-30,60.5,83.9,71.8
2017-07-31,61.4,83.0,72.9
2017-08-01,62.8,83.1,73.6
2017-08-02,65.7,83.8,73.1
2017-08-03,64.8,79.9,71.5
2017-08-04,59.4,69.6,66.3
2017-08-05,57.4,75.1,65.2
2017-08-06,56.7,73.8,66.1
2017-08-07,59.3,76.0,66.8
2017-08-08,55.4,80.6,68.2
2017-08-09,59.2,80.7,70.5
2017-08-10,58.5,80.2,70.8
2017-08-11,64.9,78.5,69.5
2017-08-12,58.9,74.0,66.3
2017-08-13,56.3,76.5,67.4
2017-08-14,61.7,78.3,70.6
2017-08-15,63.0,81.9,71.8
2017-08-16,62.9,80.4,72.2
2017-08-17,69.5,80.1,73.3
2017-08-18,64.6,78.5,72.1
2017-08-19,62.7,78.9,69.5
2017-08-20,58.1,83.8,71.8
2017-08-21,64.4,85.3,75.7
2017-08-22,63.5,77.7,72.1
2017-08-23,58.3,72.9,65.6
2017-08-24,52.3,65.8,58.7
2017-08-25,50.1,71.7,60.4
2017-08-26,50.2,72.9,62.1
2017-08-27,55.8,74.8,64.8
2017-08-28,57.7,68.5,63.7
2017-08-29,60.0,70.9,64.6
2017-08-30,59.8,76.4,67.4
2017-08-31,54.6,70.0,63.8
2017-09-01,50.7,63.3,56.7
2017-09-02,50.4,70.2,59.0
2017-09-03,53.5,75.4,64.2
2017-09-04,60.9,83.6,67.9
2017-09-05,54.3,67.6,60.9
2017-09-06,48.2,64.4,56.2
2017-09-07,48.5,65.7,55.0
2017-09-08,49.3,66.5,56.1
2017-09-09,45.8,62.9,54.7
2017-09-10,46.0,66.7,56.0
2017-09-11,50.7,71.6,60.3
2017-09-12,51.5,76.6,62.9
2017-09-13,57.9,73.4,64.5
2017-09-14,55.5,75.2,64.9
2017-09-15,56.2,77.0,67.0
2017-09-16,59.4,80.0,69.0
2017-09-17,61.5,82.3,71.5
2017-09-18,63.2,71.8,67.8
2017-09-19,61.8,68.5,64.9
2017-09-20,65.3,79.3,70.5
2017-09-21,65.7,85.6,74.2
2017-09-22,64.8,86.8,74.9
2017-09-23,63.4,88.1,74.7
2017-09-24,64.2,86.5,74.5
2017-09-25,66.5,84.4,75.1
2017-09-26,65.3,86.4,75.6
2017-09-27,59.4,73.0,69.0
2017-09-28,51.3,64.5,57.8
2017-09-29,52.2,65.8,59.2
2017-09-30,46.8,63.2,54.0
2017-10-01,43.9,65.4,54.1
2017-10-02,46.6,73.8,59.8
2017-10-03,55.5,79.2,67.5
2017-10-04,62.9,75.7,69.7
2017-10-05,52.4,73.9,63.2
2017-10-06,56.7,66.0,61.0
2017-10-07,64.2,80.0,70.9
2017-10-08,60.4,73.1,65.7
2017-10-09,58.6,73.4,65.4
2017-10-10,55.8,71.6,62.5
2017-10-11,50.7,56.4,53.4
2017-10-12,51.2,61.5,55.3
2017-10-13,55.0,67.7,61.0
2017-10-14,58.8,71.5,63.0
2017-10-15,47.5,68.9,60.4
2017-10-16,41.9,55.1,47.6
2017-10-17,43.5,65.1,53.7
2017-10-18,46.7,65.1,55.7
2017-10-19,50.0,66.4,57.1
2017-10-20,44.7,70.3,57.0
2017-10-21,53.2,71.7,61.4
2017-10-22,55.3,73.3,64.3
2017-10-23,51.2,64.2,60.9
2017-10-24,42.1,53.0,47.6
2017-10-25,41.1,50.4,44.7
2017-10-26,32.8,51.4,42.6
2017-10-27,38.8,53.2,45.8
2017-10-28,36.0,42.8,39.2
2017-10-29,33.9,44.3,39.8
2017-10-30,34.2,45.5,39.8
2017-10-31,35.5,41.3,38.1
2017-11-01,33.0,43.7,38.5
2017-11-02,42.4,59.1,51.9
2017-11-03,38.8,49.7,44.7
2017-11-04,37.3,49.8,43.5
2017-11-05,45.4,63.9,55.2
2017-11-06,34.8,45.0,41.6
2017-11-07,33.0,46.1,38.9
2017-11-08,26.6,45.7,35.7
2017-11-09,24.2,45.8,35.3
2017-11-10,18.9,26.5,21.8
2017-11-11,20.2,34.2,27.9
2017-11-12,30.0,36.0,33.3
2017-11-13,31.8,42.3,37.0
2017-11-14,27.9,45.0,36.6
2017-11-15,35.3,46.2,40.3
2017-11-16,33.4,42.2,38.3
2017-11-17,27.9,42.3,35.9
2017-11-18,34.5,47.4,41.8
2017-11-19,27.5,37.2,33.5
2017-11-20,26.1,46.1,36.1
2017-11-21,33.5,49.7,41.1
2017-11-22,26.0,33.7,30.2
2017-11-23,26.8,38.3,31.6
2017-11-24,30.0,50.1,40.2
2017-11-25,36.0,50.1,44.7
2017-11-26,24.0,41.0,34.4
2017-11-27,29.5,46.2,38.2
2017-11-28,41.5,58.5,51.3
2017-11-29,32.3,50.7,39.8
2017-11-30,32.5,48.4,40.4
2017-12-01,27.0,45.5,35.9
2017-12-02,31.2,47.1,37.8
2017-12-03,31.0,50.8,39.8
2017-12-04,37.4,55.5,46.1
2017-12-05,28.3,57.4,41.1
2017-12-06,26.1,35.6,30.5
2017-12-07,23.6,30.0,27.0
2017-12-08,19.4,31.3,24.9
2017-12-09,23.4,29.9,26.3
2017-12-10,19.6,29.2,25.2
2017-12-11,18.9,29.1,25.3
2017-12-12,11.8,29.3,19.0
2017-12-13,6.0,21.9,16.7
2017-12-14,6.1,20.2,14.1
2017-12-15,15.4,26.5,20.8
2017-12-16,23.4,36.1,29.5
2017-12-17,20.0,33.0,26.4
2017-12-18,33.1,39.9,37.4
2017-12-19,35.6,45.9,39.9
2017-12-20,24.4,34.7,28.7
2017-12-21,24.7,34.2,29.9
2017-12-22,29.3,35.6,32.4
2017-12-23,26.1,34.2,30.5
2017-12-24,18.8,24.8,21.6
2017-12-25,8.2,19.6,15.6
2017-12-26,-5.1,11.6,5.3
2017-12-27,-13.5,10.1,-1.2
2017-12-28,-13.7,9.3,-1.1
2017-12-29,-3.4,18.6,10.6
2017-12-30,0.6,13.0,9.4
2017-12-31,-8.6,13.5,2.4
2018-01-01,-5.9,11.3,4.0
2018-01-02,-0.7,11.3,6.4
2018-01-03,-0.4,16.8,8.7
2018-01-04,-1.8,11.0,5.9
2018-01-05,-7.9,5.3,-2.1
2018-01-06,-14.7,8.1,-2.3
2018-01-07,-13.5,28.9,10.6
2018-01-08,27.9,35.9,32.3
2018-01-09,20.8,35.0,27.0
2018-01-10,22.7,49.8,35.4
2018-01-11,52.2,57.8,54.5
2018-01-12,12.7,53.3,27.5
2018-01-13,7.8,18.1,13.0
2018-01-14,3.6,19.0,11.8
2018-01-15,13.6,21.6,17.3
2018-01-16,7.3,19.6,13.5
2018-01-17,1.0,24.1,12.9
2018-01-18,14.4,29.5,21.4
2018-01-19,24.1,37.2,30.1
2018-01-20,30.9,44.9,35.5
2018-01-21,30.4,43.5,37.3
2018-01-22,37.1,52.1,45.2
2018-01-23,26.9,43.1,34.7
2018-01-24,23.6,28.3,25.9
2018-01-25,23.5,34.9,28.6
2018-01-26,27.0,51.7,39.1
2018-01-27,30.7,48.1,43.7
2018-01-28,28.1,45.0,34.7
2018-01-29,14.9,27.2,24.1
2018-01-30,9.0,24.5,16.2
2018-01-31,18.6,40.6,30.5
2018-02-01,10.9,35.5,25.9
2018-02-02,8.8,20.2,14.4
2018-02-03,10.9,32.7,22.8
2018-02-04,9.0,33.6,25.3
2018-02-05,-3.1,18.7,10.4
2018-02-06,6.3,21.9,14.7
2018-02-07,13.8,23.1,18.0
2018-02-08,-3.4,19.3,11.0
2018-02-09,11.8,26.8,20.0
2018-02-10,18.6,22.7,20.4
2018-02-11,18.6,27.1,23.0
2018-02-12,8.8,25.3,17.9
2018-02-13,5.4,26.1,16.4
2018-02-14,21.9,40.3,32.9
2018-02-15,37.7,47.3,42.4
2018-02-16,12.5,36.0,28.2
2018-02-17,10.3,32.9,24.8
2018-02-18,24.4,35.9,30.4
2018-02-19,29.3,56.7,42.5
2018-02-20,55.9,63.0,59.7
2018-02-21,30.5,56.9,38.7
2018-02-22,27.5,39.7,32.2
2018-02-23,32.5,47.8,38.9
2018-02-24,31.6,39.7,36.0
2018-02-25,35.2,54.0,40.4
2018-02-26,27.8,48.1,37.8
2018-02-27,34.5,56.1,44.4
2018-02-28,39.0,59.2,48.1
2018-03-01,30.6,39.9,35.1
2018-03-02,24.9,39.4,31.1
2018-03-03,20.8,41.2,29.4
2018-03-04,23.0,41.8,31.1
2018-03-05,21.6,37.8,29.3
2018-03-06,29.7,44.3,34.4
2018-03-07,21.6,34.7,30.3
2018-03-08,19.3,33.3,25.8
2018-03-09,23.7,34.0,28.1
2018-03-10,20.4,35.0,27.6
2018-03-11,20.2,38.9,28.9
2018-03-12,19.9,38.6,28.7
2018-03-13,22.5,35.9,28.1
2018-03-14,19.7,38.8,28.5
2018-03-15,23.5,35.7,30.8
2018-03-16,18.0,37.8,27.3
2018-03-17,22.6,47.0,33.5
2018-03-18,25.8,54.7,39.6
2018-03-19,23.0,41.5,33.1
2018-03-20,22.1,40.8,29.8
2018-03-21,25.9,39.8,31.3
2018-03-22,25.4,42.5,32.6
2018-03-23,22.4,41.2,30.6
2018-03-24,21.4,41.6,30.1
2018-03-25,19.6,36.3,27.6
2018-03-26,29.1,48.7,38.9
2018-03-27,41.6,52.4,46.1
2018-03-28,35.7,49.3,42.5
2018-03-29,38.9,43.4,41.0
2018-03-30,28.4,43.0,35.5
2018-03-31,29.9,48.7,38.9
2018-04-01,26.5,39.4,32.4
2018-04-02,19.3,40.2,31.5
2018-04-03,31.5,38.8,35.3
2018-04-04,26.7,35.7,32.2
2018-04-05,24.1,43.9,33.4
2018-04-06,24.5,42.1,33.8
2018-04-07,20.2,35.3,27.5
2018-04-08,19.2,41.0,29.5
2018-04-09,27.0,38.3,32.0
2018-04-10,23.6,42.1,34.0
2018-04-11,31.0,54.3,42.0
2018-04-12,40.4,71.1,53.9
2018-04-13,37.7,63.0,48.9
2018-04-14,30.2,43.4,36.7
2018-04-15,28.9,42.3,34.4
2018-04-16,30.5,38.3,34.9
2018-04-17,28.2,36.8,31.8
2018-04-18,24.2,46.5,35.0
2018-04-19,30.1,50.7,39.6
2018-04-20,27.6,54.3,41.2
2018-04-21,29.8,52.6,42.7
2018-04-22,31.9,58.3,46.3
2018-04-23,37.7,66.7,52.9
2018-04-24,49.1,55.5,51.9
2018-04-25,38.7,59.1,50.2
2018-04-26,32.5,60.7,47.6
2018-04-27,37.3,61.2,49.4
2018-04-28,32.8,48.3,41.6
2018-04-29,29.0,55.0,42.0
2018-04-30,34.2,65.7,51.4
2018-05-01,49.5,76.2,64.2
2018-05-02,60.3,77.8,68.8
2018-05-03,61.4,71.8,66.3
2018-05-04,52.9,69.9,63.3
2018-05-05,52.7,71.8,62.6
2018-05-06,48.7,71.7,59.4
2018-05-07,44.1,66.3,54.8
2018-05-08,44.4,72.4,59.3
2018-05-09,48.1,75.9,64.5
2018-05-10,55.0,69.3,63.1
2018-05-11,42.3,52.1,45.7
2018-05-12,42.5,57.9,48.7
2018-05-13,44.7,68.4,55.5
2018-05-14,51.8,74.8,62.9
2018-05-15,55.8,72.2,64.8
2018-05-16,50.4,74.6,62.6
2018-05-17,52.9,78.3,64.6
2018-05-18,51.8,68.9,60.1
2018-05-19,58.2,76.5,64.9
2018-05-20,55.3,65.0,59.9
2018-05-21,50.1,61.9,55.4
2018-05-22,50.6,70.6,60.2
2018-05-23,50.6,77.2,64.4
2018-05-24,53.3,78.4,67.6
2018-05-25,57.7,82.4,71.1
2018-05-26,66.7,80.8,71.6
2018-05-27,64.2,87.5,75.6
2018-05-28,64.4,89.0,77.1
2018-05-29,66.2,86.2,76.1
2018-05-30,66.1,81.4,73.1
2018-05-31,70.9,82.3,75.5
2018-06-01,60.6,80.6,71.9
2018-06-02,55.8,68.9,61.7
2018-06-03,59.0,72.9,64.8
2018-06-04,55.5,70.5,62.7
2018-06-05,52.6,67.4,61.4
2018-06-06,45.5,68.8,58.6
2018-06-07,58.0,80.0,68.8
2018-06-08,57.8,79.8,68.8
2018-06-09,58.5,72.4,64.9
2018-06-10,56.8,67.0,62.3
2018-06-11,57.6,73.8,65.6
2018-06-12,59.8,76.2,67.8
2018-06-13,61.1,79.9,70.9
2018-06-14,56.8,80.5,69.1
2018-06-15,56.2,79.2,68.6
2018-06-16,63.5,81.4,72.5
2018-06-17,67.6,90.4,80.3
2018-06-18,73.4,88.0,80.8
2018-06-19,66.5,78.3,71.3
2018-06-20,58.4,71.8,66.0
2018-06-21,58.3,76.3,67.8
2018-06-22,61.4,72.5,65.2
2018-06-23,63.1,78.1,68.8
2018-06-24,60.7,73.8,67.2
2018-06-25,54.6,73.2,64.3
2018-06-26,54.8,76.1,66.1
2018-06-27,64.9,76.6,69.7
2018-06-28,62.5,85.0,73.8
2018-06-29,63.6,86.1,77.4
2018-06-30,73.7,90.0,81.9
2018-07-01,71.5,86.8,80.7
2018-07-02,69.5,85.2,78.6
2018-07-03,66.8,86.2,76.9
2018-07-04,68.7,86.7,78.8
2018-07-05,74.8,88.6,80.6
2018-07-06,60.7,77.2,70.2
2018-07-07,53.6,76.5,66.0
2018-07-08,56.5,81.6,69.7
2018-07-09,61.7,86.8,75.0
2018-07-10,66.7,85.6,75.3
2018-07-11,60.5,82.8,72.0
2018-07-12,57.7,82.3,71.5
2018-07-13,64.8,87.6,77.2
2018-07-14,70.5,83.8,77.0
2018-07-15,67.0,89.8,79.0
2018-07-16,71.1,87.5,78.3
2018-07-17,64.8,80.9,73.0
2018-07-18,57.2,79.5,69.8
2018-07-19,60.3,80.5,71.8
2018-07-20,65.2,78.4,70.3
2018-07-21,66.0,74.5,69.3
2018-07-22,63.3,69.1,66.3
2018-07-23,60.0,78.4,69.5
2018-07-24,63.1,81.0,72.1
2018-07-25,64.3,84.9,74.3
2018-07-26,64.0,80.1,72.0
2018-07-27,60.3,74.8,67.4
2018-07-28,57.3,78.4,67.8
2018-07-29,60.1,78.6,69.9
2018-07-30,60.3,76.0,68.7
2018-07-31,61.0,76.4,68.3
2018-08-01,64.2,79.1,70.3
2018-08-02,62.4,81.2,72.4
2018-08-03,63.2,83.3,73.6
2018-08-04,62.2,86.0,75.3
2018-08-05,71.1,88.2,79.8
2018-08-06,69.4,83.8,76.4
2018-08-07,68.7,81.8,73.9
2018-08-08,67.2,78.0,72.4
2018-08-09,62.1,84.3,73.1
2018-08-10,64.8,81.1,72.4
2018-08-11,58.0,81.9,70.0
2018-08-12,63.1,80.2,71.3
2018-08-13,61.4,80.5,71.9
2018-08-14,65.2,86.9,75.5
2018-08-15,66.5,85.3,75.3
2018-08-16,68.3,77.4,71.6
2018-08-17,68.4,77.5,72.4
2018-08-18,66.4,81.6,72.9
2018-08-19,64.6,78.3,70.9
2018-08-20,64.1,79.1,71.0
2018-08-21,67.4,77.4,71.1
2018-08-22,58.9,74.3,66.0
2018-08-23,56.5,77.4,67.3
2018-08-24,58.1,75.0,67.0
2018-08-25,65.2,78.4,70.8
2018-08-26,68.8,86.7,77.1
2018-08-27,74.0,87.5,80.7
2018-08-28,75.2,86.9,80.4
2018-08-29,68.1,79.9,75.5
2018-08-30,57.4,74.5,66.0
2018-08-31,57.2,79.2,67.8
2018-09-01,66.7,82.4,74.7
2018-09-02,72.0,86.2,78.2
2018-09-03,71.6,83.9,77.0
2018-09-04,69.3,87.5,78.0
2018-09-05,72.0,88.3,79.4
2018-09-06,66.9,75.1,70.0
2018-09-07,60.6,71.5,64.8
2018-09-08,57.7,66.8,62.3
2018-09-09,54.6,63.4,57.4
2018-09-10,55.0,64.8,58.9
2018-09-11,50.8,73.5,61.8
2018-09-12,52.7,75.3,63.8
2018-09-13,58.5,76.9,66.8
2018-09-14,62.0,80.3,71.1
2018-09-15,67.6,78.7,72.3
2018-09-16,63.3,81.6,72.4
2018-09-17,64.5,83.8,73.3
2018-09-18,65.3,84.5,73.3
2018-09-19,62.1,77.0,68.3
2018-09-20,62.6,78.8,69.3
2018-09-21,60.8,81.1,73.9
2018-09-22,50.6,61.2,55.3
2018-09-23,47.0,67.4,56.6
2018-09-24,53.5,66.3,61.3
2018-09-25,65.0,75.7,69.2
2018-09-26,47.9,69.8,61.2
2018-09-27,44.8,62.1,53.5
2018-09-28,50.2,68.4,56.3
2018-09-29,42.7,60.3,51.9
2018-09-30,46.0,69.2,55.0
2018-10-01,52.9,63.1,56.9
2018-10-02,56.7,70.0,64.6
2018-10-03,52.2,78.8,66.9
2018-10-04,46.9,74.5,63.4
2018-10-05,42.5,58.7,51.6
2018-10-06,59.4,76.9,67.6
2018-10-07,55.0,62.7,58.5
2018-10-08,56.0,82.0,69.0
2018-10-09,67.6,79.9,72.0
2018-10-10,65.0,77.4,70.1
2018-10-11,46.2,67.6,53.7
2018-10-12,39.7,47.7,44.1
2018-10-13,38.6,49.8,43.0
2018-10-14,37.9,56.2,47.0
2018-10-15,36.2,50.5,46.2
2018-10-16,34.8,52.2,43.9
2018-10-17,38.7,47.4,44.5
2018-10-18,29.1,49.8,40.1
2018-10-19,41.4,54.1,47.0
2018-10-20,33.0,52.1,44.8
2018-10-21,33.5,43.4,38.0
2018-10-22,34.9,55.8,44.5
2018-10-23,38.8,51.9,45.8
2018-10-24,33.2,45.2,38.6
2018-10-25,29.3,47.4,38.9
2018-10-26,38.5,48.6,43.2
2018-10-27,39.3,43.5,41.8
2018-10-28,37.8,45.3,41.3
2018-10-29,38.3,50.6,43.8
2018-10-30,34.7,55.2,46.2
2018-10-31,44.2,57.7,52.8
2018-11-01,40.7,46.6,43.4
2018-11-02,38.9,46.6,41.9
2018-11-03,33.4,47.0,40.0
2018-11-04,34.9,50.3,44.0
2018-11-05,43.8,50.8,48.2
2018-11-06,44.2,52.7,49.0
2018-11-07,37.3,43.1,39.7
2018-11-08,32.4,40.4,36.9
2018-11-09,26.3,38.8,34.1
2018-11-10,21.0,34.8,28.4
2018-11-11,24.8,36.8,29.8
2018-11-12,27.9,42.6,34.5
2018-11-13,22.7,32.9,29.5
2018-11-14,18.0,33.3,25.2
2018-11-15,25.2,33.3,30.5
2018-11-16,28.7,38.9,33.5
2018-11-17,28.9,36.3,33.7
2018-11-18,27.9,38.9,32.2
2018-11-19,23.8,36.0,29.9
2018-11-20,24.9,31.5,29.3
2018-11-21,20.5,33.0,28.7
2018-11-22,19.6,27.4,23.3
2018-11-23,25.1,45.7,34.8
2018-11-24,39.4,48.2,43.5
2018-11-25,37.2,44.5,41.0
2018-11-26,27.4,37.0,32.2
2018-11-27,23.4,29.1,26.5
2018-11-28,18.5,29.1,24.1
2018-11-29,20.1,29.5,25.6
2018-11-30,27.7,39.7,30.7
2018-12-01,18.8,40.1,33.1
2018-12-02,37.6,54.3,46.3
2018-12-03,29.0,37.5,33.5
2018-12-04,23.7,31.7,27.2
2018-12-05,23.6,33.1,27.5
2018-12-06,22.9,34.6,28.9
2018-12-07,18.8,30.2,25.4
2018-12-08,18.9,30.6,23.1
2018-12-09,13.6,34.0,23.0
2018-12-10,21.2,31.3,24.0
2018-12-11,22.1,35.5,28.2
2018-12-12,21.9,38.5,31.5
2018-12-13,25.4,39.3,32.1
2018-12-14,33.8,45.0,39.2
2018-12-15,32.1,41.3,35.8
2018-12-16,27.7,45.2,35.5
2018-12-17,25.5,37.3,32.0
2018-12-18,23.7,34.6,28.2
2018-12-19,27.3,43.2,33.6
2018-12-20,33.4,42.9,38.0
2018-12-21,31.2,40.0,37.1
2018-12-22,29.5,33.6,31.1
2018-12-23,26.6,37.7,32.7
2018-12-24,25.1,33.5,29.9
2018-12-25,22.3,33.5,28.4
2018-12-26,27.8,44.6,35.4
2018-12-27,30.6,47.9,37.2
2018-12-28,31.7,54.0,45.8
2018-12-29,28.7,32.2,30.5
2018-12-30,25.2,33.3,28.9
2018-12-31,28.7,49.5,35.6
2019-01-01,27.0,35.2,31.9
2019-01-02,26.7,35.0,30.1
2019-01-03,27.1,37.4,31.2
2019-01-04,30.0,47.5,36.0
2019-01-05,28.0,48.0,37.1
2019-01-06,28.9,37.9,33.4
2019-01-07,28.9,50.7,38.0
2019-01-08,33.4,48.7,41.6
2019-01-09,20.4,33.1,25.2
2019-01-10,19.6,27.0,22.5
2019-01-11,17.1,28.7,22.3
2019-01-12,22.4,30.2,26.8
2019-01-13,18.9,32.3,24.2
2019-01-14,15.4,34.2,23.5
2019-01-15,25.0,29.7,26.7
2019-01-16,18.8,32.4,27.2
2019-01-17,18.6,30.5,25.9
2019-01-18,24.8,33.0,28.8
2019-01-19,13.1,24.4,20.3
2019-01-20,-3.0,13.6,4.7
2019-01-21,-9.8,10.9,-1.8
2019-01-22,-6.1,32.9,14.0
2019-01-23,27.6,44.9,36.8
2019-01-24,21.7,26.9,24.9
2019-01-25,7.0,21.5,12.3
2019-01-26,-3.5,17.3,9.2
2019-01-27,4.3,16.9,12.2
2019-01-28,-7.1,33.5,16.6
2019-01-29,-2.3,19.4,8.7
2019-01-30,-15.1,-3.9,-9.8
2019-01-31,-16.3,0.8,-8.0
2019-02-01,-9.8,12.9,0.6
2019-02-02,5.6,41.4,26.9
2019-02-03,36.4,54.0,43.9
2019-02-04,41.7,55.0,48.0
2019-02-05,27.4,44.2,33.7
2019-02-06,27.1,38.5,32.6
2019-02-07,28.9,55.8,36.7
2019-02-08,13.8,27.8,17.2
2019-02-09,10.0,25.3,16.8
2019-02-10,14.5,29.1,21.6
2019-02-11,22.9,31.3,26.5
2019-02-12,26.4,38.0,30.9
2019-02-13,17.0,26.6,23.5
2019-02-14,11.5,43.5,30.0
2019-02-15,16.9,39.4,26.7
2019-02-16,16.7,29.2,22.9
2019-02-17,20.3,25.7,22.8
2019-02-18,15.2,24.2,20.3
2019-02-19,0.5,29.7,14.8
2019-02-20,19.3,37.7,27.5
2019-02-21,26.6,36.9,32.4
2019-02-22,17.3,38.9,28.0
2019-02-23,25.2,43.3,33.9
2019-02-24,24.7,50.0,36.4
2019-02-25,16.5,25.0,20.2
2019-02-26,14.3,25.9,19.1
2019-02-27,8.6,26.8,19.8
2019-02-28,7.7,29.8,20.5
2019-03-01,15.0,37.7,26.0
2019-03-02,23.0,35.3,28.7
2019-03-03,12.8,29.1,22.6
2019-03-04,7.3,17.4,12.0
2019-03-05,10.0,18.8,14.4
2019-03-06,10.9,22.9,17.0
2019-03-07,14.4,29.3,22.2
2019-03-08,12.7,39.3,25.5
2019-03-09,20.0,42.0,31.1
2019-03-10,29.6,48.0,38.6
2019-03-11,24.9,40.2,31.1
2019-03-12,20.6,46.3,32.2
2019-03-13,31.3,54.3,42.3
2019-03-14,44.5,61.5,53.0
2019-03-15,31.5,43.4,37.9
2019-03-16,23.7,37.0,31.1
2019-03-17,19.2,37.9,28.6
2019-03-18,23.1,41.4,32.3
2019-03-19,23.3,44.7,34.5
2019-03-20,28.6,45.9,37.2
2019-03-21,35.0,45.6,39.2
2019-03-22,27.5,41.6,34.9
2019-03-23,20.9,47.5,33.3
2019-03-24,32.0,54.9,42.9
2019-03-25,24.3,43.2,34.4
2019-03-26,21.8,44.2,32.2
2019-03-27,24.5,49.5,37.6
2019-03-28,40.2,62.7,51.0
2019-03-29,37.5,51.7,44.3
2019-03-30,31.1,41.4,37.5
2019-03-31,21.3,34.4,27.6
2019-04-01,21.6,42.1,32.3
2019-04-02,30.4,53.0,41.7
2019-04-03,36.4,50.5,42.6
2019-04-04,33.1,43.2,37.6
2019-04-05,32.7,58.2,44.2
2019-04-06,39.3,62.7,51.0
2019-04-07,41.5,61.3,52.4
2019-04-08,51.5,67.6,59.0
2019-04-09,44.9,59.0,53.0
2019-04-10,33.7,48.9,40.6
2019-04-11,32.2,46.8,39.2
2019-04-12,44.8,61.5,55.1
2019-04-13,38.0,53.7,45.3
2019-04-14,32.5,38.3,35.4
2019-04-15,32.4,52.2,40.5
2019-04-16,33.3,65.8,49.4
2019-04-17,43.2,57.1,49.3
2019-04-18,45.1,66.1,58.8
2019-04-19,37.5,43.3,40.5
2019-04-20,37.2,43.3,39.8
2019-04-21,33.2,64.7,50.3
2019-04-22,43.8,69.2,56.8
2019-04-23,45.7,64.4,56.9
2019-04-24,35.3,60.4,48.3
2019-04-25,42.4,60.3,51.9
2019-04-26,44.2,59.7,51.2
2019-04-27,33.9,50.6,42.0
2019-04-28,35.0,53.5,43.2
2019-04-29,35.3,45.8,40.3
2019-04-30,35.3,51.2,43.1
2019-05-01,42.4,70.7,56.2
2019-05-02,44.6,64.9,54.6
2019-05-03,46.2,53.5,50.3
2019-05-04,44.2,60.5,50.9
2019-05-05,38.3,68.8,55.2
2019-05-06,47.0,72.0,59.3
2019-05-07,42.1,52.3,45.9
2019-05-08,39.0,59.2,49.3
2019-05-09,49.1,72.9,61.8
2019-05-10,43.8,55.0,50.0
2019-05-11,38.0,51.1,45.4
2019-05-12,40.9,52.6,46.9
2019-05-13,42.4,52.1,46.6
2019-05-14,37.4,64.1,51.6
2019-05-15,45.0,68.7,58.1
2019-05-16,43.7,72.6,60.9
2019-05-17,52.1,68.5,62.1
2019-05-18,48.1,73.4,59.1
2019-05-19,59.7,72.4,65.6
2019-05-20,46.3,60.3,53.1
2019-05-21,40.8,58.9,50.5
2019-05-22,49.4,72.4,58.8
2019-05-23,57.7,73.8,66.8
2019-05-24,48.3,69.0,59.3
2019-05-25,58.1,78.8,69.1
2019-05-26,55.6,69.7,65.4
2019-05-27,48.2,71.3,60.2
2019-05-28,55.2,75.9,66.4
2019-05-29,53.2,69.6,61.4
2019-05-30,57.0,69.3,62.8
2019-05-31,51.3,79.5,67.3
2019-06-01,61.1,77.6,68.7
2019-06-02,51.9,67.3,61.2
2019-06-03,43.4,63.6,54.1
2019-06-04,47.2,72.8,62.0
2019-06-05,58.8,77.9,68.3
2019-06-06,53.6,77.1,63.4
2019-06-07,54.0,76.6,66.0
2019-06-08,56.2,76.6,67.0
2019-06-09,62.2,72.8,67.1
2019-06-10,56.6,70.4,65.6
2019-06-11,50.0,74.4,63.2
2019-06-12,55.0,73.0,64.2
2019-06-13,52.6,62.7,56.7
2019-06-14,48.4,71.0,61.5
2019-06-15,60.7,72.1,65.8
2019-06-16,54.7,67.2,59.9
2019-06-17,56.2,71.2,63.7
2019-06-18,58.5,74.3,67.4
2019-06-19,60.0,77.8,69.8
2019-06-20,57.7,64.7,61.7
2019-06-21,53.2,75.3,64.5
2019-06-22,52.1,74.2,63.5
2019-06-23,52.6,76.1,66.0
2019-06-24,64.1,77.4,70.4
2019-06-25,61.8,79.8,70.7
2019-06-26,64.5,82.8,74.1
2019-06-27,62.3,83.2,73.6
2019-06-28,66.7,81.6,74.7
2019-06-29,68.1,83.8,75.5
2019-06-30,64.9,81.9,73.1
2019-07-01,63.4,88.1,76.4
2019-07-02,68.8,84.8,76.3
2019-07-03,71.2,81.2,75.5
2019-07-04,65.8,83.9,75.8
2019-07-05,72.3,87.1,78.3
2019-07-06,70.1,85.2,76.6
2019-07-07,64.5,80.3,71.4
2019-07-08,55.7,80.1,68.5
2019-07-09,56.7,81.3,70.2
2019-07-10,63.5,85.1,76.0
2019-07-11,65.5,83.4,76.3
2019-07-12,57.2,80.1,68.7
2019-07-13,62.6,86.4,76.3
2019-07-14,63.6,82.9,73.3
2019-07-15,64.2,86.0,75.4
2019-07-16,71.4,80.1,75.1
2019-07-17,70.8,86.1,77.3
2019-07-18,65.4,85.6,77.2
2019-07-19,75.2,90.0,81.4
2019-07-20,76.0,92.6,82.9
2019-07-21,68.4,82.8,75.5
2019-07-22,62.3,75.0,68.6
2019-07-23,57.4,77.1,65.5
2019-07-24,57.6,79.8,67.4
2019-07-25,59.7,82.8,71.4
2019-07-26,60.2,80.5,72.3
2019-07-27,66.4,84.1,75.5
2019-07-28,68.9,84.4,77.5
2019-07-29,67.9,83.2,75.0
2019-07-30,65.8,80.0,72.7
2019-07-31,62.4,76.6,69.2
2019-08-01,56.2,79.1,68.3
2019-08-02,57.0,81.0,69.0
2019-08-03,59.0,83.0,72.5
2019-08-04,65.3,82.8,73.1
2019-08-05,64.2,86.7,75.8
2019-08-06,67.5,73.9,71.4
2019-08-07,63.9,82.3,72.6
2019-08-08,63.7,80.8,72.7
2019-08-09,58.0,79.9,68.8
2019-08-10,57.0,77.5,68.6
2019-08-11,59.0,85.1,72.1
2019-08-12,66.0,82.6,74.0
2019-08-13,68.7,82.5,73.7
2019-08-14,61.8,81.6,71.5
2019-08-15,60.9,77.4,67.8
2019-08-16,59.6,78.6,69.0
2019-08-17,66.4,82.6,73.8
2019-08-18,66.8,83.8,74.7
2019-08-19,64.4,81.4,73.1
2019-08-20,67.3,85.3,75.4
2019-08-21,67.6,83.1,75.0
2019-08-22,61.1,75.7,68.8
2019-08-23,55.8,71.5,64.1
2019-08-24,53.8,72.4,62.6
2019-08-25,56.2,73.6,64.7
2019-08-26,59.3,72.9,65.5
2019-08-27,65.5,79.6,71.8
2019-08-28,59.8,74.2,67.1
2019-08-29,56.3,78.5,68.5
2019-08-30,59.8,74.8,67.6
2019-08-31,54.4,71.3,62.5
2019-09-01,57.4,66.7,61.5
2019-09-02,59.6,77.7,68.1
2019-09-03,60.7,78.9,70.0
2019-09-04,60.1,70.1,66.0
2019-09-05,55.4,70.4,62.9
2019-09-06,54.8,71.1,63.0
2019-09-07,58.2,74.0,65.5
2019-09-08,54.7,69.3,61.5
2019-09-09,53.2,70.1,61.6
2019-09-10,60.6,83.8,72.0
2019-09-11,69.4,82.7,75.2
2019-09-12,63.6,74.8,69.3
2019-09-13,60.6,84.2,70.4
2019-09-14,56.6,73.4,64.7
2019-09-15,59.6,73.1,66.7
2019-09-16,61.3,77.7,69.4
2019-09-17,58.4,74.9,65.2
2019-09-18,57.8,76.2,65.9
2019-09-19,57.4,76.8,66.7
2019-09-20,60.7,81.9,71.0
2019-09-21,66.0,81.9,73.9
2019-09-22,71.0,83.7,76.8
2019-09-23,60.3,71.4,67.7
2019-09-24,54.8,75.6,65.3
2019-09-25,61.3,74.0,66.9
2019-09-26,51.0,68.4,62.4
2019-09-27,48.8,77.2,63.2
2019-09-28,57.5,70.1,65.9
2019-09-29,53.7,60.7,57.4
2019-09-30,56.8,80.2,67.0
2019-10-01,69.3,83.9,75.4
2019-10-02,54.8,75.6,65.2
2019-10-03,55.5,69.4,60.4
2019-10-04,46.3,56.6,52.8
2019-10-05,44.4,58.7,51.5
2019-10-06,54.3,66.5,59.6
2019-10-07,50.7,66.9,58.4
2019-10-08,43.8,65.8,54.6
2019-10-09,48.8,66.2,56.3
2019-10-10,50.4,69.2,58.6
2019-10-11,48.5,67.8,61.1
2019-10-12,37.8,48.7,44.1
2019-10-13,43.0,58.3,49.1
2019-10-14,38.0,49.8,44.9
2019-10-15,35.3,61.6,50.0
2019-10-16,43.8,57.6,49.0
2019-10-17,42.3,50.5,46.0
2019-10-18,35.8,53.5,44.1
2019-10-19,39.0,58.7,47.7
2019-10-20,45.3,67.9,55.6
2019-10-21,53.1,62.6,57.8
2019-10-22,47.1,58.9,51.5
2019-10-23,42.3,57.1,50.0
2019-10-24,42.5,55.7,50.2
2019-10-25,39.0,49.6,44.7
2019-10-26,34.7,55.9,44.5
2019-10-27,43.8,58.3,52.2
2019-10-28,41.1,62.1,51.4
2019-10-29,43.0,57.7,50.4
2019-10-30,39.7,44.9,42.6
2019-10-31,34.2,46.5,42.5
2019-11-01,32.1,41.6,36.1
2019-11-02,34.8,45.5,38.5
2019-11-03,33.5,45.2,39.4
2019-11-04,41.5,51.2,46.0
2019-11-05,30.1,43.5,39.3
2019-11-06,26.1,41.7,34.7
2019-11-07,24.4,34.6,30.9
2019-11-08,21.5,34.5,27.4
2019-11-09,26.2,39.5,32.4
2019-11-10,35.9,43.8,39.8
2019-11-11,20.8,34.3,28.3
2019-11-12,8.1,22.6,16.4
2019-11-13,2.7,20.9,12.0
2019-11-14,21.6,32.3,27.6
2019-11-15,22.0,36.7,28.3
2019-11-16,16.7,31.1,24.3
2019-11-17,14.5,36.8,26.8
2019-11-18,22.6,45.0,34.3
2019-11-19,23.3,41.6,34.9
2019-11-20,28.9,45.0,37.8
2019-11-21,37.7,51.9,43.7
2019-11-22,25.2,42.3,33.8
2019-11-23,24.3,38.8,30.5
2019-11-24,28.2,45.4,36.4
2019-11-25,35.1,48.8,42.2
2019-11-26,33.3,50.8,43.8
2019-11-27,36.7,53.4,44.3
2019-11-28,31.6,38.8,35.1
2019-11-29,30.5,34.4,32.6
2019-11-30,31.5,38.3,34.4
2019-12-01,35.2,45.4,38.7
2019-12-02,28.9,34.3,31.6
2019-12-03,28.2,33.6,31.0
2019-12-04,31.0,38.2,34.0
2019-12-05,28.9,38.9,33.9
2019-12-06,27.0,40.6,35.4
2019-12-07,20.7,33.1,27.1
2019-12-08,28.1,47.2,38.1
2019-12-09,44.5,49.6,47.3
2019-12-10,21.8,41.8,29.0
2019-12-11,16.1,24.1,20.2
2019-12-12,15.4,35.9,25.1
2019-12-13,27.2,42.1,32.6
2019-12-14,30.5,40.8,34.1
2019-12-15,22.7,31.2,28.1
2019-12-16,25.6,34.4,28.4
2019-12-17,25.4,32.7,28.2
2019-12-18,13.2,27.1,19.3
2019-12-19,12.1,34.0,20.8
2019-12-20,21.1,35.5,27.3
2019-12-21,25.8,46.0,34.0
2019-12-22,31.8,49.4,38.3
2019-12-23,31.4,52.9,39.9
2019-12-24,30.0,37.7,32.8
2019-12-25,30.9,50.0,38.3
2019-12-26,39.8,57.7,50.2
2019-12-27,34.8,54.3,43.8
2019-12-28,29.2,39.6,34.2
2019-12-29,36.5,53.8,46.1
2019-12-30,32.4,49.2,39.9
2019-12-31,26.3,32.1,29.2
2020-01-01,23.4,36.0,29.7
2020-01-02,34.1,46.0,39.7
2020-01-03,35.5,43.3,40.1
2020-01-04,28.7,35.3,32.8
2020-01-05,25.5,37.5,31.3
2020-01-06,29.2,41.1,34.6
2020-01-07,27.6,40.5,33.0
2020-01-08,15.9,31.3,23.0
2020-01-09,16.7,46.1,31.2
2020-01-10,41.5,49.0,45.5
2020-01-11,31.2,55.8,41.9
2020-01-12,21.5,32.6,27.3
2020-01-13,26.9,38.3,32.0
2020-01-14,28.7,44.9,35.2
2020-01-15,26.9,42.0,35.0
2020-01-16,19.6,33.0,27.8
2020-01-17,18.1,27.8,22.6
2020-01-18,22.9,40.0,30.6
2020-01-19,11.2,22.7,17.0
2020-01-20,6.5,21.9,12.7
2020-01-21,1.3,28.0,16.1
2020-01-22,16.5,30.8,22.6
2020-01-23,24.1,37.0,29.9
2020-01-24,31.7,38.7,35.3
2020-01-25,32.7,36.5,34.4
2020-01-26,32.5,35.6,33.5
2020-01-27,31.2,34.6,32.7
2020-01-28,29.5,34.3,31.8
2020-01-29,26.8,32.5,29.4
2020-01-30,25.8,32.3,29.0
2020-01-31,26.5,33.4,29.6
2020-02-01,21.4,34.8,29.4
2020-02-02,30.3,50.8,39.2
2020-02-03,30.3,49.1,38.7
2020-02-04,28.4,34.9,32.7
2020-02-05,20.8,31.4,25.2
2020-02-06,23.8,29.0,25.5
2020-02-07,25.5,34.1,28.2
2020-02-08,19.5,32.5,26.9
2020-02-09,14.6,35.1,26.5
2020-02-10,29.6,35.6,33.1
2020-02-11,25.6,37.0,30.2
2020-02-12,21.6,34.8,28.3
2020-02-13,11.8,32.4,24.5
2020-02-14,-5.2,19.3,9.4
2020-02-15,8.4,32.7,20.4
2020-02-16,20.0,41.3,29.9
2020-02-17,18.7,36.0,27.8
2020-02-18,25.2,39.4,34.1
2020-02-19,18.0,29.8,23.6
2020-02-20,14.9,24.9,18.5
2020-02-21,13.7,36.2,23.8
2020-02-22,24.0,46.0,33.5
2020-02-23,27.9,50.9,39.0
2020-02-24,32.7,47.4,39.0
2020-02-25,29.2,39.3,34.6
2020-02-26,22.5,29.5,27.5
2020-02-27,13.9,24.4,20.1
2020-02-28,11.3,24.9,18.7
2020-02-29,16.2,33.2,22.9
2020-03-01,9.5,43.3,29.1
2020-03-02,37.8,52.5,45.6
2020-03-03,27.8,47.8,37.7
2020-03-04,28.9,45.2,36.4
2020-03-05,22.9,48.4,35.4
2020-03-06,27.7,35.9,32.7
2020-03-07,19.4,44.2,31.8
2020-03-08,33.5,56.3,45.4
2020-03-09,48.2,60.0,53.1
2020-03-10,34.4,52.0,45.3
2020-03-11,31.7,45.3,38.8
2020-03-12,37.0,54.9,43.8
2020-03-13,32.9,50.2,40.6
2020-03-14,29.9,37.8,33.7
2020-03-15,25.2,43.8,33.6
2020-03-16,24.0,45.6,34.1
2020-03-17,30.7,48.4,39.3
2020-03-18,26.0,46.1,36.2
2020-03-19,31.3,58.8,41.9
2020-03-20,27.2,61.5,47.5
2020-03-21,23.4,36.4,29.0
2020-03-22,19.8,38.1,29.4
2020-03-23,28.6,45.0,36.1
2020-03-24,26.0,46.4,36.3
2020-03-25,26.1,56.3,41.4
2020-03-26,43.5,56.6,49.3
2020-03-27,35.2,49.5,41.8
2020-03-28,39.7,53.6,46.5
2020-03-29,45.0,60.5,52.0
2020-03-30,39.5,43.8,41.5
2020-03-31,34.0,43.9,39.4
2020-04-01,37.9,48.7,42.5
2020-04-02,34.8,57.7,45.1
2020-04-03,34.2,60.7,46.9
2020-04-04,33.4,55.5,44.6
2020-04-05,36.2,55.0,43.9
2020-04-06,32.1,54.5,44.2
2020-04-07,43.1,67.9,54.4
2020-04-08,48.4,67.3,57.6
2020-04-09,34.1,47.9,41.8
2020-04-10,30.3,44.2,37.0
2020-04-11,26.9,54.5,42.3
2020-04-12,41.1,64.0,52.3
2020-04-13,33.9,52.4,44.1
2020-04-14,27.0,40.4,33.6
2020-04-15,24.0,37.6,30.4
2020-04-16,22.5,41.9,31.9
2020-04-17,27.2,34.9,32.0
2020-04-18,27.8,52.6,40.9
2020-04-19,34.0,59.8,47.4
2020-04-20,26.8,55.1,42.7
2020-04-21,28.8,46.8,37.9
2020-04-22,23.6,41.3,32.9
2020-04-23,33.5,49.0,40.8
2020-04-24,38.4,55.8,45.7
2020-04-25,39.7,49.6,45.8
2020-04-26,41.3,57.7,49.7
2020-04-27,32.5,60.9,48.6
2020-04-28,43.6,70.1,55.9
2020-04-29,53.6,65.8,58.2
2020-04-30,45.3,53.1,49.2
2020-05-01,40.1,62.9,51.8
2020-05-02,47.9,74.0,60.2
2020-05-03,51.8,69.9,60.0
2020-05-04,37.7,56.4,47.3
2020-05-05,36.0,49.2,42.8
2020-05-06,35.2,56.6,46.1
2020-05-07,37.8,60.9,49.5
2020-05-08,30.4,44.4,38.3
2020-05-09,25.2,47.2,37.2
2020-05-10,36.2,56.8,46.2
2020-05-11,32.9,45.3,39.0
2020-05-12,29.7,56.1,44.2
2020-05-13,27.9,56.4,43.7
2020-05-14,42.8,67.4,55.3
2020-05-15,58.7,72.3,63.9
2020-05-16,49.7,67.9,58.9
2020-05-17,51.6,57.8,54.5
2020-05-18,53.9,63.2,57.1
2020-05-19,54.1,64.3,58.4
2020-05-20,49.2,63.9,56.6
2020-05-21,49.9,69.3,59.8
2020-05-22,54.1,63.2,59.0
2020-05-23,55.0,72.5,63.3
2020-05-24,58.8,80.5,70.3
2020-05-25,62.1,81.9,72.9
2020-05-26,62.5,85.4,74.7
2020-05-27,64.5,79.0,72.0
2020-05-28,65.8,76.5,69.9
2020-05-29,58.4,68.9,65.2
2020-05-30,53.2,64.9,59.1
2020-05-31,42.5,61.8,52.2
2020-06-01,46.7,71.0,59.7
2020-06-02,58.0,84.9,73.1
2020-06-03,66.2,81.9,73.7
2020-06-04,59.2,83.6,71.8
2020-06-05,61.1,84.4,73.0
2020-06-06,59.2,79.7,70.2
2020-06-07,52.1,75.5,64.7
2020-06-08,52.3,81.3,67.6
2020-06-09,58.8,88.6,75.3
2020-06-10,66.5,86.1,76.7
2020-06-11,59.2,75.2,67.2
2020-06-12,56.0,72.0,63.9
2020-06-13,50.1,66.4,57.5
2020-06-14,46.7,69.3,58.7
2020-06-15,49.3,75.5,62.6
2020-06-16,55.0,80.1,68.0
2020-06-17,55.0,82.5,70.0
2020-06-18,58.2,85.3,73.1
2020-06-19,62.5,84.7,75.4
2020-06-20,63.7,87.6,78.3
2020-06-21,69.9,84.4,76.9
2020-06-22,66.2,85.8,75.5
2020-06-23,62.8,76.6,70.3
2020-06-24,57.7,73.8,65.8
2020-06-25,57.0,77.9,68.6
2020-06-26,61.4,83.8,73.2
2020-06-27,69.3,82.7,75.3
2020-06-28,61.5,84.1,73.5
2020-06-29,62.2,85.3,74.8
2020-06-30,62.0,86.2,75.4
2020-07-01,63.4,84.6,75.4
2020-07-02,63.8,89.7,78.0
2020-07-03,68.8,89.2,79.6
2020-07-04,69.6,90.1,79.5
2020-07-05,66.4,89.7,78.8
2020-07-06,67.5,90.4,80.3
2020-07-07,70.7,91.7,81.6
2020-07-08,72.2,90.7,81.2
2020-07-09,70.6,91.8,80.2
2020-07-10,69.2,88.4,76.7
2020-07-11,64.7,82.8,74.1
2020-07-12,63.5,79.8,71.7
2020-07-13,60.9,78.3,69.4
2020-07-14,58.8,83.9,72.8
2020-07-15,66.0,89.1,77.3
2020-07-16,68.5,81.4,74.2
2020-07-17,64.7,85.6,75.1
2020-07-18,68.6,90.0,79.7
2020-07-19,71.0,84.7,79.1
2020-07-20,66.4,83.0,74.9
2020-07-21,64.1,83.2,73.6
2020-07-22,69.0,79.6,74.3
2020-07-23,67.9,81.9,74.1
2020-07-24,61.0,81.9,71.6
2020-07-25,61.9,86.4,74.4
2020-07-26,67.5,90.1,79.4
2020-07-27,69.3,83.1,78.0
2020-07-28,64.3,83.9,74.2
2020-07-29,69.2,82.8,76.2
2020-07-30,65.6,81.1,72.9
2020-07-31,60.6,80.8,71.4
2020-08-01,62.2,76.8,69.7
2020-08-02,64.2,74.6,68.1
2020-08-03,62.2,77.3,69.4
2020-08-04,58.9,66.9,62.9
2020-08-05,54.4,72.7,63.8
2020-08-06,56.1,76.5,66.3
2020-08-07,55.4,79.8,68.3
2020-08-08,57.7,81.3,71.2
2020-08-09,68.3,87.4,77.8
2020-08-10,70.7,87.2,78.3
2020-08-11,65.6,84.2,75.1
2020-08-12,60.9,84.2,71.9
2020-08-13,60.3,84.6,73.9
2020-08-14,67.6,85.2,74.9
2020-08-15,66.7,86.6,75.0
2020-08-16,65.6,79.1,71.7
2020-08-17,61.3,78.1,69.9
2020-08-18,58.1,74.9,66.6
2020-08-19,54.7,75.3,64.9
2020-08-20,56.6,81.0,69.6
2020-08-21,61.2,85.8,73.6
2020-08-22,62.1,87.2,75.3
2020-08-23,64.2,87.3,76.1
2020-08-24,67.9,87.6,78.4
2020-08-25,66.6,85.4,76.6
2020-08-26,64.4,89.6,75.6
2020-08-27,72.2,89.2,80.7
2020-08-28,69.1,83.5,74.2
2020-08-29,64.0,77.2,71.1
2020-08-30,57.0,73.7,65.1
2020-08-31,58.8,76.6,67.4
2020-09-01,63.4,80.6,71.0
2020-09-02,61.5,80.5,71.5
2020-09-03,60.3,82.0,70.9
2020-09-04,54.6,72.0,63.2
2020-09-05,56.5,76.4,65.1
2020-09-06,51.9,73.6,64.2
2020-09-07,63.2,79.7,71.3
2020-09-08,57.5,67.4,61.5
2020-09-09,56.7,74.8,63.9
2020-09-10,57.7,66.8,62.6
2020-09-11,53.5,67.0,59.1
2020-09-12,55.4,77.7,66.2
2020-09-13,60.0,74.0,67.7
2020-09-14,52.0,68.2,59.7
2020-09-15,47.3,70.2,58.8
2020-09-16,53.8,77.7,65.6
2020-09-17,52.3,66.6,60.0
2020-09-18,44.0,58.4,51.3
2020-09-19,38.9,60.3,49.4
2020-09-20,44.2,64.9,53.4
2020-09-21,47.7,68.1,56.4
2020-09-22,47.3,74.7,60.4
2020-09-23,54.1,77.5,65.3
2020-09-24,57.4,74.6,64.7
2020-09-25,54.2,77.4,65.4
2020-09-26,58.4,78.7,68.3
2020-09-27,61.3,79.4,68.8
2020-09-28,51.8,63.5,58.0
2020-09-29,48.6,62.2,54.8
2020-09-30,48.4,62.7,53.2
2020-10-01,45.9,57.7,50.7
2020-10-02,38.1,53.4,46.1
2020-10-03,39.4,55.3,47.5
2020-10-04,43.3,54.5,49.0
2020-10-05,38.3,57.3,47.6
2020-10-06,47.2,66.7,56.5
2020-10-07,49.4,69.3,61.7
2020-10-08,44.2,65.8,54.1
2020-10-09,43.1,74.2,59.6
2020-10-10,55.9,74.9,67.1
2020-10-11,49.6,63.8,56.7
2020-10-12,51.9,70.9,59.7
2020-10-13,44.8,64.3,55.2
2020-10-14,42.3,65.6,54.9
2020-10-15,43.1,65.6,53.7
2020-10-16,34.7,52.1,43.0
2020-10-17,36.4,54.7,47.1
2020-10-18,41.6,59.0,50.7
2020-10-19,39.5,45.4,42.1
2020-10-20,37.4,53.2,45.3
2020-10-21,46.1,60.1,53.7
2020-10-22,46.5,68.2,55.3
2020-10-23,45.0,72.4,62.1
2020-10-24,36.6,46.0,41.6
2020-10-25,34.9,46.1,41.6
2020-10-26,40.2,45.2,42.8
2020-10-27,36.5,39.8,38.7
2020-10-28,36.8,51.1,42.4
2020-10-29,39.2,50.8,43.1
2020-10-30,29.5,39.4,36.0
2020-10-31,26.2,48.5,38.1
2020-11-01,31.5,47.6,39.8
2020-11-02,28.0,45.0,36.9
2020-11-03,37.7,58.5,47.7
2020-11-04,45.8,65.2,55.7
2020-11-05,52.5,62.1,56.9
2020-11-06,48.5,67.4,57.0
2020-11-07,49.2,66.5,56.2
2020-11-08,45.9,68.7,57.0
2020-11-09,53.7,71.6,62.0
2020-11-10,62.8,71.6,67.0
2020-11-11,35.2,65.4,47.4
2020-11-12,30.3,48.1,38.0
2020-11-13,31.5,45.8,38.9
2020-11-14,22.8,44.1,34.3
2020-11-15,36.8,52.7,43.9
2020-11-16,35.0,43.3,38.1
2020-11-17,27.5,35.2,32.9
2020-11-18,23.7,41.9,33.1
2020-11-19,37.4,59.2,51.1
2020-11-20,44.9,61.6,55.1
2020-11-21,35.2,43.9,39.6
2020-11-22,31.6,36.5,34.5
2020-11-23,29.8,42.3,36.2
2020-11-24,24.8,38.8,32.4
2020-11-25,38.0,49.1,43.5
2020-11-26,40.3,48.8,45.6
2020-11-27,34.7,44.7,40.5
2020-11-28,28.0,44.3,36.4
2020-11-29,33.5,48.2,40.2
2020-11-30,29.0,39.6,33.3
2020-12-01,25.6,35.7,29.8
2020-12-02,28.0,43.4,34.1
2020-12-03,30.9,43.2,37.0
2020-12-04,36.5,42.3,38.8
2020-12-05,25.4,36.3,30.7
2020-12-06,26.1,31.6,28.4
2020-12-07,26.0,34.9,29.2
2020-12-08,25.8,37.4,31.5
2020-12-09,30.8,46.4,36.4
2020-12-10,26.2,45.9,35.7
2020-12-11,34.5,50.3,41.4
2020-12-12,33.6,52.1,43.9
2020-12-13,29.0,35.5,32.7
2020-12-14,23.6,33.4,29.9
2020-12-15,19.9,29.3,23.9
2020-12-16,24.4,31.1,27.0
2020-12-17,25.5,32.0,28.2
2020-12-18,20.4,34.5,27.5
2020-12-19,27.0,37.9,32.8
2020-12-20,29.0,37.2,33.8
2020-12-21,30.6,37.9,34.7
2020-12-22,31.1,37.8,34.9
2020-12-23,31.4,50.7,41.9
2020-12-24,21.1,51.0,29.8
2020-12-25,18.5,25.2,21.4
2020-12-26,16.3,28.6,22.1
2020-12-27,10.0,41.1,27.6
2020-12-28,23.3,40.4,31.7
2020-12-29,22.2,30.5,25.9
2020-12-30,27.5,42.4,34.2
2020-12-31,21.5,32.7,28.0
2021-01-01,21.8,31.4,27.5
2021-01-02,29.1,34.2,31.9
2021-01-03,29.8,36.1,33.0
2021-01-04,27.0,33.2,30.5
2021-01-05,23.3,33.7,30.3
2021-01-06,29.1,36.9,33.1
2021-01-07,27.0,36.2,31.1
2021-01-08,23.7,30.1,27.1
2021-01-09,20.8,36.9,27.1
2021-01-10,18.1,35.6,26.6
2021-01-11,20.8,31.2,26.5
2021-01-12,22.2,33.3,28.2
2021-01-13,26.6,42.7,34.2
2021-01-14,32.1,41.7,36.3
2021-01-15,27.6,36.4,33.4
2021-01-16,22.4,36.9,29.4
2021-01-17,30.4,37.0,32.9
2021-01-18,28.0,33.8,30.4
2021-01-19,25.2,31.7,28.3
2021-01-20,16.4,27.1,23.1
2021-01-21,27.0,41.5,34.1
2021-01-22,17.5,31.5,24.7
2021-01-23,14.5,29.1,20.4
2021-01-24,20.3,27.4,23.9
2021-01-25,18.4,32.5,26.1
2021-01-26,22.7,30.8,28.6
2021-01-27,12.8,25.4,19.3
2021-01-28,7.3,22.5,15.9
2021-01-29,3.2,25.6,14.5
2021-01-30,11.8,26.8,20.9
2021-01-31,25.3,30.6,27.1
2021-02-01,21.6,28.3,24.4
2021-02-02,16.5,29.4,23.2
2021-02-03,11.2,33.1,21.0
2021-02-04,12.3,33.0,25.8
2021-02-05,14.4,33.4,18.8
2021-02-06,13.1,18.3,14.8
2021-02-07,5.3,13.6,10.1
2021-02-08,1.4,15.4,9.2
2021-02-09,5.7,21.1,12.7
2021-02-10,-2.6,18.2,9.4
2021-02-11,2.8,20.5,12.6
2021-02-12,13.5,25.2,18.5
2021-02-13,7.7,21.4,16.8
2021-02-14,4.8,21.1,13.1
2021-02-15,8.2,14.7,11.6
2021-02-16,3.0,16.6,12.9
2021-02-17,-8.1,18.2,7.0
2021-02-18,9.9,24.8,18.2
2021-02-19,15.2,26.7,20.4
2021-02-20,9.2,28.6,17.6
2021-02-21,5.0,28.7,16.6
2021-02-22,28.9,35.3,32.8
2021-02-23,33.2,45.4,37.7
2021-02-24,29.5,46.2,37.6
2021-02-25,12.3,37.0,27.5
2021-02-26,6.4,36.1,24.1
2021-02-27,30.8,45.9,37.4
2021-02-28,32.9,61.2,43.9
2021-03-01,19.4,36.8,30.3
2021-03-02,16.2,38.8,26.6
2021-03-03,31.2,54.7,40.8
2021-03-04,21.7,33.8,27.6
2021-03-05,19.9,41.7,29.7
2021-03-06,21.1,39.3,29.5
2021-03-07,18.9,39.6,28.1
2021-03-08,28.0,60.1,44.8
2021-03-09,32.5,53.2,42.8
2021-03-10,40.0,66.6,54.5
2021-03-11,41.9,64.4,56.9
2021-03-12,32.4,51.7,42.3
2021-03-13,20.6,49.7,35.7
2021-03-14,26.3,45.0,38.6
2021-03-15,21.6,36.1,28.3
2021-03-16,30.4,52.0,38.8
2021-03-17,26.7,55.6,40.7
2021-03-18,28.9,42.2,36.9
2021-03-19,24.1,45.8,33.4
2021-03-20,25.0,54.0,37.5
2021-03-21,27.0,58.9,42.7
2021-03-22,37.0,64.9,50.4
2021-03-23,44.7,63.9,53.8
2021-03-24,51.1,64.8,57.8
2021-03-25,44.3,63.7,53.2
2021-03-26,35.9,56.5,45.8
2021-03-27,34.5,59.2,46.5
2021-03-28,34.7,48.9,43.9
2021-03-29,24.9,49.5,39.5
2021-03-30,42.4,65.6,54.4
2021-03-31,32.6,52.6,42.4
2021-04-01,23.0,33.0,27.9
2021-04-02,20.9,44.0,32.0
2021-04-03,29.7,59.0,43.6
2021-04-04,37.1,64.8,50.6
2021-04-05,44.2,66.3,51.7
2021-04-06,42.0,74.2,58.8
2021-04-07,52.9,76.3,64.4
2021-04-08,52.6,71.8,60.8
2021-04-09,52.7,70.6,59.6
2021-04-10,46.5,71.8,58.9
2021-04-11,45.9,56.5,52.1
2021-04-12,43.4,58.1,50.0
2021-04-13,36.0,61.2,50.3
2021-04-14,33.9,52.3,43.8
2021-04-15,32.3,48.7,40.0
2021-04-16,37.3,55.8,46.1
2021-04-17,35.7,55.7,45.8
2021-04-18,37.4,59.2,48.2
2021-04-19,38.3,59.8,47.3
2021-04-20,32.4,38.9,35.8
2021-04-21,26.5,41.3,34.3
2021-04-22,24.4,46.9,35.9
2021-04-23,32.9,60.0,47.6
2021-04-24,37.9,57.7,48.2
2021-04-25,38.3,51.0,44.7
2021-04-26,31.7,52.1,42.1
2021-04-27,42.6,77.7,63.2
2021-04-28,57.4,75.9,66.7
2021-04-29,49.2,55.3,51.7
2021-04-30,39.7,53.7,47.2
2021-05-01,29.3,65.2,50.7
2021-05-02,63.0,78.3,70.1
2021-05-03,56.5,64.8,60.3
2021-05-04,51.4,65.9,58.5
2021-05-05,41.1,53.7,47.0
2021-05-06,36.6,54.9,45.8
2021-05-07,35.7,55.2,45.7
2021-05-08,35.4,54.0,45.0
2021-05-09,37.5,47.2,43.0
2021-05-10,34.0,51.9,43.6
2021-05-11,33.4,51.9,43.5
2021-05-12,35.9,59.8,48.8
2021-05-13,38.2,65.1,52.4
2021-05-14,41.5,68.7,55.8
2021-05-15,44.0,68.5,58.3
2021-05-16,50.4,67.8,58.5
2021-05-17,49.5,72.1,61.9
2021-05-18,49.4,76.6,64.7
2021-05-19,57.2,79.8,69.5
2021-05-20,61.7,84.9,73.9
2021-05-21,64.5,86.3,75.7
2021-05-22,66.6,83.8,73.7
2021-05-23,58.9,85.6,72.1
2021-05-24,55.7,79.9,67.1
2021-05-25,65.8,86.3,76.9
2021-05-26,61.2,76.5,70.2
2021-05-27,46.5,66.8,55.6
2021-05-28,43.0,52.4,46.0
2021-05-29,43.0,62.2,51.6
2021-05-30,40.0,67.6,55.5
2021-05-31,49.6,72.1,60.8
2021-06-01,52.2,74.1,64.3
2021-06-02,57.4,70.5,62.8
2021-06-03,58.0,78.0,67.3
2021-06-04,63.1,85.6,74.1
2021-06-05,68.2,85.3,77.0
2021-06-06,68.0,87.4,78.4
2021-06-07,70.4,79.4,74.4
2021-06-08,68.2,82.5,74.9
2021-06-09,65.6,84.1,75.1
2021-06-10,68.2,83.1,74.6
2021-06-11,63.7,88.0,76.0
2021-06-12,66.2,85.5,73.7
2021-06-13,65.8,82.9,73.4
2021-06-14,60.8,75.5,67.5
2021-06-15,58.1,74.6,66.0
2021-06-16,50.6,74.1,63.3
2021-06-17,53.1,83.7,70.1
2021-06-18,66.2,82.5,73.4
2021-06-19,64.8,82.5,72.0
2021-06-20,63.7,85.8,74.9
2021-06-21,54.1,74.8,68.9
2021-06-22,46.0,65.4,56.7
2021-06-23,48.4,70.7,61.3
2021-06-24,60.9,83.3,72.5
2021-06-25,69.1,74.9,71.4
2021-06-26,69.4,84.3,76.7
2021-06-27,73.4,84.7,78.0
2021-06-28,71.0,84.8,76.0
2021-06-29,70.3,88.7,78.4
2021-06-30,68.4,78.5,73.5
2021-07-01,62.1,74.8,69.4
2021-07-02,55.7,72.5,64.2
2021-07-03,55.1,81.3,68.4
2021-07-04,65.6,88.7,77.6
2021-07-05,69.5,89.2,79.7
2021-07-06,74.7,88.7,80.3
2021-07-07,70.2,85.7,76.3
2021-07-08,63.9,78.3,71.2
2021-07-09,58.2,74.9,66.4
2021-07-10,55.3,75.3,66.7
2021-07-11,63.2,65.8,64.4
2021-07-12,63.5,74.8,68.3
2021-07-13,67.4,77.0,71.3
2021-07-14,65.2,81.8,73.7
2021-07-15,69.3,81.6,74.2
2021-07-16,64.2,69.0,67.2
2021-07-17,64.0,79.2,70.0
2021-07-18,58.5,83.5,71.6
2021-07-19,64.3,84.0,73.9
2021-07-20,65.8,84.2,74.1
2021-07-21,59.5,75.7,67.2
2021-07-22,55.7,78.0,67.3
2021-07-23,62.6,73.6,67.6
2021-07-24,68.4,83.6,75.9
2021-07-25,68.2,86.6,76.6
2021-07-26,63.9,88.1,75.9
2021-07-27,67.6,86.7,76.5
2021-07-28,65.8,85.1,75.6
2021-07-29,71.4,85.1,77.5
2021-07-30,60.9,75.2,68.0
2021-07-31,55.7,79.3,68.1
2021-08-01,59.4,73.2,66.2
2021-08-02,55.2,75.4,65.6
2021-08-03,59.8,77.4,68.7
2021-08-04,58.5,78.6,69.1
2021-08-05,61.8,80.8,71.8
2021-08-06,63.0,85.8,73.8
2021-08-07,66.6,82.9,74.0
2021-08-08,68.1,87.0,77.2
2021-08-09,71.1,84.2,76.7
2021-08-10,72.1,89.0,79.3
2021-08-11,73.0,87.6,79.3
2021-08-12,72.8,87.7,80.1
2021-08-13,68.3,82.2,76.2
2021-08-14,61.6,77.0,68.7
2021-08-15,57.1,76.8,66.8
2021-08-16,58.4,72.7,65.9
2021-08-17,61.9,80.9,71.3
2021-08-18,66.8,82.4,74.2
2021-08-19,66.5,83.0,75.1
2021-08-20,65.0,84.6,75.6
2021-08-21,66.6,86.7,77.0
2021-08-22,69.2,88.4,78.1
2021-08-23,69.1,85.9,75.8
2021-08-24,66.2,90.3,77.4
2021-08-25,72.7,90.9,80.4
2021-08-26,72.9,89.1,80.0
2021-08-27,70.1,85.4,77.0
2021-08-28,71.6,88.3,79.0
2021-08-29,72.5,89.3,78.8
2021-08-30,69.3,83.0,75.0
2021-08-31,61.8,77.8,70.3
2021-09-01,60.7,76.4,67.8
2021-09-02,55.0,75.5,64.5
2021-09-03,52.7,74.8,63.4
2021-09-04,57.7,78.8,68.0
2021-09-05,61.6,78.0,69.4
2021-09-06,58.2,75.1,66.4
2021-09-07,54.3,85.9,69.7
2021-09-08,61.4,74.9,67.6
2021-09-09,54.7,69.5,61.9
2021-09-10,50.5,72.9,63.1
2021-09-11,59.8,82.1,71.2
2021-09-12,69.4,84.8,75.8
2021-09-13,64.5,74.5,68.2
2021-09-14,65.8,85.6,73.7
2021-09-15,59.9,74.2,67.0
2021-09-16,58.5,75.4,66.3
2021-09-17,59.9,81.4,70.3
2021-09-18,59.8,76.8,68.1
2021-09-19,55.1,79.9,66.6
2021-09-20,64.6,79.6,70.9
2021-09-21,59.6,73.8,68.8
2021-09-22,52.1,58.5,54.9
2021-09-23,47.8,52.1,50.5
2021-09-24,49.4,70.1,59.2
2021-09-25,51.7,63.2,57.8
2021-09-26,50.4,72.6,62.1
2021-09-27,62.0,78.0,68.9
2021-09-28,54.4,69.1,61.3
2021-09-29,48.8,70.2,58.8
2021-09-30,49.5,69.4,58.2
2021-10-01,48.0,71.7,59.7
2021-10-02,57.3,72.4,64.2
2021-10-03,64.0,73.8,67.7
2021-10-04,61.2,71.3,65.5
2021-10-05,59.2,70.7,64.6
2021-10-06,57.3,68.8,62.6
2021-10-07,60.9,73.0,65.7
2021-10-08,60.8,70.3,65.5
2021-10-09,59.2,72.8,65.0
2021-10-10,61.6,78.3,69.3
2021-10-11,63.3,78.3,70.9
2021-10-12,63.2,70.7,66.8
2021-10-13,56.1,71.3,64.0
2021-10-14,62.3,78.3,68.4
2021-10-15,53.6,61.1,58.3
2021-10-16,49.3,57.1,52.7
2021-10-17,45.3,59.7,52.8
2021-10-18,43.2,64.0,53.0
2021-10-19,46.2,69.1,57.2
2021-10-20,49.5,67.2,58.8
2021-10-21,48.6,64.0,56.9
2021-10-22,38.5,49.5,45.2
2021-10-23,39.1,53.1,46.4
2021-10-24,35.5,49.4,43.3
2021-10-25,44.8,48.7,46.5
2021-10-26,38.3,48.5,43.6
2021-10-27,37.7,52.8,46.7
2021-10-28,47.9,60.0,52.8
2021-10-29,49.9,54.6,53.3
2021-10-30,48.0,52.6,50.0
2021-10-31,42.3,58.3,49.1
2021-11-01,36.8,47.9,41.9
2021-11-02,33.0,44.6,37.9
2021-11-03,28.9,43.5,36.3
2021-11-04,29.6,43.3,36.8
2021-11-05,28.9,47.4,38.2
2021-11-06,30.6,49.7,39.6
2021-11-07,38.2,60.1,47.7
2021-11-08,43.9,60.5,51.1
2021-11-09,44.4,56.6,49.8
2021-11-10,34.2,52.9,43.5
2021-11-11,43.9,64.5,51.7
2021-11-12,33.6,48.7,41.0
2021-11-13,32.5,41.1,36.2
2021-11-14,33.3,36.0,34.5
2021-11-15,29.2,39.3,34.1
2021-11-16,24.0,41.7,33.7
2021-11-17,39.3,61.0,52.6
2021-11-18,29.7,46.9,38.7
2021-11-19,28.0,40.3,33.0
2021-11-20,28.4,38.1,34.1
2021-11-21,30.7,42.6,37.0
2021-11-22,24.4,34.7,29.3
2021-11-23,22.3,37.7,28.7
2021-11-24,29.8,47.5,39.2
2021-11-25,30.3,46.8,41.7
2021-11-26,23.7,30.6,27.0
2021-11-27,20.8,30.4,26.4
2021-11-28,26.7,36.9,31.6
2021-11-29,23.5,38.0,30.5
2021-11-30,25.2,43.9,34.0
2021-12-01,21.8,40.5,33.0
2021-12-02,37.8,52.1,44.7
2021-12-03,30.4,37.8,35.0
2021-12-04,31.7,40.8,35.5
2021-12-05,31.5,48.5,35.6
2021-12-06,25.6,48.8,36.4
2021-12-07,19.4,25.5,22.0
2021-12-08,20.8,33.3,26.3
2021-12-09,24.1,37.6,30.9
2021-12-10,30.4,48.9,41.3
2021-12-11,33.0,60.9,46.4
2021-12-12,29.8,44.3,37.0
2021-12-13,34.7,46.9,39.0
2021-12-14,29.2,44.7,37.4
2021-12-15,42.3,58.6,50.3
2021-12-16,36.8,61.1,52.4
2021-12-17,29.7,40.1,34.8
2021-12-18,30.5,33.5,31.7
2021-12-19,23.6,31.9,28.3
2021-12-20,24.4,38.8,31.1
2021-12-21,23.1,38.5,32.6
2021-12-22,21.0,33.1,25.3
2021-12-23,21.1,37.9,29.5
2021-12-24,27.0,50.2,40.0
2021-12-25,30.4,52.6,44.7
2021-12-26,26.2,38.6,31.1
2021-12-27,29.7,42.6,35.8
2021-12-28,30.4,35.4,32.5
2021-12-29,29.5,40.7,34.5
2021-12-30,26.9,35.6,31.6
2021-12-31,33.7,43.0,39.1
2022-01-01,23.5,41.9,34.3
2022-01-02,6.8,24.8,20.1
2022-01-03,10.4,27.8,19.4
2022-01-04,18.7,34.2,25.8
2022-01-05,11.4,35.0,25.8
2022-01-06,11.5,21.7,16.2
2022-01-07,5.1,20.4,12.8
2022-01-08,-0.7,32.2,18.8
2022-01-09,14.5,36.6,28.6
2022-01-10,8.3,18.6,15.2
2022-01-11,6.9,29.5,16.6
2022-01-12,27.3,40.8,34.0
2022-01-13,24.8,37.2,30.7
2022-01-14,12.6,28.9,24.0
2022-01-15,11.6,20.5,15.1
2022-01-16,11.0,31.9,20.9
2022-01-17,19.1,30.2,24.6
2022-01-18,23.2,34.8,29.4
2022-01-19,20.0,38.8,31.9
2022-01-20,15.6,21.0,18.2
2022-01-21,11.5,21.7,15.6
2022-01-22,14.0,25.7,20.2
2022-01-23,9.4,24.5,19.8
2022-01-24,9.0,23.5,16.6
2022-01-25,1.9,19.6,13.9
2022-01-26,-4.9,17.0,7.5
2022-01-27,5.1,27.8,18.2
2022-01-28,3.2,22.2,12.7
2022-01-29,-2.4,19.1,8.2
2022-01-30,9.0,26.9,17.7
2022-01-31,7.7,25.3,17.5
2022-02-01,20.8,46.0,33.8
2022-02-02,22.5,37.8,31.2
2022-02-03,13.9,21.4,17.9
2022-02-04,4.2,18.1,11.3
2022-02-05,3.3,18.2,11.6
2022-02-06,10.5,25.2,17.4
2022-02-07,19.2,31.6,25.0
2022-02-08,13.2,26.3,20.0
2022-02-09,28.2,40.8,34.8
2022-02-10,24.0,33.1,30.2
2022-02-11,24.3,37.0,32.7
2022-02-12,10.1,32.2,18.9
2022-02-13,-4.0,18.8,9.3
2022-02-14,-7.9,18.6,7.0
2022-02-15,2.3,24.4,14.9
2022-02-16,24.4,49.6,42.2
2022-02-17,20.6,49.8,35.0
2022-02-18,7.5,24.7,17.0
2022-02-19,6.4,27.3,15.8
2022-02-20,5.7,44.4,27.5
2022-02-21,26.1,43.2,35.3
2022-02-22,34.7,54.0,47.3
2022-02-23,16.6,30.6,24.2
2022-02-24,14.5,26.1,20.3
2022-02-25,17.5,26.5,21.7
2022-02-26,8.4,29.8,20.8
2022-02-27,22.3,38.0,29.5
2022-02-28,19.6,35.6,27.6
2022-03-01,28.5,49.5,39.2
2022-03-02,21.3,46.5,33.3
2022-03-03,17.6,31.0,23.6
2022-03-04,19.3,41.0,29.0
2022-03-05,27.9,62.2,44.8
2022-03-06,32.4,60.9,49.8
2022-03-07,30.4,34.3,33.1
2022-03-08,25.5,39.9,32.0
2022-03-09,23.9,45.7,33.8
2022-03-10,23.9,40.5,31.3
2022-03-11,24.6,33.8,27.9
2022-03-12,12.2,23.3,17.4
2022-03-13,14.0,44.6,27.6
2022-03-14,29.2,55.0,41.2
2022-03-15,29.9,51.3,39.4
2022-03-16,28.4,64.0,45.8
2022-03-17,43.2,68.2,55.2
2022-03-18,40.4,55.7,47.2
2022-03-19,38.2,52.2,44.7
2022-03-20,37.4,55.9,44.5
2022-03-21,31.2,61.2,46.0
2022-03-22,36.0,41.5,38.6
2022-03-23,37.0,55.2,44.1
2022-03-24,40.4,48.1,44.7
2022-03-25,35.2,45.6,39.5
2022-03-26,26.4,36.8,33.0
2022-03-27,19.5,30.6,25.2
2022-03-28,18.0,32.0,23.6
2022-03-29,18.5,39.7,28.8
2022-03-30,30.6,64.2,46.7
2022-03-31,34.8,61.6,46.7
2022-04-01,26.8,37.8,33.5
2022-04-02,22.5,42.2,33.7
2022-04-03,30.3,47.5,37.1
2022-04-04,31.9,45.7,36.7
2022-04-05,32.6,55.1,42.8
2022-04-06,39.3,54.0,46.0
2022-04-07,34.2,47.0,41.6
2022-04-08,31.4,46.2,38.5
2022-04-09,29.4,40.6,35.5
2022-04-10,26.9,53.2,40.4
2022-04-11,40.5,67.9,52.6
2022-04-12,34.6,61.6,50.2
2022-04-13,50.6,68.0,60.9
2022-04-14,40.4,60.8,48.4
2022-04-15,37.5,51.1,44.0
2022-04-16,31.3,49.0,39.2
2022-04-17,23.8,42.6,33.4
2022-04-18,29.5,37.0,33.7
2022-04-19,31.6,46.0,37.8
2022-04-20,24.8,49.6,39.4
2022-04-21,46.0,64.3,54.5
2022-04-22,36.9,52.6,45.4
2022-04-23,43.3,78.0,61.4
2022-04-24,59.3,75.8,68.6
2022-04-25,44.4,64.2,55.8
2022-04-26,34.2,45.0,40.7
2022-04-27,28.6,43.9,35.0
2022-04-28,24.5,51.0,38.6
2022-04-29,28.6,55.5,43.0
2022-04-30,39.8,59.5,49.0
2022-05-01,50.4,67.3,57.6
2022-05-02,45.8,57.1,51.1
2022-05-03,46.7,53.7,49.7
2022-05-04,41.7,59.5,50.0
2022-05-05,35.8,59.0,48.3
2022-05-06,47.1,59.4,51.3
2022-05-07,45.2,63.8,54.3
2022-05-08,38.1,62.4,50.7
2022-05-09,44.8,67.7,57.5
2022-05-10,53.1,79.4,65.9
2022-05-11,61.0,73.9,67.6
2022-05-12,53.6,81.7,68.1
2022-05-13,54.8,80.9,69.0
2022-05-14,58.4,78.2,68.0
2022-05-15,56.6,82.0,67.6
2022-05-16,53.4,71.7,61.9
2022-05-17,48.7,67.4,57.6
2022-05-18,46.1,56.4,51.9
2022-05-19,53.3,75.6,63.8
2022-05-20,61.9,84.7,74.0
2022-05-21,62.0,76.2,69.9
2022-05-22,50.0,66.6,58.2
2022-05-23,45.0,59.7,52.4
2022-05-24,43.1,66.8,55.4
2022-05-25,50.8,67.9,60.3
2022-05-26,64.6,76.9,68.6
2022-05-27,59.1,73.5,65.0
2022-05-28,54.9,72.6,63.3
2022-05-29,57.0,78.6,68.6
2022-05-30,64.2,83.5,74.7
2022-05-31,67.1,86.4,77.8
2022-06-01,62.4,78.7,73.1
2022-06-02,54.5,73.5,62.3
2022-06-03,51.5,75.8,64.7
2022-06-04,48.1,71.3,60.7
2022-06-05,56.7,75.8,65.0
2022-06-06,58.1,79.4,68.7
2022-06-07,57.7,73.3,65.9
2022-06-08,50.6,71.2,60.4
2022-06-09,51.3,71.8,61.6
2022-06-10,50.2,73.6,63.6
2022-06-11,54.4,74.8,65.3
2022-06-12,58.5,79.8,69.1
2022-06-13,56.0,79.8,68.2
2022-06-14,62.1,83.1,70.8
2022-06-15,64.4,91.2,81.0
2022-06-16,77.0,88.6,82.1
2022-06-17,63.2,80.7,72.7
2022-06-18,54.3,70.0,62.0
2022-06-19,52.4,76.4,65.1
2022-06-20,60.6,85.7,72.9
2022-06-21,68.1,94.1,81.5
2022-06-22,72.1,87.8,81.1
2022-06-23,60.9,79.6,70.0
2022-06-24,59.1,85.6,73.2
2022-06-25,62.4,87.6,75.6
2022-06-26,67.4,84.9,75.0
2022-06-27,58.4,74.6,66.2
2022-06-28,49.4,79.2,66.4
2022-06-29,62.2,82.2,71.5
2022-06-30,62.5,88.4,76.7
2022-07-01,67.0,85.1,75.9
2022-07-02,57.1,82.2,70.7
2022-07-03,61.5,84.0,72.8
2022-07-04,61.9,88.7,77.1
2022-07-05,70.8,87.2,78.6
2022-07-06,65.8,75.0,69.9
2022-07-07,59.3,81.7,71.7
2022-07-08,63.4,81.1,71.0
2022-07-09,58.8,78.3,67.8
2022-07-10,53.4,80.2,67.6
2022-07-11,61.2,84.2,73.6
2022-07-12,65.1,80.7,72.3
2022-07-13,59.5,74.9,67.1
2022-07-14,57.3,79.3,68.6
2022-07-15,56.8,80.6,68.9
2022-07-16,61.6,78.1,70.3
2022-07-17,66.4,73.2,69.9
2022-07-18,67.0,85.8,75.3
2022-07-19,67.6,88.0,77.6
2022-07-20,71.5,86.5,78.3
2022-07-21,70.4,87.2,77.3
2022-07-22,67.6,87.0,77.2
2022-07-23,70.3,87.6,77.2
2022-07-24,70.4,85.9,76.4
2022-07-25,63.0,77.6,69.9
2022-07-26,55.9,79.9,69.2
2022-07-27,62.2,82.1,71.5
2022-07-28,65.0,80.6,72.6
2022-07-29,59.5,77.4,69.5
2022-07-30,58.7,81.0,70.0
2022-07-31,60.7,83.7,72.8
2022-08-01,66.6,82.9,74.7
2022-08-02,63.0,81.8,72.5
2022-08-03,67.9,90.8,76.9
2022-08-04,69.7,85.8,76.1
2022-08-05,68.6,84.2,74.7
2022-08-06,68.4,88.4,78.7
2022-08-07,71.6,88.6,79.3
2022-08-08,70.2,82.9,75.7
2022-08-09,60.8,78.3,69.5
2022-08-10,60.8,81.5,70.8
2022-08-11,61.2,78.4,70.1
2022-08-12,55.7,77.8,66.6
2022-08-13,57.0,71.1,62.9
2022-08-14,57.8,73.8,65.6
2022-08-15,62.3,78.7,70.2
2022-08-16,61.0,79.3,69.5
2022-08-17,59.1,79.6,68.0
2022-08-18,59.3,79.5,69.7
2022-08-19,60.7,83.1,72.0
2022-08-20,63.4,84.0,72.0
2022-08-21,63.0,77.3,69.0
2022-08-22,64.8,80.2,70.9
2022-08-23,58.7,80.8,69.4
2022-08-24,61.9,83.3,72.3
2022-08-25,64.1,79.5,71.8
2022-08-26,63.4,79.2,70.0
2022-08-27,54.7,79.0,67.3
2022-08-28,61.2,85.7,73.2
2022-08-29,70.1,87.2,77.3
2022-08-30,64.4,78.8,71.9
2022-08-31,60.4,82.3,70.4
2022-09-01,61.2,83.5,72.2
2022-09-02,64.9,83.9,73.9
2022-09-03,65.0,86.6,76.1
2022-09-04,61.0,71.5,67.2
2022-09-05,60.3,77.6,68.3
2022-09-06,61.8,77.1,68.2
2022-09-07,55.5,76.6,65.4
2022-09-08,54.3,78.4,66.1
2022-09-09,56.5,80.1,68.2
2022-09-10,63.4,82.3,71.7
2022-09-11,64.8,72.1,68.3
2022-09-12,54.0,66.7,61.5
2022-09-13,51.7,71.2,61.6
2022-09-14,57.7,78.4,67.4
2022-09-15,58.5,74.8,64.8
2022-09-16,58.5,80.0,68.4
2022-09-17,61.5,80.4,70.6
2022-09-18,65.7,81.7,73.2
2022-09-19,61.2,78.8,70.7
2022-09-20,57.5,76.9,67.3
2022-09-21,64.9,86.1,73.7
2022-09-22,49.5,64.5,57.0
2022-09-23,43.2,62.6,52.9
2022-09-24,51.5,65.9,56.9
2022-09-25,54.6,65.0,58.0
2022-09-26,50.3,59.3,54.2
2022-09-27,46.4,58.5,52.1
2022-09-28,45.5,54.6,50.3
2022-09-29,43.1,59.3,51.1
2022-09-30,41.9,62.9,52.0
2022-10-01,47.3,67.9,56.9
2022-10-02,45.6,62.9,54.8
2022-10-03,39.6,63.1,51.0
2022-10-04,41.4,68.7,54.2
2022-10-05,47.8,72.6,58.6
2022-10-06,52.0,72.1,60.3
2022-10-07,42.0,51.6,45.9
2022-10-08,35.2,52.5,44.2
2022-10-09,41.9,62.8,52.2
2022-10-10,44.7,64.7,54.4
2022-10-11,51.3,72.1,60.6
2022-10-12,50.9,72.1,62.0
2022-10-13,40.5,54.2,48.7
2022-10-14,36.1,55.8,46.5
2022-10-15,40.2,52.8,46.2
2022-10-16,41.1,58.1,48.2
2022-10-17,37.6,43.3,40.7
2022-10-18,36.1,40.8,38.1
2022-10-19,37.3,45.5,40.1
2022-10-20,35.4,45.4,38.9
2022-10-21,38.8,64.6,52.1
2022-10-22,49.9,71.8,60.4
2022-10-23,52.7,73.0,61.8
2022-10-24,53.5,73.6,62.9
2022-10-25,55.5,72.1,64.1
2022-10-26,41.5,60.8,51.5
2022-10-27,33.5,50.7,41.5
2022-10-28,38.4,57.0,45.6
2022-10-29,34.9,59.2,45.3
2022-10-30,38.9,59.5,48.5
2022-10-31,48.6,61.0,54.9
2022-11-01,48.5,64.9,55.9
2022-11-02,43.0,64.2,52.3
2022-11-03,46.5,66.1,54.6
2022-11-04,53.3,70.2,61.9
2022-11-05,53.8,71.2,64.5
2022-11-06,43.6,61.5,52.9
2022-11-07,39.7,52.9,47.7
2022-11-08,35.9,50.5,42.7
2022-11-09,41.1,61.8,50.3
2022-11-10,52.2,68.2,58.6
2022-11-11,37.8,61.5,52.7
2022-11-12,31.9,37.5,34.8
2022-11-13,27.6,37.5,33.0
2022-11-14,25.5,37.4,31.4
2022-11-15,28.7,36.5,33.6
2022-11-16,32.2,38.8,34.4
2022-11-17,25.2,36.0,30.8
2022-11-18,20.6,30.9,27.1
2022-11-19,18.1,28.5,22.4
2022-11-20,16.6,24.7,20.4
2022-11-21,21.8,40.8,30.8
2022-11-22,24.6,45.8,34.2
2022-11-23,27.0,50.4,37.4
2022-11-24,30.9,50.7,41.6
2022-11-25,35.2,48.2,42.8
2022-11-26,34.5,51.8,41.4
2022-11-27,36.6,42.2,39.7
2022-11-28,32.6,40.2,37.1
2022-11-29,31.7,54.0,43.6
2022-11-30,27.3,54.3,36.3
2022-12-01,24.8,35.2,28.5
2022-12-02,27.9,52.0,39.5
2022-12-03,26.7,49.5,38.5
2022-12-04,21.8,37.1,28.0
2022-12-05,26.2,41.4,34.6
2022-12-06,38.5,44.5,41.2
2022-12-07,38.6,46.8,42.1
2022-12-08,34.0,39.7,37.4
2022-12-09,28.4,37.1,32.7
2022-12-10,29.5,37.4,33.3
2022-12-11,31.0,38.9,34.8
2022-12-12,29.8,36.9,33.0
2022-12-13,26.2,34.4,29.3
2022-12-14,28.9,36.9,33.0
2022-12-15,34.1,42.8,37.7
2022-12-16,28.9,34.5,32.2
2022-12-17,23.2,29.7,26.8
2022-12-18,22.3,29.6,25.1
2022-12-19,22.6,29.8,25.1
2022-12-20,22.9,36.1,27.0
2022-12-21,22.9,32.1,27.3
2022-12-22,27.3,36.7,32.7
2022-12-23,-1.5,24.1,7.0
2022-12-24,0.0,15.3,7.4
2022-12-25,10.0,18.4,14.6
2022-12-26,9.2,21.6,15.0
2022-12-27,11.0,24.9,19.7
2022-12-28,24.8,38.8,32.2
2022-12-29,38.0,53.9,46.7
2022-12-30,41.3,52.5,49.6
2022-12-31,27.8,41.5,37.7
2023-01-01,26.5,44.8,36.8
2023-01-02,36.4,46.1,40.2
2023-01-03,38.2,46.8,41.9
2023-01-04,36.7,55.0,48.4
2023-01-05,31.7,39.1,35.5
2023-01-06,30.7,37.9,33.7
2023-01-07,26.3,34.4,31.1
2023-01-08,22.1,34.3,27.2
2023-01-09,22.7,39.0,29.3
2023-01-10,26.4,39.0,31.8
2023-01-11,28.2,41.3,34.5
2023-01-12,32.1,42.3,38.2
2023-01-13,23.7,31.1,27.8
2023-01-14,17.6,29.7,22.1
2023-01-15,20.2,36.7,26.7
2023-01-16,25.2,38.3,31.7
2023-01-17,36.7,45.0,40.9
2023-01-18,35.4,40.5,37.4
2023-01-19,34.8,48.3,39.4
2023-01-20,31.5,37.4,34.6
2023-01-21,24.6,34.2,30.1
2023-01-22,27.5,33.6,29.9
2023-01-23,24.3,34.9,29.7
2023-01-24,25.6,37.7,30.3
2023-01-25,26.0,33.2,30.7
2023-01-26,22.5,33.3,29.7
2023-01-27,17.8,34.1,23.8
2023-01-28,20.6,32.4,26.1
2023-01-29,23.0,33.6,28.2
2023-01-30,7.5,24.6,20.1
2023-01-31,-4.2,17.1,7.4
2023-02-01,3.8,22.5,13.2
2023-02-02,14.0,31.6,21.9
2023-02-03,3.0,13.8,8.0
2023-02-04,-0.8,32.0,18.8
2023-02-05,30.1,41.9,35.5
2023-02-06,20.4,34.1,26.9
2023-02-07,25.6,50.5,38.3
2023-02-08,26.3,44.6,34.5
2023-02-09,33.3,59.3,41.0
2023-02-10,25.2,38.1,33.7
2023-02-11,19.8,41.9,29.7
2023-02-12,26.2,49.9,36.2
2023-02-13,30.4,47.5,38.9
2023-02-14,25.2,51.5,38.7
2023-02-15,35.7,54.2,49.1
2023-02-16,27.8,40.7,33.4
2023-02-17,18.4,27.7,22.5
2023-02-18,19.1,45.0,31.6
2023-02-19,33.3,49.3,40.6
2023-02-20,29.8,42.8,36.0
2023-02-21,27.4,36.8,32.1
2023-02-22,27.6,31.0,29.5
2023-02-23,27.8,55.8,35.5
2023-02-24,22.1,30.1,25.7
2023-02-25,21.6,41.0,30.1
2023-02-26,26.1,46.2,34.6
2023-02-27,25.7,36.1,30.9
2023-02-28,32.4,47.8,37.8
2023-03-01,33.3,53.5,41.1
2023-03-02,28.8,42.6,36.0
2023-03-03,27.9,36.6,32.0
2023-03-04,28.8,42.2,34.7
2023-03-05,24.9,46.1,36.1
2023-03-06,30.0,39.5,34.5
2023-03-07,17.4,38.8,31.5
2023-03-08,18.4,42.7,30.4
2023-03-09,25.0,43.5,33.2
2023-03-10,28.0,34.8,30.5
2023-03-11,21.1,36.5,29.8
2023-03-12,24.4,34.4,29.3
2023-03-13,20.3,32.0,28.6
2023-03-14,16.3,35.9,24.8
2023-03-15,17.1,44.2,31.7
2023-03-16,31.9,52.7,42.8
2023-03-17,30.8,48.9,40.8
2023-03-18,19.7,30.6,23.9
2023-03-19,19.6,39.7,28.3
2023-03-20,25.1,46.5,36.2
2023-03-21,30.7,51.2,42.8
2023-03-22,38.5,51.0,44.4
2023-03-23,38.0,50.1,45.9
2023-03-24,31.2,44.6,37.2
2023-03-25,33.1,51.0,37.4
2023-03-26,30.5,52.6,41.1
2023-03-27,29.9,46.3,38.6
2023-03-28,25.2,48.7,37.1
2023-03-29,24.9,45.0,35.4
2023-03-30,19.0,44.4,33.0
2023-03-31,37.8,61.6,50.1
2023-04-01,29.5,58.5,43.9
2023-04-02,23.3,46.2,35.3
2023-04-03,37.2,63.0,48.5
2023-04-04,43.2,60.5,49.7
2023-04-05,46.0,73.3,61.4
2023-04-06,34.7,50.3,42.4
2023-04-07,30.0,48.3,38.8
2023-04-08,29.4,50.1,39.4
2023-04-09,29.3,59.0,44.1
2023-04-10,35.4,63.1,49.7
2023-04-11,47.4,69.9,58.8
2023-04-12,56.2,74.1,65.0
2023-04-13,55.1,76.3,65.8
2023-04-14,46.9,77.4,64.1
2023-04-15,53.4,78.8,65.4
2023-04-16,42.7,70.8,57.1
2023-04-17,34.8,39.7,36.9
2023-04-18,32.2,49.3,38.6
2023-04-19,29.5,54.3,42.5
2023-04-20,40.6,69.5,55.1
2023-04-21,45.0,63.4,52.6
2023-04-22,34.9,53.6,45.3
2023-04-23,31.1,48.7,40.2
2023-04-24,29.1,47.0,39.2
2023-04-25,28.1,43.3,37.3
2023-04-26,29.4,53.1,41.5
2023-04-27,33.3,56.4,45.1
2023-04-28,41.4,54.1,46.9
2023-04-29,46.5,61.8,52.3
2023-04-30,38.9,53.2,44.9
2023-05-01,35.0,46.6,40.1
2023-05-02,34.9,40.5,37.5
2023-05-03,36.2,55.8,45.1
2023-05-04,36.6,61.5,49.2
2023-05-05,39.3,67.3,53.7
2023-05-06,45.0,66.5,55.0
2023-05-07,50.2,78.2,62.1
2023-05-08,46.7,64.4,55.3
2023-05-09,45.0,68.3,56.7
2023-05-10,43.9,73.6,59.6
2023-05-11,49.4,76.2,63.5
2023-05-12,51.7,76.8,65.1
2023-05-13,54.9,74.2,63.6
2023-05-14,50.2,67.0,57.5
2023-05-15,42.3,71.4,57.4
2023-05-16,47.8,76.6,61.0
2023-05-17,41.7,59.4,50.0
2023-05-18,34.5,64.7,49.8
2023-05-19,45.7,74.5,59.5
2023-05-20,48.0,62.3,55.2
2023-05-21,47.6,75.7,61.4
2023-05-22,47.6,75.7,62.5
2023-05-23,50.6,80.1,65.3
2023-05-24,42.9,68.6,58.9
2023-05-25,40.9,64.0,51.8
2023-05-26,41.3,69.3,55.9
2023-05-27,45.2,76.0,61.3
2023-05-28,49.5,80.2,66.5
2023-05-29,53.8,84.5,69.6
2023-05-30,57.9,87.2,72.1
2023-05-31,61.7,85.7,74.1
2023-06-01,60.5,86.8,75.0
2023-06-02,61.5,89.2,76.2
2023-06-03,62.9,88.2,74.4
2023-06-04,55.8,77.2,66.5
2023-06-05,52.0,81.9,67.2
2023-06-06,56.7,74.4,66.7
2023-06-07,51.2,72.9,61.7
2023-06-08,50.5,73.4,62.4
2023-06-09,50.0,76.5,64.3
2023-06-10,54.0,83.2,69.5
2023-06-11,55.1,68.2,62.9
2023-06-12,49.4,65.8,57.3
2023-06-13,47.5,69.5,57.6
2023-06-14,50.4,73.3,61.7
2023-06-15,53.2,76.6,64.2
2023-06-16,55.0,70.2,61.4
2023-06-17,53.8,77.4,65.9
2023-06-18,53.7,80.5,68.1
2023-06-19,55.5,81.1,69.1
2023-06-20,62.8,83.2,72.7
2023-06-21,63.3,81.8,73.5
2023-06-22,61.6,76.1,69.2
2023-06-23,62.1,70.9,66.1
2023-06-24,60.5,84.2,71.9
2023-06-25,64.3,84.1,71.8
2023-06-26,61.7,72.4,66.4
2023-06-27,60.8,75.5,66.5
2023-06-28,56.4,77.1,67.2
2023-06-29,58.6,86.4,72.3
2023-06-30,66.5,88.5,76.5
2023-07-01,66.1,80.0,73.3
2023-07-02,67.4,83.0,72.0
2023-07-03,64.9,84.7,74.1
2023-07-04,63.2,88.2,76.6
2023-07-05,65.4,89.4,78.7
2023-07-06,67.5,83.4,74.2
2023-07-07,63.4,81.2,71.6
2023-07-08,61.8,79.1,69.3
2023-07-09,58.8,79.0,68.4
2023-07-10,57.1,86.4,72.8
2023-07-11,65.8,86.4,74.4
2023-07-12,61.3,80.2,69.4
2023-07-13,59.5,75.8,67.7
2023-07-14,59.3,81.7,69.8
2023-07-15,65.1,76.5,69.9
2023-07-16,63.7,80.8,71.7
2023-07-17,61.3,80.1,70.5
2023-07-18,56.8,77.7,67.8
2023-07-19,59.5,82.4,71.8
2023-07-20,63.2,88.2,72.7
2023-07-21,61.2,79.8,69.6
2023-07-22,59.8,80.8,70.2
2023-07-23,58.2,79.9,69.2
2023-07-24,60.1,84.3,71.4
2023-07-25,62.3,84.7,73.8
2023-07-26,65.7,85.7,74.1
2023-07-27,69.9,85.5,75.9
2023-07-28,67.0,86.1,76.7
2023-07-29,67.4,80.5,74.0
2023-07-30,60.9,77.4,68.6
2023-07-31,57.5,77.6,67.5
2023-08-01,57.2,79.5,68.9
2023-08-02,59.5,82.7,71.5
2023-08-03,61.1,86.1,73.9
2023-08-04,65.0,82.8,73.6
2023-08-05,61.4,81.1,70.9
2023-08-06,64.4,78.3,69.7
2023-08-07,61.1,75.4,67.0
2023-08-08,60.8,80.9,69.7
2023-08-09,62.0,82.8,72.0
2023-08-10,62.9,78.4,70.1
2023-08-11,56.4,80.4,67.5
2023-08-12,65.7,79.7,72.2
2023-08-13,61.0,79.4,69.9
2023-08-14,61.8,76.4,68.7
2023-08-15,61.2,69.3,65.0
2023-08-16,57.7,78.6,68.0
2023-08-17,61.3,73.9,66.2
2023-08-18,54.7,72.0,63.1
2023-08-19,51.0,76.1,64.6
2023-08-20,62.6,88.1,74.5
2023-08-21,65.6,82.9,74.0
2023-08-22,58.0,75.4,66.8
2023-08-23,62.4,88.3,72.4
2023-08-24,71.2,86.8,76.3
2023-08-25,65.7,79.6,72.3
2023-08-26,58.1,77.1,68.9
2023-08-27,53.3,73.3,62.5
2023-08-28,50.0,73.7,62.1
2023-08-29,54.1,77.5,65.3
2023-08-30,54.8,68.1,60.4
2023-08-31,48.5,72.6,60.1
2023-09-01,52.2,76.2,64.0
2023-09-02,57.9,82.8,70.8
2023-09-03,66.7,87.5,76.8
2023-09-04,71.1,88.5,79.0
2023-09-05,69.3,88.2,78.1
2023-09-06,67.7,82.4,73.5
2023-09-07,63.2,78.0,69.5
2023-09-08,60.1,68.1,63.2
2023-09-09,58.8,69.6,63.8
2023-09-10,53.6,74.4,63.3
2023-09-11,53.4,75.2,64.7
2023-09-12,57.2,70.8,63.7
2023-09-13,49.2,65.6,56.8
2023-09-14,47.2,67.3,57.6
2023-09-15,49.4,70.3,58.9
2023-09-16,47.3,70.0,59.4
2023-09-17,55.0,71.0,60.9
2023-09-18,50.4,64.9,57.8
2023-09-19,47.9,69.1,59.1
2023-09-20,53.8,77.0,64.8
2023-09-21,55.8,79.4,67.3
2023-09-22,58.9,76.6,67.4
2023-09-23,54.1,70.3,61.3
2023-09-24,52.1,76.1,63.3
2023-09-25,60.1,65.9,62.8
2023-09-26,56.6,69.4,62.9
2023-09-27,57.7,65.8,61.6
2023-09-28,57.4,67.5,61.0
2023-09-29,57.7,70.1,63.5
2023-09-30,53.5,73.4,62.6
2023-10-01,53.7,75.7,64.6
2023-10-02,56.1,78.3,65.3
2023-10-03,56.8,81.5,68.2
2023-10-04,62.7,80.2,70.6
2023-10-05,61.1,70.4,65.9
2023-10-06,45.4,64.5,58.0
2023-10-07,43.1,54.5,47.8
2023-10-08,39.7,54.1,45.9
2023-10-09,38.2,53.5,45.6
2023-10-10,42.2,49.7,46.4
2023-10-11,44.8,60.9,51.1
2023-10-12,45.0,61.7,53.2
2023-10-13,47.9,54.6,50.8
2023-10-14,45.9,49.8,48.0
2023-10-15,40.6,54.3,47.4
2023-10-16,44.4,53.7,48.4
2023-10-17,40.3,53.7,46.7
2023-10-18,40.9,60.6,50.8
2023-10-19,47.3,55.1,51.7
2023-10-20,48.4,55.7,52.0
2023-10-21,42.5,53.0,47.6
2023-10-22,36.3,50.0,42.2
2023-10-23,32.9,55.7,44.7
2023-10-24,47.8,71.3,60.2
2023-10-25,59.5,65.2,62.2
2023-10-26,60.7,69.3,65.1
2023-10-27,61.7,73.8,66.9
2023-10-28,44.6,62.0,50.2
2023-10-29,42.1,48.5,45.0
2023-10-30,28.2,43.2,38.7
2023-10-31,25.7,39.8,32.2
2023-11-01,25.6,39.8,32.5
2023-11-02,29.5,47.2,38.2
2023-11-03,38.0,53.1,46.8
2023-11-04,40.7,53.5,47.8
2023-11-05,36.0,52.3,43.1
2023-11-06,40.8,60.9,50.7
2023-11-07,40.8,55.8,48.2
2023-11-08,36.9,45.7,41.1
2023-11-09,41.8,51.8,46.4
2023-11-10,37.8,50.1,43.5
2023-11-11,30.4,46.9,38.5
2023-11-12,30.6,48.5,39.0
2023-11-13,38.7,56.9,45.8
2023-11-14,30.7,50.9,40.6
2023-11-15,36.4,57.7,45.4
2023-11-16,36.0,59.9,48.7
2023-11-17,32.3,56.8,48.3
2023-11-18,25.8,46.5,36.4
2023-11-19,32.5,47.8,38.8
2023-11-20,30.5,41.8,35.2
2023-11-21,37.3,49.4,43.2
2023-11-22,35.7,43.0,39.4
2023-11-23,30.4,47.8,38.0
2023-11-24,22.5,31.1,26.2
2023-11-25,19.6,36.5,27.4
2023-11-26,24.3,36.6,30.7
2023-11-27,23.6,32.8,28.7
2023-11-28,18.7,29.2,23.5
2023-11-29,17.3,36.5,26.4
2023-11-30,28.4,48.5,38.7
2023-12-01,37.3,42.2,39.1
2023-12-02,35.9,40.5,37.9
2023-12-03,35.5,41.9,38.2
2023-12-04,34.4,38.0,36.4
2023-12-05,28.5,37.1,33.9
2023-12-06,26.6,38.9,32.5
2023-12-07,33.1,46.2,38.1
2023-12-08,36.0,53.0,44.7
2023-12-09,39.6,58.9,50.5
2023-12-10,33.3,39.6,36.6
2023-12-11,24.7,34.0,29.8
2023-12-12,24.6,40.4,31.6
2023-12-13,25.1,37.7,29.7
2023-12-14,27.0,44.2,34.8
2023-12-15,35.0,51.8,40.1
2023-12-16,33.7,46.0,40.6
2023-12-17,40.5,48.0,43.8
2023-12-18,28.7,40.0,33.6
2023-12-19,25.0,32.7,27.7
2023-12-20,26.6,39.4,31.6
2023-12-21,29.5,41.9,35.1
2023-12-22,33.8,41.0,37.3
2023-12-23,39.0,47.4,42.4
2023-12-24,42.7,47.0,44.2
2023-12-25,41.5,52.0,46.9
2023-12-26,47.3,53.8,49.5
2023-12-27,40.0,47.8,43.7
2023-12-28,39.3,43.8,41.4
2023-12-29,37.8,41.4,39.5
2023-12-30,26.8,40.2,33.9
2023-12-31,26.6,38.8,33.3
2024-01-01,28.6,33.3,30.6
2024-01-02,27.3,34.9,30.5
2024-01-03,30.2,35.0,32.7
2024-01-04,19.7,28.5,23.9
2024-01-05,20.1,34.6,26.9
2024-01-06,26.0,33.3,29.8
2024-01-07,29.6,37.0,32.1
2024-01-08,28.9,35.7,31.5
2024-01-09,31.7,40.6,35.7
2024-01-10,30.4,36.0,33.6
2024-01-11,28.7,37.5,32.3
2024-01-12,23.6,36.1,31.5
2024-01-13,14.5,36.0,25.5
2024-01-14,-7.2,13.0,1.5
2024-01-15,-8.5,8.0,-0.8
2024-01-16,-0.6,7.1,3.6
2024-01-17,-0.3,15.4,7.2
2024-01-18,15.3,25.5,20.9
2024-01-19,3.7,20.8,14.5
2024-01-20,-2.7,20.2,9.2
2024-01-21,5.7,22.2,15.2
2024-01-22,11.9,32.0,23.1
2024-01-23,31.6,34.9,33.0
2024-01-24,33.4,36.3,34.9
2024-01-25,34.2,40.9,36.6
2024-01-26,36.0,44.6,39.4
2024-01-27,32.5,41.8,37.0
2024-01-28,33.1,38.8,35.1
2024-01-29,26.4,38.6,32.1
2024-01-30,26.2,32.4,29.9
2024-01-31,28.2,40.3,33.4
2024-02-01,31.9,49.2,38.3
2024-02-02,24.4,37.6,31.5
2024-02-03,23.0,36.3,27.8
2024-02-04,22.8,45.5,31.0
2024-02-05,24.2,44.0,31.7
2024-02-06,22.2,41.8,30.3
2024-02-07,24.9,47.0,34.2
2024-02-08,32.4,55.6,44.6
2024-02-09,48.1,58.5,52.5
2024-02-10,30.3,48.6,39.4
2024-02-11,22.7,40.1,30.6
2024-02-12,22.1,40.4,30.2
2024-02-13,25.0,37.4,30.4
2024-02-14,21.5,36.7,28.9
2024-02-15,27.5,41.7,32.6
2024-02-16,22.5,30.6,27.0
2024-02-17,17.6,25.3,21.7
2024-02-18,17.6,40.0,27.5
2024-02-19,19.8,41.2,28.6
2024-02-20,23.1,48.9,33.7
2024-02-21,31.4,57.7,43.7
2024-02-22,32.4,52.9,43.6
2024-02-23,24.4,47.8,37.3
2024-02-24,18.3,31.2,23.7
2024-02-25,23.9,48.8,35.6
2024-02-26,32.8,52.5,42.4
2024-02-27,48.2,69.1,58.0
2024-02-28,22.6,56.1,37.1
2024-02-29,19.0,35.5,27.1
2024-03-01,25.5,45.2,35.8
2024-03-02,37.2,51.1,42.6
2024-03-03,34.7,58.7,44.8
2024-03-04,42.8,70.0,56.3
2024-03-05,41.1,61.1,52.8
2024-03-06,36.3,47.0,41.6
2024-03-07,35.4,51.3,41.1
2024-03-08,33.9,50.8,42.8
2024-03-09,33.7,51.5,44.5
2024-03-10,28.7,37.3,32.6
2024-03-11,27.1,54.2,41.4
2024-03-12,43.2,64.0,54.4
2024-03-13,47.5,68.0,56.7
2024-03-14,44.2,58.5,49.7
2024-03-15,35.8,53.8,43.8
2024-03-16,31.4,57.0,43.3
2024-03-17,28.9,40.3,35.0
2024-03-18,23.3,35.2,29.7
2024-03-19,27.7,44.8,34.6
2024-03-20,22.3,35.2,31.0
2024-03-21,18.4,35.8,26.3
2024-03-22,24.9,37.5,29.9
2024-03-23,22.5,36.1,28.5
2024-03-24,22.2,37.4,29.9
2024-03-25,31.5,61.0,46.3
2024-03-26,40.3,59.3,50.8
2024-03-27,26.9,41.2,36.5
2024-03-28,25.8,46.3,35.3
2024-03-29,24.8,49.5,37.6
2024-03-30,32.0,49.1,40.7
2024-03-31,35.3,49.6,41.5
2024-04-01,37.0,53.2,43.7
2024-04-02,39.2,52.4,44.7
2024-04-03,33.8,44.8,39.6
2024-04-04,31.0,47.4,38.4
2024-04-05,32.7,45.7,38.4
2024-04-06,31.2,55.6,42.2
2024-04-07,29.9,53.8,43.1
2024-04-08,41.5,71.1,54.9
2024-04-09,44.7,70.2,57.5
2024-04-10,43.2,63.4,53.2
2024-04-11,43.9,54.0,49.5
2024-04-12,43.2,51.5,47.1
2024-04-13,39.7,59.8,48.9
2024-04-14,44.6,75.7,61.6
2024-04-15,42.4,68.5,55.2
2024-04-16,42.6,65.1,54.3
2024-04-17,49.5,72.9,59.2
2024-04-18,47.8,64.3,55.7
2024-04-19,41.5,55.8,49.9
2024-04-20,34.2,45.3,40.3
2024-04-21,34.4,52.2,42.2
2024-04-22,31.1,60.6,47.8
2024-04-23,46.1,57.6,50.7
2024-04-24,31.7,47.8,41.3
2024-04-25,25.3,53.2,39.5
2024-04-26,33.3,60.2,47.8
2024-04-27,53.2,74.4,65.0
2024-04-28,60.2,76.2,67.6
2024-04-29,61.3,74.8,66.5
2024-04-30,51.3,67.6,59.9
2024-05-01,47.2,76.9,61.5
2024-05-02,48.4,69.3,59.2
2024-05-03,54.1,73.1,61.7
2024-05-04,54.9,72.7,63.1
2024-05-05,52.2,70.3,62.6
2024-05-06,47.9,65.4,56.0
2024-05-07,44.4,67.9,57.1
2024-05-08,51.0,74.8,63.8
2024-05-09,47.1,55.4,51.6
2024-05-10,42.2,61.2,52.9
2024-05-11,48.0,61.2,53.9
2024-05-12,41.8,68.9,56.4
2024-05-13,59.4,76.7,67.9
2024-05-14,55.0,71.3,62.5
2024-05-15,51.7,72.1,59.8
2024-05-16,45.9,74.3,61.8
2024-05-17,58.3,74.7,65.0
2024-05-18,57.0,78.0,66.7
2024-05-19,57.8,85.5,69.9
2024-05-20,59.2,82.7,70.1
2024-05-21,63.0,84.0,74.1
2024-05-22,65.4,81.6,74.7
2024-05-23,56.4,76.9,66.7
2024-05-24,52.7,80.0,67.8
2024-05-25,59.0,78.4,69.3
2024-05-26,54.5,79.2,65.0
2024-05-27,58.3,66.2,62.1
2024-05-28,52.2,70.5,60.6
2024-05-29,49.7,67.6,58.4
2024-05-30,43.6,68.7,57.2
2024-05-31,44.2,73.8,60.9
2024-06-01,50.6,77.7,64.2
2024-06-02,61.2,73.7,66.6
2024-06-03,54.5,79.2,67.4
2024-06-04,58.2,82.5,72.0
2024-06-05,61.8,82.8,72.0
2024-06-06,59.5,76.4,67.2
2024-06-07,55.5,68.0,61.9
2024-06-08,52.7,75.0,63.0
2024-06-09,52.3,72.9,62.3
2024-06-10,49.6,67.0,57.3
2024-06-11,45.0,70.9,59.9
2024-06-12,54.0,82.7,70.3
2024-06-13,66.0,87.2,75.4
2024-06-14,61.2,79.1,70.5
2024-06-15,52.0,78.3,66.3
2024-06-16,57.3,85.7,72.2
2024-06-17,72.9,90.0,81.2
2024-06-18,72.3,87.8,81.1
2024-06-19,73.5,88.6,80.6
2024-06-20,71.5,89.2,78.1
2024-06-21,66.1,88.1,75.9
2024-06-22,69.5,89.0,80.2
2024-06-23,67.2,80.8,75.2
2024-06-24,61.1,80.9,71.0
2024-06-25,66.1,80.2,72.6
2024-06-26,66.8,79.2,73.3
2024-06-27,58.8,72.1,64.8
2024-06-28,56.1,75.8,66.5
2024-06-29,68.6,86.9,76.3
2024-06-30,57.5,73.5,65.2
2024-07-01,51.1,73.8,62.3
2024-07-02,55.9,77.0,67.6
2024-07-03,68.6,83.5,75.5
2024-07-04,64.0,81.5,72.9
2024-07-05,62.2,79.6,70.5
2024-07-06,62.9,79.0,70.5
2024-07-07,57.4,81.0,70.5
2024-07-08,63.0,85.8,75.7
2024-07-09,69.3,80.4,73.3
2024-07-10,64.1,69.4,67.7
2024-07-11,61.5,80.2,71.0
2024-07-12,64.7,80.2,71.9
2024-07-13,63.3,84.0,74.8
2024-07-14,68.5,83.9,76.5
2024-07-15,71.1,85.6,76.9
2024-07-16,71.7,84.9,77.6
2024-07-17,65.5,80.3,72.7
2024-07-18,57.1,72.2,64.4
2024-07-19,52.8,77.4,66.5
2024-07-20,55.0,78.3,68.5
2024-07-21,61.0,81.2,71.4
2024-07-22,63.0,79.3,70.0
2024-07-23,61.1,82.0,72.1
2024-07-24,64.0,79.3,71.4
2024-07-25,60.0,76.9,68.4
2024-07-26,57.2,78.3,67.9
2024-07-27,56.0,80.6,69.1
2024-07-28,59.4,87.7,74.4
2024-07-29,70.1,85.1,75.8
2024-07-30,68.5,86.1,75.9
2024-07-31,66.1,89.2,77.8
2024-08-01,67.9,87.6,75.6
2024-08-02,69.6,81.5,74.2
2024-08-03,68.4,86.4,76.3
2024-08-04,62.2,87.3,75.6
2024-08-05,69.7,84.0,75.2
2024-08-06,63.0,70.0,66.2
2024-08-07,60.1,77.0,68.0
2024-08-08,60.2,81.1,70.3
2024-08-09,61.2,76.3,68.4
2024-08-10,56.9,72.4,64.7
2024-08-11,57.1,74.8,65.8
2024-08-12,55.2,78.0,67.2
2024-08-13,59.3,79.2,69.8
2024-08-14,58.7,82.1,70.8
2024-08-15,60.0,81.3,70.3
2024-08-16,65.8,81.4,71.1
2024-08-17,66.4,79.2,71.5
2024-08-18,64.0,77.0,69.3
2024-08-19,56.4,71.3,64.4
2024-08-20,52.5,69.4,60.5
2024-08-21,50.9,71.5,60.3
2024-08-22,49.2,75.3,63.3
2024-08-23,53.5,77.3,66.0
2024-08-24,56.5,83.0,70.6
2024-08-25,65.9,85.1,74.3
2024-08-26,66.6,90.3,78.9
2024-08-27,69.7,90.1,78.4
2024-08-28,69.6,85.4,76.3
2024-08-29,65.2,81.9,71.9
2024-08-30,66.0,88.6,75.7
2024-08-31,67.5,81.2,73.7
2024-09-01,61.0,76.2,68.8
2024-09-02,52.0,68.6,60.3
2024-09-03,48.6,72.6,60.6
2024-09-04,52.7,77.3,64.2
2024-09-05,56.7,81.9,69.6
2024-09-06,54.2,69.7,64.6
2024-09-07,47.6,58.9,53.2
2024-09-08,44.0,68.8,56.8
2024-09-09,55.1,76.6,65.1
2024-09-10,54.8,78.2,65.0
2024-09-11,58.3,81.9,68.8
2024-09-12,58.9,82.8,70.0
2024-09-13,62.0,80.6,70.1
2024-09-14,59.3,81.3,69.6
2024-09-15,61.0,82.5,69.9
2024-09-16,58.2,80.2,67.9
2024-09-17,56.5,78.1,66.4
2024-09-18,58.5,80.3,68.6
2024-09-19,57.7,80.3,68.8
2024-09-20,60.0,84.4,70.7
2024-09-21,59.6,82.9,70.6
2024-09-22,60.9,78.5,67.8
2024-09-23,56.0,68.8,63.5
2024-09-24,58.2,70.8,63.6
2024-09-25,60.5,74.3,66.2
2024-09-26,58.6,72.3,63.8
2024-09-27,58.5,71.9,65.4
2024-09-28,63.1,69.3,66.4
2024-09-29,63.1,72.1,67.6
2024-09-30,59.7,71.7,65.9
2024-10-01,52.7,75.7,62.6
2024-10-02,46.5,64.8,55.4
2024-10-03,50.5,72.9,59.9
2024-10-04,52.4,69.5,59.9
2024-10-05,49.5,65.8,57.3
2024-10-06,54.0,73.1,64.8
2024-10-07,46.5,62.2,53.7
2024-10-08,45.6,66.7,54.9
2024-10-09,40.8,60.8,50.2
2024-10-10,39.6,61.3,50.4
2024-10-11,46.6,73.7,60.1
2024-10-12,49.6,64.8,57.2
2024-10-13,46.1,55.3,51.3
2024-10-14,40.0,51.7,46.1
2024-10-15,37.0,49.1,42.8
2024-10-16,37.9,52.3,43.5
2024-10-17,35.2,57.7,45.5
2024-10-18,37.2,62.1,48.3
2024-10-19,39.6,66.2,52.2
2024-10-20,45.2,70.2,57.4
2024-10-21,54.0,73.1,61.5
2024-10-22,48.3,70.5,60.0
2024-10-23,45.5,66.3,59.4
2024-10-24,37.8,56.2,46.5
2024-10-25,43.4,63.3,51.1
2024-10-26,39.2,53.4,45.6
2024-10-27,32.9,54.3,44.0
2024-10-28,36.0,57.4,46.0
2024-10-29,48.3,73.8,64.5
2024-10-30,62.5,72.8,67.9
2024-10-31,52.3,72.6,65.0
2024-11-01,38.5,51.0,46.8
2024-11-02,33.6,52.4,42.2
2024-11-03,39.4,56.8,48.9
2024-11-04,55.0,68.8,62.3
2024-11-05,62.3,70.2,66.9
2024-11-06,49.7,65.7,60.0
2024-11-07,44.2,56.2,49.6
2024-11-08,42.9,56.9,48.8
2024-11-09,37.4,52.8,44.6
2024-11-10,44.7,61.8,52.4
2024-11-11,42.7,57.7,49.9
2024-11-12,35.3,46.8,41.0
2024-11-13,34.8,48.9,42.8
2024-11-14,43.1,48.2,45.8
2024-11-15,44.8,52.0,47.7
2024-11-16,38.4,51.4,46.3
2024-11-17,40.2,53.6,46.7
2024-11-18,44.3,55.7,49.8
2024-11-19,48.1,64.0,54.1
2024-11-20,34.9,47.8,42.6
2024-11-21,32.4,38.8,34.3
2024-11-22,32.5,46.5,39.7
2024-11-23,41.5,45.2,43.0
2024-11-24,38.1,45.5,41.2
2024-11-25,39.8,50.1,45.3
2024-11-26,32.6,42.8,38.2
2024-11-27,29.4,43.4,35.9
2024-11-28,28.9,36.6,33.4
2024-11-29,22.4,29.8,26.6
2024-11-30,21.6,24.8,22.7
2024-12-01,21.4,27.4,24.5
2024-12-02,22.4,32.3,26.2
2024-12-03,21.6,35.4,28.2
2024-12-04,22.3,36.5,29.2
2024-12-05,17.1,29.9,23.3
2024-12-06,16.2,29.3,23.4
2024-12-07,24.9,40.0,31.5
2024-12-08,36.3,47.4,40.4
2024-12-09,35.8,48.7,42.9
2024-12-10,33.2,43.9,39.0
2024-12-11,23.4,34.2,30.6
2024-12-12,10.8,22.5,15.1
2024-12-13,10.2,19.0,14.6
2024-12-14,14.1,34.0,24.3
2024-12-15,32.4,44.0,36.8
2024-12-16,36.0,50.5,44.0
2024-12-17,34.3,40.8,37.9
2024-12-18,30.3,37.2,33.6
2024-12-19,26.5,32.6,29.5
2024-12-20,22.8,32.8,29.7
2024-12-21,13.0,22.2,19.2
2024-12-22,6.4,24.6,16.5
2024-12-23,21.7,34.2,29.3
2024-12-24,30.6,37.0,32.9
2024-12-25,27.9,34.4,31.8
2024-12-26,33.2,38.2,35.3
2024-12-27,34.3,43.4,38.6
2024-12-28,39.9,54.9,48.5
2024-12-29,34.7,43.7,41.1
2024-12-30,32.8,46.7,38.2
2024-12-31,30.7,37.5,34.0
2025-01-01,27.5,33.2,31.0
2025-01-02,26.3,27.9,26.9
2025-01-03,20.0,27.6,24.2
2025-01-04,16.5,20.3,18.7
2025-01-05,13.4,20.8,17.8
2025-01-06,18.8,24.2,21.2
2025-01-07,15.2,26.2,22.3
2025-01-08,18.8,24.9,21.6
2025-01-09,6.6,25.2,17.3
2025-01-10,17.2,24.9,21.1
2025-01-11,21.9,29.9,25.7
2025-01-12,19.9,32.3,27.2
2025-01-13,15.0,30.7,20.7
2025-01-14,7.9,16.4,13.4
2025-01-15,9.3,18.4,15.2
2025-01-16,13.7,30.7,23.2
2025-01-17,23.6,35.1,29.9
2025-01-18,16.9,36.7,28.6
2025-01-19,3.6,18.3,12.2
2025-01-20,-2.9,6.3,2.5
2025-01-21,-6.9,3.2,0.0
2025-01-22,-9.9,13.9,0.8
2025-01-23,14.9,24.4,18.2
2025-01-24,7.8,17.2,13.0
2025-01-25,9.1,31.4,22.6
2025-01-26,18.3,28.3,23.7
2025-01-27,16.1,33.0,24.1
2025-01-28,23.8,37.8,31.6
2025-01-29,20.4,36.6,31.7
2025-01-30,18.8,42.3,30.3
2025-01-31,25.6,37.2,34.1
2025-02-01,16.5,25.3,21.9
2025-02-02,19.9,36.9,27.5
2025-02-03,31.1,44.3,35.9
2025-02-04,21.3,30.4,25.1
2025-02-05,15.4,25.2,21.1
2025-02-06,24.2,35.9,30.3
2025-02-07,14.3,29.5,22.0
2025-02-08,17.2,28.8,23.1
2025-02-09,15.6,27.2,23.1
2025-02-10,12.2,30.0,21.1
2025-02-11,13.7,29.2,21.6
2025-02-12,18.3,25.1,22.0
2025-02-13,17.0,26.9,22.0
2025-02-14,8.3,19.2,15.3
2025-02-15,20.2,33.7,27.8
2025-02-16,19.9,27.2,24.4
2025-02-17,6.1,19.4,13.0
2025-02-18,-1.9,12.6,5.8
2025-02-19,2.8,16.5,10.0
2025-02-20,10.4,20.4,15.8
2025-02-21,17.8,27.1,22.5
2025-02-22,16.3,26.1,21.0
2025-02-23,19.1,33.3,26.9
2025-02-24,28.4,43.2,36.1
2025-02-25,33.1,52.2,40.7
2025-02-26,26.7,35.7,32.4
2025-02-27,31.4,47.0,36.4
2025-02-28,25.9,55.0,39.0
2025-03-01,20.1,36.0,23.6
2025-03-02,17.1,29.6,23.6
2025-03-03,22.8,43.0,31.5
2025-03-04,31.9,50.7,39.5
2025-03-05,32.2,55.8,45.5
2025-03-06,25.3,34.8,28.9
2025-03-07,27.1,39.4,32.7
2025-03-08,19.1,37.3,29.8
2025-03-09,31.1,52.1,41.9
2025-03-10,35.2,62.9,48.7
2025-03-11,28.9,53.9,45.4
2025-03-12,26.9,46.5,35.2
2025-03-13,26.7,54.2,39.4
2025-03-14,34.9,67.4,51.6
2025-03-15,55.0,70.4,61.4
2025-03-16,30.0,54.8,46.4
2025-03-17,23.1,45.0,34.1
2025-03-18,37.0,65.8,51.0
2025-03-19,51.6,69.5,59.8
2025-03-20,29.1,54.3,40.5
2025-03-21,24.0,52.2,38.6
2025-03-22,25.8,45.7,37.5
2025-03-23,23.9,40.5,32.7
2025-03-24,30.4,40.0,35.7
2025-03-25,26.1,43.9,34.0
2025-03-26,25.6,43.2,33.1
2025-03-27,26.1,54.9,39.8
2025-03-28,37.6,66.8,53.5
2025-03-29,55.2,66.2,61.7
2025-03-30,54.9,71.5,60.4
2025-03-31,33.7,56.4,42.8
2025-04-01,22.9,41.9,32.7
2025-04-02,33.3,61.6,42.0
2025-04-03,41.9,63.3,55.2
2025-04-04,35.2,52.1,43.7
2025-04-05,41.0,52.8,44.8
2025-04-06,33.0,44.3,39.0
2025-04-07,23.0,45.2,34.2
2025-04-08,22.4,36.4,29.0
2025-04-09,22.5,45.2,33.8
2025-04-10,30.3,38.7,33.9
2025-04-11,27.3,48.5,37.3
2025-04-12,28.6,53.4,41.4
2025-04-13,37.0,56.2,47.0
2025-04-14,45.3,68.5,55.1
2025-04-15,37.1,46.8,41.4
2025-04-16,31.4,50.9,39.9
2025-04-17,28.8,59.9,46.0
2025-04-18,50.4,78.0,64.4
2025-04-19,45.3,67.0,59.2
2025-04-20,38.3,55.8,47.2
2025-04-21,45.0,68.0,55.6
2025-04-22,40.1,62.7,51.8
2025-04-23,50.5,73.7,60.2
2025-04-24,51.1,79.2,65.1
2025-04-25,51.2,74.9,61.5
2025-04-26,41.1,53.5,48.3
2025-04-27,37.5,62.3,50.1
2025-04-28,42.5,71.0,58.3
2025-04-29,48.4,79.3,66.5
2025-04-30,36.8,60.2,48.6
2025-05-01,47.1,74.3,57.6
2025-05-02,53.9,68.3,59.6
2025-05-03,44.4,57.4,50.3
2025-05-04,39.8,51.2,46.6
2025-05-05,48.3,68.0,56.6
2025-05-06,51.7,62.5,55.7
2025-05-07,48.8,71.6,59.6
2025-05-08,39.8,56.9,48.6
2025-05-09,35.3,60.3,48.4
2025-05-10,44.1,72.8,58.3
2025-05-11,43.7,65.8,54.6
2025-05-12,45.2,76.1,61.4
2025-05-13,58.8,71.1,64.1
2025-05-14,59.4,74.1,64.9
2025-05-15,58.2,78.9,68.8
2025-05-16,61.8,79.6,71.9
2025-05-17,55.1,61.8,57.8
2025-05-18,50.3,64.2,57.2
2025-05-19,45.0,59.3,52.6
2025-05-20,39.6,54.4,47.1
2025-05-21,48.7,57.8,52.0
2025-05-22,46.6,51.7,49.1
2025-05-23,39.0,54.3,47.6
2025-05-24,40.3,58.8,50.3
2025-05-25,42.9,62.4,53.1
2025-05-26,43.9,69.0,57.0
2025-05-27,50.3,69.8,60.5
2025-05-28,51.3,60.1,56.4
2025-05-29,51.1,67.7,58.8
2025-05-30,49.5,72.7,60.8
2025-05-31,49.3,62.8,55.1
2025-06-01,40.6,66.1,54.4
2025-06-02,44.1,78.4,63.3
2025-06-03,58.5,87.8,74.9
2025-06-04,65.2,84.4,74.4
2025-06-05,55.4,66.7,62.2
2025-06-06,58.0,73.4,64.7
2025-06-07,55.0,75.7,65.5
2025-06-08,57.3,74.6,65.6
2025-06-09,56.3,73.8,65.0
2025-06-10,54.0,71.3,62.2
2025-06-11,55.5,81.7,69.8
2025-06-12,60.8,79.4,69.0
2025-06-13,56.6,69.2,61.6
2025-06-14,55.7,74.7,64.3
2025-06-15,55.9,77.9,67.8
2025-06-16,59.5,82.1,70.5
2025-06-17,64.3,86.4,75.3
2025-06-18,67.2,84.3,73.9
2025-06-19,62.9,73.0,66.8
2025-06-20,60.5,78.6,70.5
2025-06-21,68.3,88.8,78.7
2025-06-22,76.3,92.5,84.1
2025-06-23,74.8,93.4,84.2
2025-06-24,74.4,92.6,82.6
2025-06-25,70.1,83.1,74.7
2025-06-26,65.1,86.0,75.0
2025-06-27,70.3,89.2,78.4
2025-06-28,66.6,79.2,73.3
2025-06-29,63.1,86.5,75.5
2025-06-30,70.0,82.8,75.3
2025-07-01,68.7,81.1,74.7
2025-07-02,62.8,83.1,73.6
2025-07-03,65.2,82.0,73.6
2025-07-04,63.3,85.7,75.4
2025-07-05,68.7,88.8,79.9
2025-07-06,71.5,89.7,79.5
2025-07-07,62.2,74.8,70.3
2025-07-08,57.7,82.5,71.3
2025-07-09,66.7,79.2,71.1
2025-07-10,64.6,82.1,73.2
2025-07-11,64.8,86.1,75.8
2025-07-12,71.4,85.3,76.7
2025-07-13,69.0,85.6,77.1
2025-07-14,63.7,84.6,74.4
2025-07-15,64.0,87.1,76.5
2025-07-16,70.9,84.3,76.7
2025-07-17,65.5,75.9,71.4
2025-07-18,57.2,76.6,67.2
2025-07-19,61.0,81.3,70.5
2025-07-20,65.0,78.4,72.5
2025-07-21,59.4,79.1,69.0
2025-07-22,54.9,81.6,69.0
2025-07-23,60.8,85.9,74.4
2025-07-24,72.9,93.6,81.7
2025-07-25,71.2,85.7,76.0
2025-07-26,69.2,82.6,75.2
2025-07-27,71.1,87.6,78.5
2025-07-28,69.5,88.2,77.7
2025-07-29,70.3,88.6,78.4
2025-07-30,61.4,87.3,74.9
2025-07-31,60.9,73.1,65.1
2025-08-01,56.1,73.4,65.1
2025-08-02,54.6,75.9,65.7
2025-08-03,57.0,78.4,68.1
2025-08-04,60.6,80.5,70.6
2025-08-05,64.7,82.8,73.0
2025-08-06,64.6,81.2,72.8
2025-08-07,65.5,83.2,74.3
2025-08-08,66.9,85.9,76.7
2025-08-09,69.6,87.4,78.9
2025-08-10,70.9,88.5,79.9
2025-08-11,71.5,86.9,79.3
2025-08-12,70.4,87.6,78.7
2025-08-13,68.1,82.5,74.4
2025-08-14,64.1,82.9,73.5
2025-08-15,65.1,84.8,75.0
2025-08-16,67.6,87.5,75.3
2025-08-17,63.2,81.7,74.1
2025-08-18,57.2,77.4,67.1
2025-08-19,63.5,80.0,69.3
2025-08-20,62.6,71.8,67.1
2025-08-21,62.2,73.5,67.7
2025-08-22,59.1,80.4,69.5
2025-08-23,62.2,78.4,69.8
2025-08-24,56.5,72.0,64.5
2025-08-25,53.6,67.7,60.8
2025-08-26,50.0,67.6,58.6
2025-08-27,48.4,71.5,60.6
2025-08-28,55.8,70.5,62.0
2025-08-29,49.5,65.5,57.3
2025-08-30,48.4,71.0,59.7
2025-08-31,49.2,74.4,62.1
2025-09-01,52.5,76.5,64.4
2025-09-02,55.9,76.9,66.3
2025-09-03,56.7,77.6,66.2
2025-09-04,50.4,63.8,57.8
2025-09-05,48.8,67.7,58.2
2025-09-06,49.7,63.7,56.7
2025-09-07,44.8,64.7,55.2
2025-09-08,45.6,66.7,56.0
2025-09-09,49.5,73.8,61.3
2025-09-10,53.8,76.1,64.1
2025-09-11,53.2,78.0,65.6
2025-09-12,53.3,79.0,66.4
2025-09-13,56.3,75.6,64.4
2025-09-14,56.0,79.8,67.8
2025-09-15,59.5,80.9,69.0
2025-09-16,57.3,80.4,68.1
2025-09-17,55.7,80.4,67.8
2025-09-18,58.0,83.9,70.4
2025-09-19,60.1,79.2,68.7
2025-09-20,58.7,77.3,66.8
2025-09-21,60.2,73.9,65.3
2025-09-22,63.0,78.9,68.9
2025-09-23,58.8,76.1,65.8
2025-09-24,60.7,72.3,65.2
2025-09-25,59.7,72.0,64.5
2025-09-26,55.5,75.7,65.1
2025-09-27,56.7,80.9,68.8
2025-09-28,61.0,79.0,68.8
2025-09-29,54.0,80.1,66.6
2025-09-30,56.4,79.9,66.9
2025-10-01,55.2,73.5,62.8
2025-10-02,48.8,76.8,61.4
2025-10-03,49.5,84.7,66.8
2025-10-04,59.2,85.4,71.7
2025-10-05,60.2,84.0,71.4
2025-10-06,60.5,82.9,70.7
2025-10-07,50.5,67.9,60.5
2025-10-08,45.0,58.5,51.1
2025-10-09,39.1,59.0,48.3
2025-10-10,38.9,65.9,52.9
2025-10-11,46.3,60.2,54.0
2025-10-12,44.9,69.2,55.6
2025-10-13,49.7,71.6,59.6
2025-10-14,48.8,71.2,58.7
2025-10-15,47.3,61.4,54.0
2025-10-16,40.9,62.0,50.3
2025-10-17,43.5,66.6,54.9
2025-10-18,54.4,80.0,64.6
2025-10-19,48.4,63.6,56.1
2025-10-20,41.5,59.8,50.3
2025-10-21,43.7,60.5,50.6
2025-10-22,42.4,50.4,45.7
2025-10-23,39.1,51.1,44.3
2025-10-24,37.3,49.3,43.0
2025-10-25,33.0,54.6,43.3
2025-10-26,36.5,52.8,43.4
2025-10-27,35.6,54.6,43.7
2025-10-28,40.7,55.9,46.8
2025-10-29,40.3,54.9,46.5
2025-10-30,39.5,51.6,45.1
2025-10-31,36.0,52.2,44.5
2025-11-01,37.0,51.6,43.0
2025-11-02,29.7,53.8,41.7
2025-11-03,41.2,57.3,47.5
2025-11-04,38.6,58.8,47.6
2025-11-05,39.9,58.6,49.2
2025-11-06,31.7,52.0,42.0
2025-11-07,42.1,57.4,48.3
2025-11-08,36.2,43.5,39.9
2025-11-09,29.2,35.5,32.8
2025-11-10,20.0,29.6,24.5
2025-11-11,22.4,32.2,28.7
2025-11-12,33.3,47.4,39.5
2025-11-13,33.0,50.6,39.9
2025-11-14,35.2,57.5,44.3
2025-11-15,43.4,65.8,53.9
2025-11-16,34.3,47.0,40.6
2025-11-17,28.0,42.8,34.0
2025-11-18,26.4,36.2,32.0
2025-11-19,29.2,42.9,35.2
2025-11-20,30.6,45.8,39.2
2025-11-21,40.5,50.0,45.0
2025-11-22,28.2,42.8,36.8
2025-11-23,35.9,51.7,42.4
2025-11-24,26.2,47.2,37.4
2025-11-25,41.7,51.0,45.8
2025-11-26,30.9,49.0,38.6
2025-11-27,25.6,33.6,30.1
2025-11-28,24.4,31.3,27.8
2025-11-29,27.2,29.5,28.2
2025-11-30,22.5,34.1,30.0
2025-12-01,12.4,27.2,21.3
2025-12-02,19.9,28.9,24.8
2025-12-03,16.2,27.1,22.1
2025-12-04,6.3,27.8,17.1
2025-12-05,3.4,25.2,15.1
2025-12-06,24.9,32.1,28.7
2025-12-07,13.8,28.7,23.8
2025-12-08,9.0,23.0,14.8
2025-12-09,13.0,33.3,24.1
2025-12-10,22.1,36.4,31.4
2025-12-11,19.3,24.4,21.7
2025-12-12,21.0,27.3,24.4
2025-12-13,8.9,27.0,20.0
2025-12-14,2.0,17.9,10.9
2025-12-15,11.3,16.4,14.3
2025-12-16,13.8,31.0,22.1
2025-12-17,30.6,39.9,34.8
2025-12-18,30.7,51.3,41.6
2025-12-19,19.8,34.7,24.2
2025-12-20,18.2,41.2,30.0
2025-12-21,18.4,32.3,24.3
2025-12-22,21.4,36.0,29.9
2025-12-23,33.0,49.7,39.6
2025-12-24,28.6,37.0,32.2
2025-12-25,29.1,38.4,34.1
2025-12-26,28.7,35.4,32.1
2025-12-27,28.9,34.2,31.9
2025-12-28,31.1,55.8,40.3
2025-12-29,19.6,45.3,26.6
2025-12-30,19.0,23.1,20.6
2025-12-31,14.1,28.9,22.9
2026-01-01,9.3,19.6,15.0
2026-01-02,13.1,19.7,18.3
2026-01-03,11.9,23.5,18.6
2026-01-04,23.3,25.6,24.5
2026-01-05,25.2,36.2,30.1
2026-01-06,29.0,38.3,33.7
2026-01-07,33.3,39.0,36.5
2026-01-08,31.5,49.9,40.1
2026-01-09,34.8,56.4,47.0
2026-01-10,28.8,40.1,33.4
2026-01-11,24.8,31.8,28.1
2026-01-12,24.4,36.7,30.0
2026-01-13,30.5,44.0,36.4
2026-01-14,12.3,40.0,28.3
2026-01-15,7.4,19.3,13.4
2026-01-16,16.1,31.2,22.8
2026-01-17,10.0,30.6,21.4
2026-01-18,9.3,16.5,13.1
2026-01-19,4.9,16.7,12.5
2026-01-20,2.3,12.6,6.6
2026-01-21,8.4,30.4,21.3
2026-01-22,16.5,25.0,20.3
2026-01-23,-8.9,15.4,1.7
2026-01-24,-12.2,4.3,-3.3
2026-01-25,4.5,14.2,10.0
2026-01-26,-0.0,15.8,10.9
2026-01-27,-0.9,17.0,7.4
2026-01-28,-0.2,13.2,9.1
2026-01-29,1.8,13.4,6.9
2026-01-30,-4.3,14.5,3.9
2026-01-31,1.0,15.5,9.9
2026-02-01,-3.3,23.6,8.7
2026-02-02,5.8,24.4,16.2
2026-02-03,10.8,25.9,21.6
2026-02-04,8.5,19.2,14.6
2026-02-05,1.7,20.1,13.9
2026-02-06,10.4,31.8,22.6
